Mass Number (AAA),"Atomic Number (ZZZ); i=0 (gs); i=1,2 (isomers); i=3,4 (levels); i=5 (resonance); i=8,9 (IAS); i=3,4,5,6 can also indicate isomers (when more than two isomers are presented in a nuclide)",Element ,"s=m,n (isomers); s=p,q (levels); s=r (reonance); s=i,j (IAS); s=p,q,r,x can also indicate isomers (when more than two isomers are presented in a nuclide)",Mass Excess in keV (# from systematics),Mass Excess uncertainty in keV (# from systematics),Isomer Excitation Energy in keV (# from systematics),Isomer Excitation Energy uncertainty in keV (# from systematics),Origin of Excitation Energy,Isom.Unc = *  (gs and isomer ordering is uncertain) ,Isom.Inv = &  (the ordering of gs and isomer is reversed compared to ENSDF) ,Half-life (# from systematics); stbl=stable; p-unst=particle unstable,Half-life unit ,Half-life uncertainty,Spin and Parity (* directly measured; # from systematics; T=isospin),Ensdf update year ,Year of Discovery,Decay Modes and their Intensities and Uncertanties in %; IS = Isotopic Abundance in %
1,0,1n   ,  ,  8071.3181  ,   0.0004  ,            ,           ,  , , , 609.8   , s, 0.6    ,1/2+*         ,6,1932, B-=100
1,10,1H   ,  ,  7288.971064,   0.000013,            ,           ,  , , , stbl    ,  ,        ,1/2+*         ,6,1920, IS=99.9855 78
2,10,2H   ,  , 13135.722895,   0.000015,            ,           ,  , , , stbl    ,  ,        ,1+*           ,3,1932, IS=0.0145 78
3,10,3H   ,  , 14949.81090 ,   0.00008 ,            ,           ,  , , ,  12.32  , y, 0.02   ,1/2+*         ,0,1934, B-=100
3,20,3He  ,  , 14931.21888 ,   0.00006 ,            ,           ,  , , , stbl    ,  ,        ,1/2+*         ,98,1934, IS=0.0002 2
3,30,3Li  ,  , 28670#      ,2000#      ,            ,           ,  , , , p-unst  ,  ,        ,3/2-#         ,98,, p ?
4,10,4H   ,  , 24620       , 100       ,            ,           ,  , , , 139     ,ys, 10     ,2-            ,98,1981, n=100
4,20,4He  ,  ,  2424.91587 ,   0.00015 ,            ,           ,  , , , stbl    ,  ,        ,0+            ,98,1908, IS=99.9998 2
4,30,4Li  ,  , 25320       , 210       ,            ,           ,  , , ,  91     ,ys, 9      ,2-            ,98,1965, p=100
5,10,5H   ,  , 32890       ,  90       ,            ,           ,  , , ,  86     ,ys, 6      ,(1/2+)        ,19,1987, 2n=100
5,20,5He  ,  , 11231       ,  20       ,            ,           ,  , , , 602     ,ys, 22     ,3/2-          ,2,1937, n=100
5,30,5Li  ,  , 11680       ,  50       ,            ,           ,  , , , 370     ,ys, 30     ,3/2-          ,2,1941, p=100
5,40,5Be  ,  , 37140#      ,2000#      ,            ,           ,  , , , p-unst  ,  ,        ,1/2+#         ,18,, p ?
6,10,6H   ,  , 41880       , 250       ,            ,           ,  , , , 294     ,ys, 67     ,2-#           ,19,1984, n ?;3n ?
6,20,6He  ,  , 17592.10    ,   0.05    ,            ,           ,  , , , 806.92  ,ms, 0.24   ,0+            ,2,1936, B-=100;B-d=0.000278 18
6,30,6Li  ,  , 14086.8804  ,   0.0014  ,            ,           ,  , , , stbl    ,  ,        ,1+*           ,2,1921, IS=4.85 171
6,38,6Li  ,i , 17649.76    ,   0.10    , 3562.88    ,   0.10    ,  , , ,  56     ,as, 14     ,0+      T=1   ,2,1981, IT=100
6,40,6Be  ,  , 18375       ,   5       ,            ,           ,  , , ,   5.0   ,zs, 0.3    ,0+            ,2,1958, 2p=100
6,50,6B   ,  , 47320#      ,2000#      ,            ,           ,  , , , p-unst  ,  ,        ,2-#           ,,, 2p ?
7,10,7H   ,  , 49140#      ,1000#      ,            ,           ,  , , , 652     ,ys, 558    ,1/2+#         ,17,2003, 2n ?
7,20,7He  ,  , 26073       ,   8       ,            ,           ,  , , ,   2.51  ,zs, 0.07   ,(3/2)-        ,3,1967, n=100
7,30,7Li  ,  , 14907.105   ,   0.004   ,            ,           ,  , , , stbl    ,  ,        ,3/2-*         ,3,1921, IS=95.15 171
7,38,7Li  ,i , 26150       ,  30       ,11250       ,  30       ,RQ, , ,         ,  ,        ,3/2-    T=3/2 ,3,, 
7,40,7Be  ,  , 15769.00    ,   0.07    ,            ,           ,  , , ,  53.22  , d, 0.06   ,3/2-          ,3,1938, EC=100
7,48,7Be  ,i , 26750       ,  30       ,10980       ,  30       ,RQ, , ,         ,  ,        ,3/2-    T=3/2 ,3,, p ?;3He ?;A ?
7,50,7B   ,  , 27677       ,  25       ,            ,           ,  , , , 570     ,ys, 14     ,(3/2-)        ,14,1967, p=100
8,20,8He  ,  , 31609.68    ,   0.09    ,            ,           ,  , , , 119.5   ,ms, 1.5    ,0+            ,5,1965, B-=100;B-n=16 1;B-t=0.9 1
8,30,8Li  ,  , 20945.80    ,   0.05    ,            ,           ,  , , , 838.7   ,ms, 0.3    ,2+            ,5,1935, B-=100;B-A=100
8,38,8Li  ,i , 31768       ,   5       ,10822       ,   5       ,RQ, , ,         ,  ,        ,0+      T=2   ,5,, 
8,40,8Be  ,  ,  4941.67    ,   0.04    ,            ,           ,  , , ,  81.9   ,as, 3.7    ,0+            ,5,1932, A=100
8,48,8Be  ,i , 21568       ,   3       ,16626       ,   3       ,  , , ,         ,  ,        ,2+  frg T=1   ,,2004, A~100
8,49,8Be  ,j , 32436.0     ,   2.0     ,27494.3     ,   2.0     ,RQ, , ,         ,  ,        ,0+      T=2   ,5,, n=39.4;d=27.0;3H=11.7;A=7.9;p=6.9;3He=6.6;IT=0.60
8,50,8B   ,  , 22921.6     ,   1.0     ,            ,           ,  , , , 771.9   ,ms, 0.9    ,2+            ,5,1950, B+=100;B+A=100
8,58,8B   ,i , 33546       ,   8       ,10624       ,   8       ,RQ, , ,         ,  ,        ,0+      T=2   ,5,1975, 
8,60,8C   ,  , 35064       ,  18       ,            ,           ,  , , ,   3.5   ,zs, 1.4    ,0+            ,18,1974, 2p=100
9,20,9He  ,  , 40940       ,  50       ,            ,           ,  , , ,   2.5   ,zs, 2.3    ,1/2(+)        ,6,1987, n=100
9,30,9Li  ,  , 24954.91    ,   0.19    ,            ,           ,  , , , 178.2   ,ms, 0.4    ,3/2-          ,6,1951, B-=100;B-n=50.5 10
9,40,9Be  ,  , 11348.45    ,   0.08    ,            ,           ,  , , , stbl    ,  ,        ,3/2-*         ,6,1921, IS=100
9,48,9Be  ,i , 25738.8     ,   1.7     ,14390.3     ,   1.7     ,RQ, , ,   1.25  ,as, 0.10   ,3/2-    T=3/2 ,6,1976, 
9,50,9B   ,  , 12416.5     ,   0.9     ,            ,           ,  , , , 800     ,zs, 300    ,3/2-          ,6,1940, p=100
9,58,9B   ,i , 27071.0     ,   2.3     ,14654.5     ,   2.5     ,RQ, , ,         ,  ,        ,3/2-    T=3/2 ,6,, 
9,60,9C   ,  , 28911.0     ,   2.1     ,            ,           ,  , , , 126.5   ,ms, 0.9    ,3/2-          ,6,1964, B+=100;B+p=7.5 6;B+A=38.4 16
10,20,10He ,  , 49200       ,  90       ,            ,           ,  , , , 260     ,ys, 40     ,0+            ,7,1994, 2n=100
10,30,10Li ,  , 33053       ,  13       ,            ,           ,  , , ,   2.0   ,zs, 0.5    ,"(1-,2-)       ",7,1975, n=100
10,31,10Li ,m , 33250       ,  40       ,  200       ,  40       ,RQ, , ,   3.7   ,zs, 1.5    ,1+            ,7,1994, IT=100
10,32,10Li ,n , 33530       ,  40       ,  480       ,  40       ,RQ, , ,   1.35  ,zs, 0.24   ,(2+)          ,7,1993, IT=100
10,40,10Be ,  , 12607.49    ,   0.08    ,            ,           ,  , , ,   1.387 ,My, 0.012  ,0+            ,7,1935, B-=100
10,48,10Be ,i , 33787       ,  21       ,21179       ,  21       ,RQ, , ,         ,  ,        ,(2-)    T=2   ,7,, n ?;p ?;3H ?
10,50,10B  ,  , 12050.611   ,   0.015   ,            ,           ,  , , , stbl    ,  ,        ,3+*           ,7,1920, IS=19.65 44
10,58,10B  ,i , 13790.66    ,   0.04    , 1740.05    ,   0.04    ,  , , ,         ,  ,        ,0+      T=1   ,7,, IT=100
10,60,10C  ,  , 15698.67    ,   0.07    ,            ,           ,  , , ,  19.3011, s, 0.0015 ,0+            ,7,1949, B+=100
10,70,10N  ,  , 38800       , 400       ,            ,           ,  , , , 143     ,ys, 36     ,"1-,2-         ",17,2002, p ?
11,30,11Li ,  , 40728.3     ,   0.6     ,            ,           ,  , , ,   8.75  ,ms, 0.06   ,3/2-*         ,12,1966, B-=100;B-n=86.3 9;B-2n=4.1 4;B-3n=1.9 2;B-A=1.7 3;B-d=0.0130 13;B-t=0.0093 8
11,40,11Be ,  , 20177.17    ,   0.24    ,            ,           ,  , , ,  13.76  , s, 0.07   ,1/2+*         ,12,1958, B-=100;B-A=3.3 1;B-p=0.0013 3;B-n ?
11,48,11Be ,i , 41336       ,  20       ,21158       ,  20       ,RQ, , ,   0.93  ,zs, 0.13   ,3/2-    T=5/2 ,,1997, IT ?
11,50,11B  ,  ,  8667.708   ,   0.012   ,            ,           ,  , , , stbl    ,  ,        ,3/2-*         ,12,1920, IS=80.35 44
11,58,11B  ,i , 21228       ,   9       ,12560       ,   9       ,RQ, , ,         ,  , T=3/2  ,"1/2+,(3/2+)   ",12,1963, 
11,59,11B  ,j , 42230       ,  80       ,33570       ,  80       ,2p, , ,         ,  ,        ,3/2-    T=5/2 ,,, 
11,60,11C  ,  , 10649.40    ,   0.06    ,            ,           ,  , , ,  20.3402, m, 0.0053 ,3/2-*         ,12,1934, B+=100
11,68,11C  ,i , 22810       ,  40       ,12160       ,  40       ,RQ, , ,         ,  ,        ,1/2+    T=3/2 ,12,1971, p=?
11,70,11N  ,  , 24366       ,   5       ,            ,           ,  , , , 585     ,ys, 7      ,1/2+          ,12,1974, p=100
11,71,11N  ,m , 25110       ,  60       ,  740       ,  60       ,  , , , 690     ,ys, 80     ,1/2-          ,12,1974, p=100
11,80,11O  ,  , 47740       ,  60       ,            ,           ,  , , , 198     ,ys, 12     ,(3/2-)        ,20,2019, 2p=100
12,30,12Li ,  , 49010       ,  30       ,            ,           ,  , , ,         ,  ,        ,"(1-,2-)       ",17,2008, n ?
12,40,12Be ,  , 25077.8     ,   1.9     ,            ,           ,  , , ,  21.46  ,ms, 0.05   ,0+            ,17,1966, B-=100;B-n=0.50 3
12,41,12Be ,m , 27328.8     ,   2.1     , 2251       ,   1       ,  , , , 233     ,ns, 7      ,0+            ,17,2007, IT=100
12,50,12B  ,  , 13369.4     ,   1.3     ,            ,           ,  , , ,  20.20  ,ms, 0.02   ,1+*           ,17,1935, B-=100;B-A=0.60 2
12,58,12B  ,i , 26088       ,  19       ,12719       ,  19       ,RQ, , ,         ,  ,        ,0+      T=2   ,17,, 
12,60,12C  ,  ,     0.0     ,   0.0     ,            ,           ,  , , , stbl    ,  ,        ,0+            ,17,1919, IS=98.94 6
12,68,12C  ,i , 15108       ,   3       ,15108       ,   3       ,RQ, , ,         ,  ,        ,1+      T=1   ,17,, IT=?;A ?
12,69,12C  ,j , 27595.0     ,   2.4     ,27595.0     ,   2.4     ,RQ, , ,         ,  ,        ,0+      T=2   ,17,, 
12,70,12N  ,  , 17338.1     ,   1.0     ,            ,           ,  , , ,  11.000 ,ms, 0.016  ,1+*           ,17,1949, B+=100;B+A=1.93 4
12,78,12N  ,i , 29580       ,   4       ,12242       ,   4       ,2p, , ,  >5     ,zs,        ,(0+)    T=2   ,17,, 
12,80,12O  ,  , 32013       ,  12       ,            ,           ,  , , ,   8.9   ,zs, 3.3    ,0+            ,17,1978, 2p=100
13,30,13Li ,  , 56980       ,  70       ,            ,           ,  , , ,   3.3   ,zs, 1.2    ,3/2-#         ,,2008, 2n=100
13,40,13Be ,  , 33659       ,  10       ,            ,           ,  , , ,   1.0   ,zs, 0.7    ,(1/2-)        ,,1983, n ?
13,43,13Be ,p , 35160       ,  50       , 1500       ,  50       ,RQ, , ,         ,  ,        ,(5/2+)        ,,1992, 
13,50,13B  ,  , 16561.9     ,   1.0     ,            ,           ,  , , ,  17.16  ,ms, 0.18   ,3/2-          ,0,1956, B-=100;B-n=0.266 36
13,60,13C  ,  ,  3125.0093  ,   0.0002  ,            ,           ,  , , , stbl    ,  ,        ,1/2-*         ,1,1929, IS=1.06 6
13,68,13C  ,i , 18233.8     ,   1.1     ,15108.8     ,   1.1     ,RQ, , ,         ,  ,        ,3/2-    T=3/2 ,0,, IT=0.82 7;n ?;A ?
13,70,13N  ,  ,  5345.48    ,   0.27    ,            ,           ,  , , ,   9.965 , m, 0.004  ,1/2-*         ,0,1934, B+=100
13,78,13N  ,i , 20410.59    ,   0.18    ,15065.1     ,   0.3     ,RQ, , ,         ,  ,        ,3/2-    T=3/2 ,0,, IT=4.9 3;p ?;A ?
13,80,13O  ,  , 23115       ,  10       ,            ,           ,  , , ,   8.58  ,ms, 0.05   ,(3/2-)        ,0,1963, B+=100;B+p=10.9 2
13,90,13F  ,  , 42030#      , 500#      ,            ,           ,  , , ,         ,  ,        ,1/2+#         ,,, p ?
14,40,14Be ,  , 39950       , 130       ,            ,           ,  , , ,   4.53  ,ms, 0.27   ,0+            ,1,1973, B-=100;B-n=86 6;B-2n=5 2;B-t=0.02 1;B-A<0.004
14,43,14Be ,p , 41470       ,  60       , 1520       , 150       ,RQ, , ,         ,  ,        ,(2+)          ,,1995, 
14,50,14B  ,  , 23664       ,  21       ,            ,           ,  , , ,  12.36  ,ms, 0.29   ,2-            ,1,1966, B-=100;B-n=6.04 23;B-2n ?
14,58,14B  ,i , 40728       ,  20       ,17065       ,  29       ,RQ, , ,   4.15  ,zs, 1.9    ,0+      T=3   ,,2001, IT ?
14,60,14C  ,  ,  3019.893   ,   0.004   ,            ,           ,  , , ,   5.70  ,ky, 0.03   ,0+            ,1,1936, B-=100
14,68,14C  ,i , 25120       , 100       ,22100       , 100       ,  , , ,         ,  ,        ,(2-)    T=2   ,1,1989, IT=100
14,70,14N  ,  ,  2863.4168  ,   0.0002  ,            ,           ,  , , , stbl    ,  ,        ,1+*           ,1,1920, IS=99.6205 247
14,78,14N  ,i ,  5176.007   ,   0.010   , 2312.590   ,   0.010   ,  , , ,         ,  ,        ,0+      T=1   ,1,1963, IT=100
14,80,14O  ,  ,  8007.781   ,   0.025   ,            ,           ,  , , ,  70.621 , s, 0.011  ,0+            ,1,1949, B+=100
14,90,14F  ,  , 31960       ,  40       ,            ,           ,  , , , 500     ,ys, 60     ,2-            ,14,2010, p ?
15,40,15Be ,  , 49830       , 170       ,            ,           ,  , , , 790     ,ys, 270    ,(5/2+)        ,15,2013, n=100
15,50,15B  ,  , 28957       ,  21       ,            ,           ,  , , ,  10.18  ,ms, 0.35   ,3/2-          ,2,1966, B-=100;B-n=98.7 10;B-2n<1.5
15,60,15C  ,  ,  9873.1     ,   0.8     ,            ,           ,  , , ,   2.449 , s, 0.005  ,1/2+          ,2,1950, B-=100
15,70,15N  ,  ,   101.4381  ,   0.0006  ,            ,           ,  , , , stbl    ,  ,        ,1/2-*         ,2,1929, IS=0.3795 247
15,78,15N  ,i , 11717       ,   4       ,11615       ,   4       ,RQ, , ,         ,  ,        ,1/2+    T=3/2 ,2,, n ?;p ?;IT=0.00523 19
15,80,15O  ,  ,  2855.6     ,   0.5     ,            ,           ,  , , , 122.266 , s, 0.043  ,1/2-*         ,2,1934, B+=100
15,88,15O  ,i , 14020#      ,  40#      ,11165#      ,  35#      ,  , , ,         ,  ,        ,(1/2+)  T=3/2 ,2,, p=100
15,90,15F  ,  , 16567       ,  14       ,            ,           ,  , , ,   1.1   ,zs, 0.3    ,1/2+          ,16,1978, p=100
15,100,15Ne ,  , 40220       ,  70       ,            ,           ,2p, , , 770     ,ys, 300    ,(3/2-)        ,14,2014, 2p=100
16,40,16Be ,  , 57450       , 170       ,            ,           ,  , , , 650     ,ys, 130    ,0+            ,15,2012, 2n=100
16,50,16B  ,  , 37112       ,  25       ,            ,           ,  , , ,  >4.6   ,zs,        ,0-#           ,16,2000, n ?
16,60,16C  ,  , 13694       ,   4       ,            ,           ,  , , , 750     ,ms, 6      ,0+            ,99,1961, B-=100;B-n=99.0 3
16,70,16N  ,  ,  5683.9     ,   2.3     ,            ,           ,  , , ,   7.13  , s, 0.02   ,2-            ,99,1933, B-=100;B-A=0.00154 5
16,71,16N  ,m ,  5804.3     ,   2.3     ,  120.42    ,   0.12    ,  , , ,   5.25  ,us, 0.06   ,0-      T=1   ,99,1957, IT~100;B-=0.000389 25
16,78,16N  ,i , 15613       ,   7       , 9929       ,   7       ,RQ, , ,         ,  ,        ,0+      T=2   ,99,, 
16,80,16O  ,  , -4737.0021  ,   0.0003  ,            ,           ,  , , , stbl    ,  ,        ,0+            ,99,1919, IS=99.757 11
16,83,16O  ,p ,  8231.60    ,   0.27    ,12968.6     ,   0.27    ,  , , ,         ,  ,        ,2-            ,99,, p=78 4;A=22 4;IT=0.28 3
16,88,16O  ,i ,  8059       ,   4       ,12796       ,   4       ,RQ, , ,         ,  ,        ,0-      T=1   ,99,, IT=100
16,89,16O  ,j , 17984       ,   4       ,22721       ,   4       ,RQ, , ,         ,  ,        ,0+      T=2   ,99,, 
16,90,16F  ,  , 10675       ,   5       ,            ,           ,  , , ,  21     ,zs, 5      ,0-            ,99,1964, p=100
16,100,16Ne ,  , 23987       ,  20       ,            ,           ,  , , ,  >5.7   ,zs,        ,0+            ,99,1977, 2p=100
17,50,17B  ,  , 43720       , 200       ,            ,           ,  , , ,   5.08  ,ms, 0.05   ,(3/2-)        ,99,1973, B-=100;B-n=63 1;B-2n=12 2;B-3n=3.5 7;B-4n=0.4 3                                                
17,60,17C  ,  , 21032       ,  17       ,            ,           ,  , , , 193     ,ms, 6      ,3/2+          ,17,1968, B-=100;B-n=28.4 13;B-2n ?
17,70,17N  ,  ,  7870       ,  15       ,            ,           ,  , , ,   4.173 , s, 0.004  ,1/2-          ,99,1949, B-=100;B-n=95.1 7;B-A=0.0025 4
17,80,17O  ,  ,  -808.7642  ,   0.0006  ,            ,           ,  , , , stbl    ,  ,        ,5/2+*         ,99,1925, IS=0.03835 96
17,88,17O  ,i , 10270.02    ,   0.17    ,11078.78    ,   0.17    ,RQ, , ,         ,  ,        ,1/2-    T=3/2 ,99,, B- ?;n ?;IT=0.42 14
17,90,17F  ,  ,  1951.70    ,   0.25    ,            ,           ,  , , ,  64.370 , s, 0.027  ,5/2+          ,99,1934, B+=100
17,98,17F  ,i , 13144.7     ,   1.9     ,11193.0     ,   1.9     ,RQ, , ,         ,  ,        ,1/2-    T=3/2 ,99,, 
17,100,17Ne ,  , 16500.5     ,   0.4     ,            ,           ,  , , , 109.2   ,ms, 0.6    ,1/2-*         ,99,1963, B+=100;B+p=94.4 29;B+A=3.51 1;B+pA=0.014 4
17,110,17Na ,  , 34720       ,  60       ,            ,           ,  , , ,         ,  ,        ,(1/2+)        ,17,2017, p=100
18,50,18B  ,  , 51790       , 200       ,            ,           ,  , , ,         ,  , <26 ns ,(2-)          ,16,2010, n=100
18,60,18C  ,  , 24920       ,  30       ,            ,           ,  , , ,  92     ,ms, 2      ,0+            ,17,1969, B-=100;B-n=31.5 15;B-2n ?
18,70,18N  ,  , 13113       ,  19       ,            ,           ,  , , , 619.2   ,ms, 1.9    ,1-            ,96,1964, B-=100;B-n=7.0 15;B-A=12.2 6;B-2n ?
18,80,18O  ,  ,  -782.8163  ,   0.0006  ,            ,           ,  , , , stbl    ,  ,        ,0+            ,96,1929, IS=0.2045 102
18,88,18O  ,i , 15495       ,  20       ,16278       ,  20       ,  , , ,         ,  ,        ,1-      T=2   ,,, 
18,90,18F  ,  ,   873.1     ,   0.5     ,            ,           ,  , , , 109.734 , m, 0.008  ,1+            ,96,1937, B+=100
18,91,18F  ,m ,  1994.5     ,   0.5     , 1121.36    ,   0.15    ,  , , , 162     ,ns, 7      ,5+            ,96,, IT=100
18,98,18F  ,i ,  1914.7     ,   0.5     , 1041.55    ,   0.08    ,  , , ,         ,  ,        ,0+      T=1   ,96,, IT=100
18,100,18Ne ,  ,  5317.6     ,   0.4     ,            ,           ,  , , ,1664.20  ,ms, 0.47   ,0+            ,96,1954, B+=100
18,110,18Na ,  , 25040       ,  90       ,            ,           ,  , , ,   1.3   ,zs, 0.4    ,1-#           ,15,2004, p=?
19,50,19B  ,  , 59770       , 530       ,            ,           ,  , , ,   2.92  ,ms, 0.13   ,(3/2-)        ,18,1984, B-=100;B-n=71 9;B-2n=17 5;B-3n<9.1
19,60,19C  ,  , 32410       , 100       ,            ,           ,  , , ,  46.2   ,ms, 2.3    ,1/2+          ,17,1974, B-=100;B-n=47 3;B-2n=7 3
19,70,19N  ,  , 15856       ,  16       ,            ,           ,  , , , 336     ,ms, 3      ,1/2-          ,96,1968, B-=100;B-n=41.8 9
19,80,19O  ,  ,  3332.9     ,   2.6     ,            ,           ,  , , ,  26.470 , s, 0.006  ,5/2+          ,96,1936, B-=100
19,90,19F  ,  , -1487.4451  ,   0.0008  ,            ,           ,  , , , stbl    ,  ,        ,1/2+*         ,96,1920, IS=100
19,98,19F  ,i ,  6052.2     ,   0.9     , 7539.6     ,   0.9     ,  , , ,         ,  ,        ,5/2+    T=3/2 ,96,, IT=100
19,100,19Ne ,  ,  1752.05    ,   0.16    ,            ,           ,  , , ,  17.2569, s, 0.0019 ,1/2+*         ,96,1939, B+=100
19,108,19Ne ,i ,  9253       ,   9       , 7501       ,   9       ,RQ, , ,         ,  ,        ,(5/2)+  T=3/2 ,96,, 
19,110,19Na ,  , 12929       ,  11       ,            ,           ,  , , ,  >1     ,as,        ,(5/2+)        ,15,1969, p=100
19,120,19Mg ,  , 31840       ,  60       ,            ,           ,  , , ,   5     ,ps, 3      ,1/2-#         ,14,2007, 2p=100
20,50,20B  ,  , 69400       , 550       ,            ,           ,  , , ,>912.4   ,ys,        ,"(1-,2-)       ",19,2018, n=100;B-n ?;B-2n ?
20,60,20C  ,  , 37500       , 230       ,            ,           ,  , , ,  16     ,ms, 3      ,0+            ,17,1981, B-=100;B-n=70 11;B-2n<18.6
20,70,20N  ,  , 21770       ,  80       ,            ,           ,  , , , 136     ,ms, 3      ,(2-)          ,18,1969, B-=100;B-n=42.9 14;B-2n ?
20,80,20O  ,  ,  3796.2     ,   0.9     ,            ,           ,  , , ,  13.51  , s, 0.05   ,0+            ,98,1959, B-=100
20,90,20F  ,  ,   -17.463   ,   0.030   ,            ,           ,  , , ,  11.0062, s, 0.0080 ,2+            ,98,1935, B-=100
20,98,20F  ,i ,  6503       ,   3       , 6521       ,   3       ,RQ, , ,         ,  ,        ,0+      T=2   ,98,, 
20,100,20Ne ,  , -7041.9322  ,   0.0015  ,            ,           ,  , , , stbl    ,  ,        ,0+            ,98,1913, IS=90.48 3
20,108,20Ne ,i ,  3230.5     ,   2.0     ,10272.5     ,   2.0     ,RQ, , ,         ,  ,        ,2+      T=1   ,98,, IT=100
20,109,20Ne ,j ,  9690.9     ,   2.8     ,16732.8     ,   2.8     ,RQ, , ,         ,  ,        ,0+      T=2   ,98,, IT=100
20,110,20Na ,  ,  6850.5     ,   1.1     ,            ,           ,  , , , 447.9   ,ms, 2.3    ,2+*           ,98,1950, B+=100;B+A=25.0 4
20,118,20Na ,i , 13348.9     ,   1.2     , 6498.4     ,   0.5     ,p , , ,         ,  ,        ,0+      T=2   ,98,1979, p=100
20,120,20Mg ,  , 17477.7     ,   1.9     ,            ,           ,  , , ,  90.4   ,ms, 0.5    ,0+            ,16,1974, B+=100;B+p=30.3 12
21,50,21B  ,  , 78380       , 560       ,            ,           ,  , , ,>760     ,ys,        ,(3/2-)        ,19,2018, 2n=100
21,60,21C  ,  , 45640#      , 600#      ,            ,           ,  , , ,         ,  , <30ns  ,1/2+#         ,15,, n ?
21,70,21N  ,  , 25230       , 130       ,            ,           ,  , , ,  85     ,ms, 5      ,(1/2-)        ,15,1970, B-=100;B-n=87 3;B-2n ?
21,80,21O  ,  ,  8062       ,  12       ,            ,           ,  , , ,   3.42  , s, 0.10   ,(5/2+)        ,15,1968, B-=100;B-n ?
21,90,21F  ,  ,   -47.6     ,   1.8     ,            ,           ,  , , ,   4.158 , s, 0.020  ,5/2+          ,15,1955, B-=100
21,100,21Ne ,  , -5731.78    ,   0.04    ,            ,           ,  , , , stbl    ,  ,        ,3/2+*         ,15,1928, IS=0.27 1
21,108,21Ne ,i ,  3129.0     ,   0.3     , 8860.8     ,   0.3     ,  , , ,         ,  ,        ,5/2+    T=3/2 ,15,, 
21,110,21Na ,  , -2184.86    ,   0.04    ,            ,           ,  , , ,  22.4550, s, 0.0054 ,3/2+*         ,15,1940, B+=100
21,118,21Na ,i ,  6790       ,   4       , 8975       ,   4       ,p , , ,         ,  ,        ,5/2+    T=3/2 ,15,, 
21,120,21Mg ,  , 10903.9     ,   0.8     ,            ,           ,  , , , 120.0   ,ms, 0.4    ,5/2+*         ,15,1963, B+=100;B+p=20.1 21;B+A=0.116 18;B+pA=0.016 3
21,130,21Al ,  , 27090#      , 600#      ,            ,           ,  , , ,         ,  , <35ns  ,5/2+#         ,15,, p ?
22,60,22C  ,  , 53610       , 230       ,            ,           ,  , , ,   6.2   ,ms, 1.3    ,0+            ,15,1986, B-=100;B-n=61 14;B-2n<37
22,70,22N  ,  , 31760       , 210       ,            ,           ,  , , ,  23     ,ms, 3      ,0-#           ,15,1979, B-=100;B-n=34 3;B-2n=12 3
22,80,22O  ,  ,  9280       ,  60       ,            ,           ,  , , ,   2.25  , s, 0.09   ,0+            ,15,1969, B-=100;B-n<22
22,90,22F  ,  ,  2793       ,  12       ,            ,           ,  , , ,   4.23  , s, 0.04   ,(4+)          ,15,1965, B-=100;B-n<11
22,100,22Ne ,  , -8024.716   ,   0.018   ,            ,           ,  , , , stbl    ,  ,        ,0+            ,15,1913, IS=9.25 3
22,108,22Ne ,i ,  5855       ,  10       ,13880       ,  10       ,  , , ,         ,  ,        ,4+      T=2   ,15,, 
22,110,22Na ,  , -5181.39    ,   0.13    ,            ,           ,  , , ,   2.6019, y, 0.0006 ,3+*           ,15,1935, B+=100;e+=90.57 8;EC=9.43 6
22,111,22Na ,m , -4598.34    ,   0.16    ,  583.05    ,   0.10    ,  , , , 243     ,ns, 2      ,1+            ,15,1958, IT=100
22,118,22Na ,i , -4524.39    ,   0.19    ,  657.00    ,   0.14    ,  , , ,  19.6   ,ps, 0.7    ,0+      T=1   ,15,, IT=100
22,120,22Mg ,  ,  -399.99    ,   0.16    ,            ,           ,  , , ,   3.8745, s, 0.0007 ,0+            ,15,1961, B+=100
22,128,22Mg ,i , 13644       ,   6       ,14044       ,   6       ,p , , ,         ,  ,        ,(4)+    T=2   ,15,, A=?;p=?
22,130,22Al ,  , 18200#      , 400#      ,            ,           ,  , , ,  91.1   ,ms, 0.5    ,(4)+          ,15,1982, B+=100;B+p=55 3;B+2p=1.10 11;B+A=0.038 17
22,140,22Si ,  , 33640#      , 500#      ,            ,           ,  , , ,  28.7   ,ms, 1.1    ,0+            ,15,1987, B+=100;B+p=62 5;B+2p=0.7 3
23,60,23C  ,  , 64170#      ,1000#      ,            ,           ,  , , ,         ,  ,        ,3/2+#         ,,, n ?
23,70,23N  ,  , 36720       , 420       ,            ,           ,  , , ,  13.9   ,ms, 1.4    ,1/2-#         ,21,1985, B-=100;B-n=42 6;B-2n=8 4;B-3n<3.4
23,80,23O  ,  , 14620       , 120       ,            ,           ,  , , ,  97     ,ms, 8      ,1/2+          ,21,1970, B-=100;B-n=7 2
23,90,23F  ,  ,  3290       ,  30       ,            ,           ,  , , ,   2.23  , s, 0.14   ,5/2+          ,21,1970, B-=100;B-n<14
23,100,23Ne ,  , -5154.05    ,   0.10    ,            ,           ,  , , ,  37.15  , s, 0.03   ,5/2+*         ,21,1936, B-=100
23,110,23Na ,  , -9529.8535  ,   0.0018  ,            ,           ,  , , , stbl    ,  ,        ,3/2+*         ,21,1921, IS=100
23,118,23Na ,i , -1638.7     ,   0.3     , 7891.2     ,   0.3     ,  , , ,         ,  ,        ,5/2+    T=3/2 ,21,, IT=100
23,119,23Na ,j , 10060.6     ,   2.0     ,19590.4     ,   2.0     ,  , , , 240     ,zs, 120    ,        T=5/2 ,21,, 
23,120,23Mg ,  , -5473.67    ,   0.03    ,            ,           ,  , , ,  11.3039, s, 0.0032 ,3/2+*         ,21,1939, B+=100
23,128,23Mg ,i ,  2329.3     ,   0.6     , 7803.0     ,   0.6     ,  , , ,         ,  ,        ,5/2+    T=3/2 ,21,1981, IT~100;p=0.17 8
23,130,23Al ,  ,  6748.1     ,   0.3     ,            ,           ,  , , , 446     ,ms, 6      ,5/2+          ,21,1969, B+=100;B+p=1.22 5
23,138,23Al ,i , 18470       ,  40       ,11720       ,  40       ,p , , ,         ,  ,        ,(5/2)+  T=5/2 ,21,1997, p=0.10 5;2p=3.6 4
23,140,23Si ,  , 23950#      , 500#      ,            ,           ,  , , ,  42.3   ,ms, 0.4    ,3/2+#         ,21,1986, B+=100;B+p~88;B+2p=3.6 3
24,70,24N  ,  , 46940#      , 400#      ,            ,           ,  , , ,         ,  , <52ns  ,              ,7,, n ?
24,80,24O  ,  , 18500       , 160       ,            ,           ,  , , ,  77.4   ,ms, 4.5    ,0+            ,7,1970, B-=100;B-n=43 4
24,90,24F  ,  ,  7540       , 100       ,            ,           ,  , , , 384     ,ms, 16     ,3+            ,7,1970, B-=100;B-n<5.9
24,100,24Ne ,  , -5951.6     ,   0.5     ,            ,           ,  , , ,   3.38  , m, 0.02   ,0+            ,7,1956," B-=100[gs=0,m=100]"
24,110,24Na ,  , -8417.901   ,   0.017   ,            ,           ,  , , ,  14.9560, h, 0.0015 ,4+*           ,7,1934, B-=100
24,111,24Na ,m , -7945.694   ,   0.017   ,  472.2074  ,   0.0008  ,  , , ,  20.18  ,ms, 0.10   ,1+            ,7,1961, IT~100;B-=0.05
24,118,24Na ,i , -2450.53    ,   0.13    , 5967.37    ,   0.13    ,  , , ,         ,  ,        ,0+      T=2   ,7,, 
24,120,24Mg ,  ,-13933.578   ,   0.013   ,            ,           ,  , , , stbl    ,  ,        ,0+            ,7,1920, IS=78.965 49
24,128,24Mg ,i , -4417.30    ,   0.04    , 9516.28    ,   0.04    ,  , , ,         ,  ,        ,(4+)    T=1   ,7,, 
24,129,24Mg ,j ,  1502.8     ,   0.6     ,15436.4     ,   0.6     ,  , , ,         ,  ,        ,0+      T=2   ,7,, 
24,130,24Al ,  ,   -48.81    ,   0.23    ,            ,           ,  , , ,   2.053 , s, 0.004  ,4+            ,7,1953, B+=100;B+A=0.035 6;B+p=0.0016 3
24,131,24Al ,m ,   376.99    ,   0.25    ,  425.8     ,   0.1     ,  , , , 130     ,ms, 3      ,1+            ,7,1968, IT=82.5 30;B+=17.5 30;B+A=0.028 6
24,138,24Al ,i ,  5900       ,   3       , 5949       ,   3       ,p , , ,         ,  ,        ,0+      T=2   ,7,, 
24,140,24Si ,  , 10745       ,  19       ,            ,           ,  , , , 143.2   ,ms, 2.1    ,0+            ,7,1979, B+=100;B+p=34.5 14
24,150,24P  ,  , 34020#      , 500#      ,            ,           ,  , , ,         ,  ,        ,1+#           ,,, p ?;B+ ?;B+p ?
25,70,25N  ,  , 55980#      , 500#      ,            ,           ,  , , ,         ,  , <260ns ,1/2-#         ,9,, n ?;2n ?;B- ?
25,80,25O  ,  , 27330       , 170       ,            ,           ,  , , ,   5.18  ,zs, 0.35   ,3/2+#         ,9,2008, n=100
25,90,25F  ,  , 11330       , 100       ,            ,           ,  , , ,  80     ,ms, 9      ,(5/2+)        ,9,1970, B-=100;B-n=23.1 45;B-2n ?
25,100,25Ne ,  , -2036       ,  29       ,            ,           ,  , , , 602     ,ms, 8      ,1/2+*         ,9,1970, B-=100
25,110,25Na ,  , -9357.8     ,   1.2     ,            ,           ,  , , ,  59.1   , s, 0.6    ,5/2+*         ,9,1943, B-=100
25,120,25Mg ,  ,-13192.78    ,   0.05    ,            ,           ,  , , , stbl    ,  ,        ,5/2+*         ,9,1920, IS=10.011 13
25,128,25Mg ,i , -5405.8     ,   0.3     , 7787.0     ,   0.3     ,  , , ,         ,  ,        ,5/2+    T=3/2 ,9,, 
25,130,25Al ,  , -8915.97    ,   0.06    ,            ,           ,  , , ,   7.1666, s, 0.0023 ,5/2+          ,9,1953, B+=100
25,138,25Al ,i , -1014.9     ,   1.8     , 7901.1     ,   1.8     ,  , , ,         ,  ,        ,5/2+    T=3/2 ,9,, 
25,140,25Si ,  ,  3827       ,  10       ,            ,           ,  , , , 220.6   ,ms, 1.0    ,5/2+          ,9,1963, B+=100;B+p=35 2
25,150,25P  ,  , 20190#      , 400#      ,            ,           ,  , , ,         ,  , <30ns  ,1/2+#         ,9,, p ?
26,80,26O  ,  , 34660       , 160       ,            ,           ,  , , ,   4.2   ,ps, 3.3    ,0+            ,16,2012, 2n=100
26,90,26F  ,  , 18670       , 110       ,            ,           ,  , , ,   8.2   ,ms, 0.9    ,1+            ,16,1979, B-=100;B-n=13.5 40;B-2n ?
26,91,26F  ,m , 19310       , 110       ,  643.4     ,   0.1     ,  , , ,   2.2   ,ms, 0.1    ,(4+)          ,16,2013, IT=82 11;B-=?;B-n=12 8
26,100,26Ne ,  ,   481       ,  18       ,            ,           ,  , , , 197     ,ms, 2      ,0+            ,16,1970, B-=100;B-n=0.13 3
26,110,26Na ,  , -6861       ,   4       ,            ,           ,  , , ,1071.28  ,ms, 0.25   ,3+*           ,16,1958, B-=100
26,111,26Na ,m , -6779       ,   4       ,   82.4     ,   0.04    ,  , , ,   4.35  ,us, 0.16   ,1+            ,16,1987, IT=100
26,120,26Mg ,  ,-16214.544   ,   0.029   ,            ,           ,  , , , stbl    ,  ,        ,0+            ,16,1920, IS=11.025 38
26,130,26Al ,  ,-12210.14    ,   0.07    ,            ,           ,  , , , 717     ,ky, 24     ,5+            ,16,1934, B+=100
26,131,26Al ,m ,-11981.83    ,   0.07    ,  228.306   ,   0.013   ,MD, , ,6346.0   ,ms, 0.5    ,0+      T=1   ,16,1934, B+=100
26,140,26Si ,  , -7141.00    ,   0.11    ,            ,           ,  , , ,   2.2453, s, 0.0007 ,0+            ,16,1960, B+=100
26,148,26Si ,i ,  5874       ,   4       ,13015       ,   4       ,p , , ,         ,  ,        ,(3+)    T=2   ,16,, 
26,150,26P  ,  , 10970#      , 200#      ,            ,           ,  , , ,  43.6   ,ms, 0.3    ,(3)+          ,16,1983, B+=100;B+p=35.1 14;B+2p=1.99 21
26,151,26P  ,m , 11130#      , 200#      ,  164.4     ,   0.1     ,  , , , 115     ,ns, 8      ,(1+)          ,16,2014, IT=100
26,160,26S  ,  , 27680#      , 600#      ,            ,           ,  , , ,         ,  , <79ns  ,0+            ,16,, 2p ?
27,80,27O  ,  , 44670#      , 500#      ,            ,           ,  , , ,         ,  , <260ns ,3/2+#         ,,, n ?;2n ?
27,90,27F  ,  , 25130       , 120       ,            ,           ,  , , ,   5.0   ,ms, 0.2    ,5/2+#         ,11,1981, B-=100;B-n=77 21;B-2n ?
27,100,27Ne ,  ,  7050       ,  90       ,            ,           ,  , , ,  30.9   ,ms, 1.1    ,(3/2+)        ,11,1977, B-=100;B-n=2.0 5;B-2n ?
27,110,27Na ,  , -5518       ,   4       ,            ,           ,  , , , 301     ,ms, 6      ,5/2+*         ,11,1968, B-=100;B-n=0.098 24
27,120,27Mg ,  ,-14586.59    ,   0.05    ,            ,           ,  , , ,   9.435 , m, 0.027  ,1/2+*         ,11,1934, B-=100
27,130,27Al ,  ,-17196.86    ,   0.05    ,            ,           ,  , , , stbl    ,  ,        ,5/2+*         ,11,1922, IS=100
27,138,27Al ,i ,-10383.1     ,   0.7     , 6813.8     ,   0.7     ,  , , ,         ,  ,        ,1/2+    T=3/2 ,11,, IT=100
27,140,27Si ,  ,-12384.51    ,   0.11    ,            ,           ,  , , ,   4.117 , s, 0.014  ,5/2+          ,11,1939, B+=100
27,148,27Si ,i , -5759.5     ,   2.3     , 6625.0     ,   2.3     ,RQ, , ,         ,  ,        ,1/2+    T=3/2 ,11,1977, IT ?
27,150,27P  ,  ,  -659       ,   9       ,            ,           ,  , , , 260     ,ms, 80     ,1/2+          ,11,1977, B+=100;B+p~0.07
27,158,27P  ,i , 12010       ,  30       ,12670       ,  30       ,p , , ,         ,  ,        ,5/2+    T=5/2 ,11,1991, IT ?
27,160,27S  ,  , 17490#      , 400#      ,            ,           ,  , , ,  16.3   ,ms, 0.2    ,(5/2+)        ,11,1986, B+=100;B+p=61 3;B+2p=3.0 6
28,80,28O  ,  , 52080#      , 700#      ,            ,           ,  , , ,         ,  , <100ns ,0+            ,13,, 2n ?;B-=0
28,90,28F  ,  , 33400       , 120       ,            ,           ,  , , ,  46     ,zs,        ,(4-)          ,13,2012, n=100
28,100,28Ne ,  , 11300       , 130       ,            ,           ,  , , ,  18.8   ,ms, 0.2    ,0+            ,13,1979, B-=100;B-n=12 1;B-2n=3.7 5
28,110,28Na ,  ,  -988       ,  10       ,            ,           ,  , , ,  33.1   ,ms, 1.3    ,1+*           ,13,1969, B-=100;B-n=0.58 12
28,120,28Mg ,  ,-15019.95    ,   0.26    ,            ,           ,  , , ,  20.915 , h, 0.009  ,0+            ,13,1953, B-=100
28,130,28Al ,  ,-16850.72    ,   0.05    ,            ,           ,  , , ,   2.245 , m, 0.005  ,3+*           ,13,1934, B-=100
28,138,28Al ,i ,-10858.14    ,   0.11    , 5992.58    ,   0.10    ,  , , ,         ,  ,        ,0+      T=2   ,13,, 
28,140,28Si ,  ,-21492.7971  ,   0.0005  ,            ,           ,  , , , stbl    ,  ,        ,0+            ,13,1920, IS=92.2545 37
28,145,28Si ,r , -8951.75    ,   0.05    ,12541.04    ,   0.05    ,RQ, , ,         ,  ,        ,(3+)          ,13,, 
28,148,28Si ,i ,-12176.88    ,   0.10    , 9315.92    ,   0.10    ,  , , ,   1.5   ,fs, 0.6    ,3+      T=1   ,13,, 
28,149,28Si ,j , -6265.8     ,   1.0     ,15227       ,   1       ,  , , ,         ,  ,        ,(0+)    T=2   ,13,1968, A=90 11;p=10 11
28,150,28P  ,  , -7147.9     ,   1.1     ,            ,           ,  , , , 270.3   ,ms, 0.5    ,3+            ,13,1953, B+=100;B+p=0.0013 4;B+A=0.00086 25
28,158,28P  ,i , -1261       ,  20       , 5887       ,  20       ,p , , ,         ,  ,        ,0+      T=2   ,13,, 
28,160,28S  ,  ,  4070       , 160       ,            ,           ,  , , , 125     ,ms, 10     ,0+            ,13,1982, B+=100;B+p=20.7 19
28,170,28Cl ,  , 28270#      , 500#      ,            ,           ,  , , ,         ,  , >100ns ,1+#           ,,2018, p=100
29,90,29F  ,  , 40150       , 530       ,            ,           ,  , , ,   2.5   ,ms, 0.3    ,(5/2+)        ,12,1989, B-=100;B-n=60 40;B-2n ?
29,100,29Ne ,  , 18400       , 150       ,            ,           ,  , , ,  14.7   ,ms, 0.4    ,(3/2-)        ,12,1985, B-=100;B-n=28 5;B-2n=4 1
29,110,29Na ,  ,  2680       ,   7       ,            ,           ,  , , ,  43.2   ,ms, 0.4    ,3/2+*         ,12,1969, B-=100;B-n=22 3;B-2n ?
29,120,29Mg ,  ,-10612.4     ,   0.3     ,            ,           ,  , , ,   1.30  , s, 0.12   ,3/2+*         ,12,1971, B-=100
29,130,29Al ,  ,-18207.8     ,   0.3     ,            ,           ,  , , ,   6.56  , m, 0.06   ,5/2+*         ,12,1939, B-=100
29,140,29Si ,  ,-21895.0815  ,   0.0006  ,            ,           ,  , , , stbl    ,  ,        ,1/2+*         ,12,1920, IS=4.672 16
29,148,29Si ,i ,-13605       ,   5       , 8290       ,   5       ,  , , ,         ,  ,        ,5/2+    T=3/2 ,12,, IT=100
29,150,29P  ,  ,-16952.8     ,   0.4     ,            ,           ,  , , ,   4.102 , s, 0.004  ,1/2+          ,12,1941, B+=100
29,158,29P  ,i , -8571.0     ,   2.5     , 8381.8     ,   2.4     ,RQ, , ,         ,  ,        ,5/2+    T=3/2 ,12,1969, IT=100
29,160,29S  ,  , -3094       ,  13       ,            ,           ,  , , , 188     ,ms, 4      ,5/2+#         ,12,1964, B+=100;B+p=46.4 10
29,170,29Cl ,  , 14020#      , 190#      ,            ,           ,  , , ,   5.4   ,zs, 1.9    ,(1/2+)        ,16,1993, p=100
29,180,29Ar ,  , 37970#      , 440#      ,            ,           ,  , , ,         ,  , >100ns ,5/2+#         ,,2018, 2p=100
30,90,30F  ,  , 48960#      , 500#      ,            ,           ,  , , ,         ,  , <260ns ,              ,10,, n ?
30,100,30Ne ,  , 23280       , 250       ,            ,           ,  , , ,   7.22  ,ms, 0.18   ,0+            ,10,1985, B-=100;B-n=13 4;B-2n=8.9 23
30,110,30Na ,  ,  8475       ,   5       ,            ,           ,  , , ,  45.9   ,ms, 0.7    ,2+*           ,10,1969, B-=100;B-n=28.6 22;B-2n=1.24 19;B-A=5.5e-5 2
30,120,30Mg ,  , -8881.4     ,   1.3     ,            ,           ,  , , , 317     ,ms, 4      ,0+            ,10,1971, B-=100;B-n<0.06
30,130,30Al ,  ,-15864.1     ,   1.9     ,            ,           ,  , , ,   3.62  , s, 0.06   ,3+*           ,10,1961, B-=100
30,140,30Si ,  ,-24432.962   ,   0.022   ,            ,           ,  , , , stbl    ,  ,        ,0+            ,10,1924, IS=3.0735 21
30,150,30P  ,  ,-20200.86    ,   0.07    ,            ,           ,  , , ,   2.5000, m, 0.0017 ,1+*     T=0   ,10,1934, B+=100
30,158,30P  ,i ,-19523.85    ,   0.08    ,  677.01    ,   0.03    ,  , , ,         ,  ,        ,0+      T=1   ,10,, 
30,160,30S  ,  ,-14059.25    ,   0.21    ,            ,           ,  , , ,  1.1798 , s, 0.0003 ,0+            ,10,1961, B+=100
30,170,30Cl ,  ,  4675       ,  24       ,            ,           ,  , , ,         ,  , >100ns ,3+#           ,10,2018, p=100
30,180,30Ar ,  , 22070#      , 180#      ,            ,           ,  , , , <10     ,ps,        ,0+            ,16,2015, 2p=100
31,90,31F  ,  , 56840#      , 540#      ,            ,           ,  , , ,   2#    ,ms, >260ns ,5/2+#         ,13,1999, B- ?;B-n ?;B-2n ?
31,100,31Ne ,  , 31180       , 270       ,            ,           ,  , , ,   3.4   ,ms, 0.8    ,(3/2-)        ,13,1996, B-=100;B-n ?;B-2n ?
31,110,31Na ,  , 12246       ,  14       ,            ,           ,  , , ,  16.8   ,ms, 0.3    ,3/2+*         ,13,1969, B-=100;B-n=36.0 35;B-2n=0.73 9;B-3n<0.05
31,120,31Mg ,  , -3122       ,   3       ,            ,           ,  , , , 270     ,ms, 2      ,1/2+*         ,13,1977, B-=100;B-n=6.2 19
31,130,31Al ,  ,-14950.7     ,   2.2     ,            ,           ,  , , , 644     ,ms, 25     ,5/2+*         ,13,1971, B-=100;B-n<1.6
31,140,31Si ,  ,-22949.04    ,   0.04    ,            ,           ,  , , , 157.16  , m, 0.20   ,3/2+          ,13,1934, B-=100
31,150,31P  ,  ,-24440.5444  ,   0.0007  ,            ,           ,  , , , stbl    ,  ,        ,1/2+*         ,13,1920, IS=100
31,158,31P  ,i ,-18059.7     ,   2.0     , 6380.8     ,   2.0     ,  , , ,         ,  ,        ,3/2+    T=3/2 ,13,, IT=100
31,160,31S  ,  ,-19042.53    ,   0.23    ,            ,           ,  , , ,   2.5534, s, 0.0018 ,1/2+          ,13,1940, B+=100
31,168,31S  ,i ,-12761.9     ,   0.6     , 6280.60    ,   0.60    ,  , , ,         ,  ,        ,3/2+    T=3/2 ,13,, 
31,170,31Cl ,  , -7035       ,   3       ,            ,           ,  , , , 190     ,ms, 1      ,3/2+          ,13,1977, B+=100;B+p=2.4 2
31,178,31Cl ,i ,  5256       ,   3       ,12291       ,   5       ,RQ, , ,         ,  ,        ,3/2+    T=5/2 ,,,
31,180,31Ar ,  , 11330#      , 200#      ,            ,           ,  , , ,  15.0   ,ms, 0.3    ,5/2+*         ,13,1986, B+=100;B+p=68.3 3;B+2p=9.0 2;B+pA<0.38;B+3p=0.07 2;B+A<0.03;2p<0.0006                             
31,190,31K  ,  , 34260#      , 300#      ,            ,           ,  , , , >10     ,ps,        ,3/2+#         ,,2019, 3p=100
32,100,32Ne ,  , 37000#      , 500#      ,            ,           ,  , , ,   3.5   ,ms, 0.9    ,0+            ,11,1990, B-=100;B-n ?;B-2n ?
32,110,32Na ,  , 18640       ,  40       ,            ,           ,  , , ,  12.9   ,ms, 0.3    ,(3-)          ,11,1972, B-=100;B-n=26 6;B-2n=7.6 15
32,120,32Mg ,  ,  -829       ,   3       ,            ,           ,  , , ,  80.4   ,ms, 0.4    ,0+            ,11,1977, B-=100;B-n=5.5 5
32,130,32Al ,  ,-11099       ,   7       ,            ,           ,  , , ,  32.6   ,ms, 0.5    ,1+*           ,11,1971, B-=100;B-n=0.7 5
32,131,32Al ,m ,-10142       ,   7       ,  956.6     ,   0.5     ,  , , , 200     ,ns, 20     ,(4+)          ,11,1996, IT=100
32,140,32Si ,  ,-24077.69    ,   0.30    ,            ,           ,  , , , 157     , y, 7      ,0+            ,20,1953, B-=100
32,150,32P  ,  ,-24304.88    ,   0.04    ,            ,           ,  , , ,  14.269 , d, 0.007  ,1+*           ,11,1934, B-=100
32,158,32P  ,i ,-19232.44    ,   0.07    , 5072.44    ,   0.06    ,  , , ,         ,  ,        ,0+      T=2   ,11,, IT=100
32,160,32S  ,  ,-26015.5371  ,   0.0013  ,            ,           ,  , , , stbl    ,  ,        ,0+            ,11,1920, IS=94.85 255
32,168,32S  ,i ,-19014.1     ,   0.4     , 7001.4     ,   0.4     ,  , , ,         ,  ,        ,1+      T=1   ,11,, IT=100
32,169,32S  ,j ,-13967.58    ,   0.28    ,12047.96    ,   0.28    ,  , , ,         ,  ,        ,0+      T=2   ,11,, IT=100
32,170,32Cl ,  ,-13334.7     ,   0.6     ,            ,           ,  , , , 298     ,ms, 1      ,1+            ,11,1953, B+=100;B+A=0.054 8;B+p=0.026 5
32,178,32Cl ,i , -8288.4     ,   0.7     , 5046.3     ,   0.3     ,  , , ,         ,  ,        ,0+      T=2   ,11,, IT=100
32,180,32Ar ,  , -2200.4     ,   1.8     ,            ,           ,  , , ,  98     ,ms, 2      ,0+            ,11,1977, B+=100;B+p=35.58 22
32,190,32K  ,  , 21990#      , 400#      ,            ,           ,  , , ,         ,  ,        ,1+#           ,,, p ?
32,191,32K  ,m , 22940#      , 410#      ,  950#      , 100#      ,  , , ,         ,  ,        ,4+#           ,,, p ?
33,100,33Ne ,  , 46130#      , 600#      ,            ,           ,  , , ,         ,  , <260ns ,7/2-#         ,11,, n ?
33,110,33Na ,  , 23780       , 450       ,            ,           ,  , , ,   8.2   ,ms, 0.4    ,(3/2+)        ,11,1972, B-=100;B-n=47 6;B-2n=13 3
33,120,33Mg ,  ,  4962.9     ,   2.7     ,            ,           ,  , , ,  92.0   ,ms, 1.2    ,3/2-*         ,11,1979, B-=100;B-n=14 2;B-2n ?
33,130,33Al ,  , -8497       ,   7       ,            ,           ,  , , ,  41.46  ,ms, 0.09   ,5/2+*         ,11,1971, B-=100;B-n=8.5 7
33,140,33Si ,  ,-20514.3     ,   0.7     ,            ,           ,  , , ,   6.18  , s, 0.18   ,3/2+*         ,11,1971, B-=100
33,150,33P  ,  ,-26337.4     ,   1.1     ,            ,           ,  , , ,  25.35  , d, 0.11   ,1/2+          ,20,1951, B-=100
33,160,33S  ,  ,-26585.8583  ,   0.0013  ,            ,           ,  , , , stbl    ,  ,        ,3/2+          ,11,1926, IS=0.763 20
33,168,33S  ,i ,-21106.07    ,   0.13    , 5479.79    ,   0.13    ,  , , ,         ,  ,        ,1/2+    T=3/2 ,11,, IT=100
33,170,33Cl ,  ,-21003.3     ,   0.4     ,            ,           ,  , , ,   2.5038, s, 0.0022 ,3/2+          ,11,1940, B+=100
33,178,33Cl ,i ,-15454.9     ,   0.5     , 5548.4     ,   0.4     ,RQ, , ,         ,  ,        ,1/2+    T=3/2 ,11,, IT=100
33,180,33Ar ,  , -9384.3     ,   0.4     ,            ,           ,  , , , 173.0   ,ms, 2.0    ,1/2+          ,11,1964, B+=100;B+p=38.7 8
33,190,33K  ,  ,  7540#      , 200#      ,            ,           ,  , , ,         ,  , <25ns  ,3/2+#         ,11,, p ?
33,200,33Ca ,  , 31030#      , 400#      ,            ,           ,  , , ,         ,  ,        ,5/2+#         ,,, p ?
34,100,34Ne ,  , 52840#      , 510#      ,            ,           ,  , , ,   2#    ,ms, >1.5us ,0+            ,12,2002, B- ?;B-2n ?;B-n ?
34,110,34Na ,  , 31680       , 600       ,            ,           ,  , , ,   5.5   ,ms, 1.0    ,1+            ,12,1983, B-=100;B-2n~50;B-n~15
34,120,34Mg ,  ,  8323       ,   7       ,            ,           ,  , , ,  44.9   ,ms, 0.4    ,0+            ,12,1979, B-=100;B-n=21 7;B-2n<0.1
34,130,34Al ,  , -2997.6     ,   2.1     ,            ,           ,  , , ,  53.73  ,ms, 0.13   ,4-            ,12,1977, B-=100;B-n=26 4;B-2n ?
34,131,34Al ,m , -2951.1     ,   2.1     ,   46.47    ,   0.17    ,  , , ,  22.1   ,ms, 0.2    ,1+*           ,,2012, B-~100;B-n=11 4;B-2n ?
34,140,34Si ,  ,-19991.7     ,   0.8     ,            ,           ,  , , ,   2.77  , s, 0.20   ,0+            ,12,1971, B-=100
34,141,34Si ,m ,-15735.6     ,   0.9     , 4256.1     ,   0.4     ,  , , ,<210     ,ns,        ,(3-)          ,12,1989, IT=100
34,150,34P  ,  ,-24548.7     ,   0.8     ,            ,           ,  , , ,  12.43  , s, 0.10   ,1+            ,12,1945, B-=100
34,160,34S  ,  ,-29931.69    ,   0.04    ,            ,           ,  , , , stbl    ,  ,        ,0+            ,12,1926, IS=4.365 235
34,170,34Cl ,  ,-24440.09    ,   0.05    ,            ,           ,  , , ,   1.5267, s, 0.0004 ,0+      T=1   ,12,1934, B+=100
34,171,34Cl ,m ,-24293.73    ,   0.05    ,  146.360   ,   0.027   ,MD, , ,  31.99  , m, 0.03   ,3+      T=0   ,12,1965, B+=55.4 6;IT=44.6 6
34,180,34Ar ,  ,-18378.29    ,   0.08    ,            ,           ,  , , , 846.46  ,ms, 0.35   ,0+            ,12,1966, B+=100
34,188,34Ar ,i ,-10444       ,   5       , 7934       ,   5       ,RQ, , ,         ,  ,        ,1+#     T=2   ,12,1969, IT ?
34,190,34K  ,  , -1220#      , 200#      ,            ,           ,  , , ,         ,  , <40ns  ,1+#           ,12,, p ?
34,200,34Ca ,  , 14890#      , 300#      ,            ,           ,  , , ,         ,  , <35ns  ,0+            ,12,, 2p ?
35,110,35Na ,  , 37830#      , 670#      ,            ,           ,  , , ,   1.5   ,ms, 0.5    ,3/2+#         ,11,1983, B-=100;B-n ?;B-2n ?
35,120,35Mg ,  , 15640       , 270       ,            ,           ,  , , ,  11.3   ,ms, 0.6    ,"(3/2-,5/2-)   ",17,1989, B-=100;B-n=52 46;B-2n ?
35,130,35Al ,  ,  -224       ,   7       ,            ,           ,  , , ,  38.16  ,ms, 0.21   ,"(5/2+,3/2+)   ",11,1979, B-=100;B-n=35.8 17;B-2n ?
35,140,35Si ,  ,-14390       ,  40       ,            ,           ,  , , , 780     ,ms, 120    ,7/2-#         ,15,1971, B-=100;B-n<5
35,150,35P  ,  ,-24857.8     ,   1.9     ,            ,           ,  , , ,  47.3   , s, 0.8    ,1/2+          ,11,1971, B-=100
35,160,35S  ,  ,-28846.21    ,   0.04    ,            ,           ,  , , ,  87.37  , d, 0.04   ,3/2+*         ,11,1936, B-=100
35,168,35S  ,i ,-19691       ,  10       , 9155       ,  10       ,RQ, , ,         ,  , T=5/2  ,(1/2:9/2)+    ,11,1975, 
35,170,35Cl ,  ,-29013.53    ,   0.04    ,            ,           ,  , , , stbl    ,  ,        ,3/2+*         ,11,1919, IS=75.8 2
35,178,35Cl ,i ,-23359.05    ,   0.22    , 5654.48    ,   0.22    ,  , , ,         ,  ,        ,3/2+    T=3/2 ,11,, IT=100
35,180,35Ar ,  ,-23047.3     ,   0.7     ,            ,           ,  , , ,   1.7756, s, 0.0010 ,3/2+          ,11,1940, B+=100
35,188,35Ar ,i ,-17474.6     ,   0.7     , 5572.66    ,   0.15    ,  , , ,         ,  ,        ,3/2+    T=3/2 ,11,, IT=100
35,190,35K  ,  ,-11172.9     ,   0.5     ,            ,           ,  , , , 175.2   ,ms, 1.9    ,3/2+          ,11,1976, B+=100;B+p=0.37 15
35,198,35K  ,i , -2110       ,  40       , 9060       ,  40       ,2p, , ,         ,  ,        ,3/2+    T=5/2 ,,,
35,200,35Ca ,  ,  5190#      , 200#      ,            ,           ,  , , ,  25.7   ,ms, 0.2    ,1/2+#         ,11,1985, B+=100;B+p=95.8 14;B+2p=4.2 3
35,210,35Sc ,  , 27100#      , 400#      ,            ,           ,  , , ,         ,  ,        ,7/2-#         ,,, p ?
36,110,36Na ,  , 45900#      , 690#      ,            ,           ,  , , ,         ,  , <180ns ,              ,12,, n ?
36,120,36Mg ,  , 20380       , 690       ,            ,           ,  , , ,   3.9   ,ms, 1.3    ,0+            ,12,1989, B-=100;B-n=48 12;B-2n ?
36,130,36Al ,  ,  5950       , 150       ,            ,           ,  , , ,  90     ,ms, 40     ,              ,12,1979, B-=100;B-n<31;B-2n ?
36,140,36Si ,  ,-12440       ,  70       ,            ,           ,  , , , 503     ,ms, 2      ,0+            ,12,1971, B-=100;B-n=12 5
36,150,36P  ,  ,-20251       ,  13       ,            ,           ,  , , ,   5.6   , s, 0.3    ,4-            ,12,1971, B-=100;B-n ?
36,160,36S  ,  ,-30664.14    ,   0.19    ,            ,           ,  , , , stbl    ,  ,        ,0+            ,12,1938, IS=0.0158 17
36,170,36Cl ,  ,-29522.01    ,   0.04    ,            ,           ,  , , , 301.3   ,ky, 1.5    ,2+*           ,12,1941, B-=98.1 1;B+=1.9 1
36,178,36Cl ,i ,-25222.34    ,   0.04    , 4299.667   ,   0.014   ,  , , ,         ,  ,        ,(0)+    T=2   ,12,, IT=100
36,180,36Ar ,  ,-30231.542   ,   0.027   ,            ,           ,  , , , stbl    ,  ,        ,0+            ,12,1920, IS=0.3336 210;2B+ ?
36,188,36Ar ,i ,-23620.5     ,   0.3     , 6611.0     ,   0.3     ,  , , ,         ,  ,        ,2+      T=1   ,12,, IT=100
36,189,36Ar ,j ,-19379.4     ,   1.2     ,10852.2     ,   1.2     ,RQ, , ,         ,  ,        ,0+      T=2   ,12,, IT=100
36,190,36K  ,  ,-17417.2     ,   0.3     ,            ,           ,  , , , 341     ,ms, 3      ,2+*           ,12,1967, B+=100;B+p=0.048 14;B+A=0.0034 13
36,198,36K  ,i ,-13134.5     ,   2.4     , 4282.7     ,   2.4     ,p , , ,         ,  ,        ,0+      T=2   ,12,, p=100
36,200,36Ca ,  , -6450       ,  40       ,            ,           ,  , , , 100.9   ,ms, 1.3    ,0+            ,12,1977, B+=100;B+p=51.2 10
36,210,36Sc ,  , 16150#      , 300#      ,            ,           ,  , , ,         ,  ,        ,              ,,, p ?
37,110,37Na ,  , 53130#      , 690#      ,            ,           ,  , , ,   1#    ,ms, >1.5us ,3/2+#         ,12,2002, B- ?;B-n ?;B-2n ?
37,120,37Mg ,  , 28210       , 700       ,            ,           ,  , , ,   8     ,ms, 4      ,(3/2-)        ,12,1996, B- ?;B-n ?;B-2n ?
37,130,37Al ,  ,  9810       , 180       ,            ,           ,  , , ,  11.4   ,ms, 0.3    ,5/2+#         ,12,1979, B-=100;B-n=52 5;B-2n>1
37,140,37Si ,  , -6570       , 110       ,            ,           ,  , , , 141.0   ,ms, 3.5    ,(5/2-)        ,15,1979, B-=100;B-n=17 13;B-2n ?
37,150,37P  ,  ,-19000       ,  40       ,            ,           ,  , , ,   2.31  , s, 0.13   ,(1/2+)        ,12,1971, B-=100;B-n ?
37,160,37S  ,  ,-26896.43    ,   0.20    ,            ,           ,  , , ,   5.05  , m, 0.02   ,7/2-          ,12,1945, B-=100
37,170,37Cl ,  ,-31761.55    ,   0.05    ,            ,           ,  , , , stbl    ,  ,        ,3/2+*         ,12,1919, IS=24.2 2
37,178,37Cl ,i ,-21539.7     ,   0.3     ,10221.8     ,   0.3     ,RQ, , ,         ,  ,        ,7/2-    T=5/2 ,12,1984, IT=100
37,180,37Ar ,  ,-30947.68    ,   0.21    ,            ,           ,  , , ,  35.011 , d, 0.019  ,3/2+*         ,12,1941, EC=100
37,188,37Ar ,i ,-25956       ,   6       , 4992       ,   6       ,RQ, , ,         ,  ,        ,3/2+    T=3/2 ,12,1973, 
37,190,37K  ,  ,-24800.20    ,   0.09    ,            ,           ,  , , ,  1.23651, s, 0.00094,3/2+*         ,12,1958, B+=100
37,198,37K  ,i ,-19749.9     ,   0.8     , 5050.3     ,   0.8     ,RQ, , ,         ,  ,        ,3/2+    T=3/2 ,12,1973, IT=100
37,200,37Ca ,  ,-13136.1     ,   0.6     ,            ,           ,  , , , 181.0   ,ms, 0.9    ,3/2+*         ,12,1964, B+=100;B+p=76.8 7
37,210,37Sc ,  ,  3780#      , 300#      ,            ,           ,  , , ,         ,  ,        ,7/2-#         ,,, p ?
37,220,37Ti ,  , 25170#      , 400#      ,            ,           ,  , , ,         ,  ,        ,1/2+#         ,,, p ?
38,110,38Na ,  , 61910#      , 720#      ,            ,           ,  , , ,         ,  , <400 ns,              ,,, n ?
38,120,38Mg ,  , 34070#      , 500#      ,            ,           ,  , , ,   2#    ,ms, >260ns ,0+            ,17,1997, B-=100#;B-n ?;B-2n ?
38,130,38Al ,  , 16470#      , 150#      ,            ,           ,  , , ,   9.0   ,ms, 0.7    ,0-#           ,17,1989, B-=100;B-n=84 19;B-2n ?
38,140,38Si ,  , -4170       , 100       ,            ,           ,  , , ,  63     ,ms, 8      ,0+            ,17,1979, B-=100#;B-n=25 10
38,150,38P  ,  ,-14620       ,  70       ,            ,           ,  , , , 640     ,ms, 140    ,(2-)          ,17,1971, B-=100;B-n=12 5
38,160,38S  ,  ,-26861       ,   7       ,            ,           ,  , , , 170.3   , m, 0.7    ,0+            ,17,1958, B-=100
38,170,38Cl ,  ,-29798.12    ,   0.10    ,            ,           ,  , , ,  37.230 , m, 0.014  ,2-            ,17,1940, B-=100
38,171,38Cl ,m ,-29126.75    ,   0.10    ,  671.365   ,   0.008   ,  , , , 715     ,ms, 3      ,5-            ,17,1954, IT=100
38,178,38Cl ,i ,-21590       ,  24       , 8208       ,  24       ,RQ, , ,         ,  ,        ,0+      T=3   ,17,, 
38,180,38Ar ,  ,-34714.83    ,   0.19    ,            ,           ,  , , , stbl    ,  ,        ,0+            ,17,1934, IS=0.0629 70
38,188,38Ar ,i ,-24083.9     ,   0.9     ,10630.9     ,   0.9     ,  , , ,         ,  ,        ,(2-)    T=2   ,17,, 
38,189,38Ar ,j ,-15940       ,  30       ,18780       ,  30       ,RQ, , ,         ,  ,        ,0+      T=3   ,17,, 
38,190,38K  ,  ,-28800.76    ,   0.20    ,            ,           ,  , , ,   7.651 , m, 0.019  ,3+*     T=0   ,17,1937, B+=100
38,191,38K  ,m ,-28670.61    ,   0.20    ,  130.15    ,   0.04    ,MD, , , 924.35  ,ms, 0.12   ,0+*     T=1   ,17,1953, B+=99.9670 43;IT=0.0330 43
38,192,38K  ,n ,-25342.66    ,   0.26    , 3458.10    ,   0.17    ,  , , ,  21.95  ,us, 0.11   ,(7)+          ,17,1971, IT=100
38,200,38Ca ,  ,-22058.50    ,   0.19    ,            ,           ,  , , , 443.70  ,ms, 0.25   ,0+            ,17,1966, B+=100
38,210,38Sc ,  , -4250#      , 200#      ,            ,           ,  , , ,         ,  , <300ns ,2-#           ,17,, p ?
38,211,38Sc ,m , -3580#      , 220#      ,  670#      , 100#      ,  , , ,         ,  ,        ,5-#           ,,, IT ?;p ?
38,220,38Ti ,  , 11370#      , 300#      ,            ,           ,  , , ,         ,  , <120ns ,0+            ,17,, 2p ?
39,110,39Na ,  , 69980#      , 740#      ,            ,           ,  , , ,   1#    ,ms, >400ns ,3/2+#         ,,2019, B- ?;B-n ?;B-2n ?
39,120,39Mg ,  , 42780#      , 510#      ,            ,           ,  , , ,         ,  , <180ns ,7/2-#         ,18,, n ?; B- ?
39,130,39Al ,  , 21490#      , 300#      ,            ,           ,  , , ,   7.6   ,ms, 1.6    ,5/2+#         ,18,1989, B-=100;B-n=97 22;B-2n ?
39,140,39Si ,  ,  2320       , 140       ,            ,           ,  , , ,  41.2   ,ms, 4.1    ,(5/2-)        ,18,1979, B-=100;B-n=33 3;B-2n ?
39,150,39P  ,  ,-12770       , 110       ,            ,           ,  , , , 282     ,ms, 24     ,(1/2+)        ,18,1977, B-=100;B-n=26 8
39,160,39S  ,  ,-23160       ,  50       ,            ,           ,  , , ,  11.5   , s, 0.5    ,(7/2)-        ,18,1971, B-=100
39,170,39Cl ,  ,-29800.2     ,   1.7     ,            ,           ,  , , ,  56.2   , m, 0.6    ,3/2+          ,18,1949, B-=100
39,180,39Ar ,  ,-33242       ,   5       ,            ,           ,  , , , 268     , y, 8      ,7/2-*         ,18,1950, B-=100
39,188,39Ar ,i ,-24161       ,   7       , 9081       ,   9       ,RQ, , ,         ,  ,        ,3/2+    T=5/2 ,18,, 
39,190,39K  ,  ,-33807.195   ,   0.005   ,            ,           ,  , , , stbl    ,  ,        ,3/2+*         ,18,1921, IS=93.2581 44
39,198,39K  ,i ,-27260.8     ,   1.9     , 6546.4     ,   1.9     ,  , , ,         ,  ,        ,7/2-    T=3/2 ,18,, IT=100
39,200,39Ca ,  ,-27282.7     ,   0.6     ,            ,           ,  , , , 860.3   ,ms, 0.8    ,3/2+*         ,18,1943, B+=100
39,208,39Ca ,i ,-20917#      ,   9#      , 6366#      ,   9#      ,  , , ,         ,  ,        ,3/2+    T=3/2 ,,, 
39,210,39Sc ,  ,-14173       ,  24       ,            ,           ,  , , ,         ,  ,        ,7/2-#         ,18,1988, p=100
39,218,39Sc ,i , -5050       ,  40       , 9120       ,  50       ,2p, , ,         ,  ,        ,(3/2+)  T=5/2 ,18,, 
39,220,39Ti ,  ,  2500#      , 200#      ,            ,           ,  , , ,  28.5   ,ms, 0.9    ,3/2+#         ,18,1990, B+=100;B+p=93.7 28;B+2p=?
39,230,39V  ,  , 22570#      , 400#      ,            ,           ,  , , ,         ,  ,        ,7/2-#         ,,, p ?
40,120,40Mg ,  , 49550#      , 500#      ,            ,           ,  , , ,   1#    ,ms, >170ns ,0+            ,17,2007, B- ?;B-n ?;B-2n ?
40,130,40Al ,  , 28820#      , 300#      ,            ,           ,  , , ,  10#    ,ms, >260ns ,              ,17,1996, B- ?;B-n ?;B-2n ?
40,140,40Si ,  ,  5670       , 120       ,            ,           ,  , , ,  31.2   ,ms, 2.6    ,0+            ,17,1989, B-=100;B-n=38 5;B-2n ?
40,150,40P  ,  , -8140       ,  80       ,            ,           ,  , , , 150     ,ms, 8      ,"(2-,3-)       ",17,1979, B-=100;B-n=15.8 21;B-2n ?
40,160,40S  ,  ,-22838       ,   4       ,            ,           ,  , , ,   8.8   , s, 2.2    ,0+            ,17,1971, B-=100
40,170,40Cl ,  ,-27560       ,  30       ,            ,           ,  , , ,   1.35  , m, 0.03   ,2-            ,17,1956, B-=100
40,180,40Ar ,  ,-35039.9000  ,   0.0022  ,            ,           ,  , , , stbl    ,  ,        ,0+            ,17,1920, IS=99.6035 250
40,190,40K  ,  ,-33535.50    ,   0.06    ,            ,           ,  , , ,   1.248 ,Gy, 0.003  ,4-*           ,17,1935, IS=0.0117 1;B-=89.28 13;B+=10.72 13
40,191,40K  ,m ,-31891.86    ,   0.06    , 1643.638   ,   0.011   ,  , , , 336     ,ns, 12     ,0+            ,17,1968, IT=100
40,198,40K  ,i ,-29151.5     ,   0.3     , 4384.0     ,   0.3     ,  , , ,         ,  ,        ,0+      T=2   ,17,, IT=100
40,200,40Ca ,  ,-34846.402   ,   0.020   ,            ,           ,  , , , stbl    ,  , >9.9Zy ,0+            ,17,1922, IS=96.941 156;2B+ ?
40,208,40Ca ,i ,-27188.22    ,   0.05    , 7658.18    ,   0.05    ,  , , ,         ,  ,        ,4-      T=1   ,17,, IT=100
40,209,40Ca ,j ,-22858.4     ,   1.0     ,11988       ,   1       ,  , , ,         ,  ,        ,0+      T=2   ,17,, IT=100
40,210,40Sc ,  ,-20523.4     ,   2.8     ,            ,           ,  , , , 182.3   ,ms, 0.7    ,4-            ,17,1955, B+=100;B+p=0.44 7;B+A=0.017 5
40,218,40Sc ,i ,-16164       ,   6       , 4359       ,   6       ,RQ, , ,         ,  ,        ,0+      T=2   ,17,, IT=100
40,220,40Ti ,  , -8990       ,  70       ,            ,           ,  , , ,  52.4   ,ms, 0.3    ,0+            ,17,1982, B+=100;B+p=95.8 13
40,230,40V  ,  , 12470#      , 300#      ,            ,           ,  , , ,         ,  ,        ,2-#           ,,, p ?
41,120,41Mg ,  , 58100#      , 500#      ,            ,           ,  , , ,         ,  ,        ,3/2-#         ,,, B- ?;B-n ?
41,130,41Al ,  , 34590#      , 400#      ,            ,           ,  , , ,   6#    ,ms, >260ns ,5/2+#         ,16,1997, B- ?;B-n ?;B-2n ?
41,140,41Si ,  , 13200#      , 300#      ,            ,           ,  , , ,  20.0   ,ms, 2.5    ,7/2-#         ,16,1989, B-=100;B-n>55;B-2n ?
41,150,41P  ,  , -4980       , 120       ,            ,           ,  , , , 101     ,ms, 5      ,1/2+#         ,16,1979, B-=100;B-n=30 10;B-2n ?
41,160,41S  ,  ,-19009       ,   4       ,            ,           ,  , , ,   1.99  , s, 0.05   ,7/2-#         ,16,1979, B-=100;B-n ?
41,170,41Cl ,  ,-27310       ,  70       ,            ,           ,  , , ,  38.4   , s, 0.8    ,(1/2+)        ,16,1971, B-=100
41,180,41Ar ,  ,-33067.5     ,   0.3     ,            ,           ,  , , , 109.61  , m, 0.04   ,7/2-          ,16,1936, B-=100
41,190,41K  ,  ,-35559.549   ,   0.004   ,            ,           ,  , , , stbl    ,  ,        ,3/2+*         ,16,1921, IS=6.7302 44
41,198,41K  ,i ,-27210       ,  15       , 8349       ,  15       ,RQ, , ,         ,  ,        ,7/2-    T=5/2 ,16,1975, 
41,200,41Ca ,  ,-35137.91    ,   0.14    ,            ,           ,  , , ,  99.4   ,ky, 1.5    ,7/2-*         ,16,1939, EC=100
41,208,41Ca ,i ,-29320.8     ,   0.5     , 5817.1     ,   0.5     ,  , , , <28     ,fs,        ,3/2+    T=3/2 ,16,, IT=100
41,210,41Sc ,  ,-28642.36    ,   0.08    ,            ,           ,  , , , 596.3   ,ms, 1.7    ,7/2-          ,16,1941, B+=100
41,215,41Sc ,r ,-25760.01    ,   0.08    , 2882.35    ,   0.05    ,RQ, , ,         ,  ,        ,7/2+          ,16,, p=59 2;IT=41 2
41,218,41Sc ,i ,-22704       ,   3       , 5939       ,   3       ,RQ, , ,         ,  ,        ,3/2+    T=3/2 ,16,, p=100
41,220,41Ti ,  ,-15698       ,  28       ,            ,           ,  , , ,  81.9   ,ms, 0.5    ,3/2+          ,16,1964, B+=100;B+p=91.1 6
41,230,41V  ,  ,   310#      , 200#      ,            ,           ,  , , ,         ,  ,        ,7/2-#         ,,, p ?
41,240,41Cr ,  , 20410#      , 400#      ,            ,           ,  , , ,         ,  ,        ,3/2+#         ,,, p ?
42,130,42Al ,  , 41990#      , 500#      ,            ,           ,  , , ,   3#    ,ms, >170ns ,              ,16,2007, B- ?;B-n ?;B-2n ?
42,140,42Si ,  , 16840#      , 300#      ,            ,           ,  , , ,  12.5   ,ms, 3.5    ,0+            ,16,1990, B-=100;B-n ?;B-2n ?
42,150,42P  ,  ,  1090       , 100       ,            ,           ,  , , ,  48.5   ,ms, 1.5    ,              ,16,1979, B-=100;B-n=50 20;B-2n ?
42,160,42S  ,  ,-17637.7     ,   2.8     ,            ,           ,  , , ,   1.016 , s, 0.015  ,0+            ,16,1979, B-=100;B-n<1
42,170,42Cl ,  ,-24830       ,  60       ,            ,           ,  , , ,   6.8   , s, 0.3    ,(2-)          ,16,1971, B-=100;B-n ?
42,180,42Ar ,  ,-34423       ,   6       ,            ,           ,  , , ,  32.9   , y, 1.1    ,0+            ,16,1952, B-=100
42,190,42K  ,  ,-35022.03    ,   0.11    ,            ,           ,  , , ,  12.355 , h, 0.007  ,2-*           ,16,1935, B-=100
42,198,42K  ,i ,-28570       , 100       , 6450       , 100       ,  , , ,         ,  ,        ,(0+)    T=3   ,16,, 
42,200,42Ca ,  ,-38547.29    ,   0.15    ,            ,           ,  , , , stbl    ,  ,        ,0+            ,16,1934, IS=0.647 23
42,208,42Ca ,i ,-28797       ,  10       , 9750       ,  10       ,  , , ,         ,  ,        ,(2-)    T=2   ,16,, 
42,210,42Sc ,  ,-32121.00    ,   0.15    ,            ,           ,  , , , 680.72  ,ms, 0.26   ,0+      T=1   ,16,1955, B+=100
42,211,42Sc ,m ,-31504.19    ,   0.16    ,  616.81    ,   0.06    ,MD, , ,  61.7   , s, 0.4    ,7+            ,16,1963, B+=100
42,215,42Sc ,r ,-26044.80    ,   0.16    , 6076.20    ,   0.07    ,RQ, , ,         ,  ,        ,"(2+,3+,4+)    ",16,, IT=100
42,220,42Ti ,  ,-25104.35    ,   0.27    ,            ,           ,  , , , 208.3   ,ms, 0.4    ,0+            ,16,1964, B+=100
42,230,42V  ,  , -7620#      , 200#      ,            ,           ,  , , ,         ,  , <55ns  ,2-#           ,16,, p ?
42,240,42Cr ,  ,  7060#      , 300#      ,            ,           ,  , , ,  13.3   ,ms, 1.0    ,0+            ,16,1996, B+~100;B+p=94.4 50;2p ?
43,130,43Al ,  , 48270#      , 600#      ,            ,           ,  , , ,   4#    ,ms, >170ns ,5/2+#         ,15,2007, B- ?;B-n ?;B-2n ?
43,140,43Si ,  , 24330#      , 400#      ,            ,           ,  , , ,  30#    ,ms, >260ns ,3/2-#         ,15,2002, B- ?;B-n ?;B-2n ?
43,150,43P  ,  ,  5040#      , 300#      ,            ,           ,  , , ,  35.8   ,ms, 1.3    ,(1/2+)        ,15,1989, B-=100;B-n=100;B-2n ?
43,160,43S  ,  ,-12195       ,   5       ,            ,           ,  , , , 265     ,ms, 13     ,3/2-          ,15,1979, B-=100;B-n=40 10
43,161,43S  ,m ,-11874       ,   5       ,  320.7     ,   0.5     ,  , , , 415.0   ,ns, 2.6    ,(7/2-)        ,15,2000, IT=100
43,170,43Cl ,  ,-24160       ,  60       ,            ,           ,  , , ,   3.13  , s, 0.09   ,(3/2+)        ,15,1976, B-=100;B-n ?
43,180,43Ar ,  ,-32010       ,   5       ,            ,           ,  , , ,   5.37  , m, 0.06   ,5/2(-)        ,15,1969, B-=100
43,190,43K  ,  ,-36575.4     ,   0.4     ,            ,           ,  , , ,  22.3   , h, 0.1    ,3/2+*         ,15,1949, B-=100
43,191,43K  ,m ,-35837.1     ,   0.4     ,  738.30    ,   0.06    ,  , , , 200     ,ns, 5      ,7/2-          ,15,1978, IT=100
43,200,43Ca ,  ,-38408.87    ,   0.23    ,            ,           ,  , , , stbl    ,  ,        ,7/2-*         ,15,1934, IS=0.135 10
43,208,43Ca ,i ,-30414       ,  14       , 7995       ,  14       ,RQ, , ,         ,  ,        ,(3/2)+  T=5/2 ,15,, 
43,210,43Sc ,  ,-36188.1     ,   1.9     ,            ,           ,  , , ,   3.891 , h, 0.012  ,7/2-*         ,15,1935, B+=100
43,211,43Sc ,m ,-36036.3     ,   1.9     ,  151.79    ,   0.08    ,  , , , 438     ,us, 5      ,3/2+          ,15,1964, IT=100
43,212,43Sc ,n ,-33064.4     ,   1.9     , 3123.73    ,   0.15    ,  , , , 472     ,ns, 3      ,19/2-         ,15,1978, IT=100
43,218,43Sc ,i ,-31956       ,   3       , 4232       ,   4       ,RQ, , ,         ,  ,        ,7/2-    T=3/2 ,15,, 
43,220,43Ti ,  ,-29316       ,   6       ,            ,           ,  , , , 509     ,ms, 5      ,7/2-          ,15,1948, B+=100;B+p ?
43,221,43Ti ,m ,-29003       ,   6       ,  313.0     ,   1.0     ,  , , ,  11.9   ,us, 0.3    ,(3/2+)        ,15,1978, IT=100
43,222,43Ti ,n ,-26250       ,   6       , 3066.4     ,   1.0     ,  , , , 556     ,ns, 6      ,(19/2-)       ,15,1978, IT=100
43,228,43Ti ,i ,-24610#      ,  50#      , 4710#      ,  50#      ,  , , ,         ,  ,        ,7/2-#   T=3/2 ,,,
43,230,43V  ,  ,-17920       ,  40       ,            ,           ,  , , ,  79.3   ,ms, 2.4    ,7/2-#         ,15,1987, B+=100;B+p<2.5
43,238,43V  ,i , -9705       ,  15       , 8210       ,  50       ,RQ, , ,         ,  ,        ,3/2+    T=5/2 ,,,
43,240,43Cr ,  , -1970#      , 200#      ,            ,           ,  , , ,  21.1   ,ms, 0.3    ,(3/2+)        ,15,1992, B+=100;B+p=79.3 30;B+2p=11.6 10;B+3p=0.13 +18-8;B+A ?
43,250,43Mn ,  , 17370#      , 400#      ,            ,           ,  , , ,         ,  ,        ,5/2-#         ,,, p ?
44,140,44Si ,  , 29310#      , 500#      ,            ,           ,  , , ,   4#    ,ms, >360ns ,0+            ,11,2007, B- ?;B-n ?;B-2n ?
44,150,44P  ,  , 11110#      , 400#      ,            ,           ,  , , ,  18.5   ,ms, 2.5    ,              ,11,1989, B-=100;B-n ?;B-2n ?
44,160,44S  ,  , -9204       ,   5       ,            ,           ,  , , , 100     ,ms, 1      ,0+            ,11,1979, B-=100;B-n=18 3
44,161,44S  ,m , -7839       ,   5       , 1365.0     ,   0.8     ,  , , ,   2.619 ,us, 0.026  ,0+            ,11,2005, IT=100
44,170,44Cl ,  ,-20480       ,  90       ,            ,           ,  , , , 562     ,ms, 106    ,(2-)          ,11,1979, B-=100;B-n<8
44,180,44Ar ,  ,-32673.3     ,   1.6     ,            ,           ,  , , ,  11.87  , m, 0.05   ,0+            ,11,1969, B-=100
44,190,44K  ,  ,-35781.5     ,   0.4     ,            ,           ,  , , ,  22.13  , m, 0.19   ,2-*           ,11,1954, B-=100
44,200,44Ca ,  ,-41468.7     ,   0.3     ,            ,           ,  , , , stbl    ,  ,        ,0+            ,11,1922, IS=2.086 110
44,208,44Ca ,i ,-29619       ,  10       ,11850       ,  10       ,  , , ,         ,  ,        ,2-      T=3   ,11,, 
44,210,44Sc ,  ,-37816.0     ,   1.8     ,            ,           ,  , , ,   4.0421, h, 0.0025 ,2+*           ,11,1937, B+=100
44,211,44Sc ,m ,-37748.1     ,   1.8     ,   67.8679  ,   0.0014  ,  , , , 154.8   ,ns, 0.8    ,1-            ,11,1967, IT=100
44,212,44Sc ,n ,-37669.8     ,   1.8     ,  146.1914  ,   0.0020  ,  , , ,  51.0   ,us, 0.3    ,0-            ,11,1963, IT=100
44,213,44Sc ,p ,-37544.8     ,   1.8     ,  271.240   ,   0.010   ,  , , ,  58.61  , h, 0.10   ,6+*           ,11,1940, IT=98.80 7;B+=1.20 7
44,218,44Sc ,i ,-35038.3     ,   2.5     , 2778       ,   3       ,RQ, , ,         ,  ,        ,0+      T=2   ,11,, 
44,220,44Ti ,  ,-37548.6     ,   0.7     ,            ,           ,  , , ,  59.1   , y, 0.3    ,0+            ,11,1954, EC=100
44,228,44Ti ,i ,-30942.2     ,   0.9     , 6606.4     ,   0.5     ,  , , ,         ,  ,        ,2+      T=1   ,11,, IT=100
44,229,44Ti ,j ,-28210.6     ,   2.1     , 9338       ,   2       ,  , , ,         ,  ,        ,0+  frg T=2   ,11,, IT=100
44,230,44V  ,  ,-23808       ,   7       ,            ,           ,  , , , 111     ,ms, 7      ,(2)+          ,11,1971, B+=100;B+A=?;B+p ?
44,231,44V  ,m ,-23537       ,   5       ,  271       ,   9       ,MD, , , 150     ,ms, 3      ,(6)+          ,11,1997, B+=100
44,232,44V  ,n ,-23660#      , 100#      ,  150#      , 100#      ,  , , ,         ,  ,        ,0-#           ,,, 
44,238,44V  ,i ,-21119       ,  12       , 2689       ,  14       ,p , , ,         ,  ,        ,0+#     T=2   ,,1992, p=100
44,240,44Cr ,  ,-13420       ,  50       ,            ,           ,  , , ,  42.8   ,ms, 0.6    ,0+            ,11,1987, B+=100;B+p=12 2
44,250,44Mn ,  ,  7460#      , 300#      ,            ,           ,  , , ,         ,  , <105ns ,2-#           ,11,, p ?
45,140,45Si ,  , 37090#      , 600#      ,            ,           ,  , , ,   4#    ,ms,        ,3/2-#         ,,, B- ?;B-n ?;B-2n ?
45,150,45P  ,  , 15960#      , 500#      ,            ,           ,  , , ,  10#    ,ms, >200ns ,1/2+#         ,8,1990, B- ?;B-n ?;B-2n ?
45,160,45S  ,  , -3340#      , 300#      ,            ,           ,  , , ,  68     ,ms, 2      ,3/2-#         ,8,1989, B-=100;B-n~54;B-2n ?
45,170,45Cl ,  ,-18260       , 140       ,            ,           ,  , , , 413     ,ms, 25     ,(3/2+)        ,8,1979, B-=100;B-n=24 4
45,180,45Ar ,  ,-29770.8     ,   0.5     ,            ,           ,  , , ,  21.48  , s, 0.15   ,"(5/2-,7/2-)   ",8,1974, B-=100
45,190,45K  ,  ,-36615.6     ,   0.5     ,            ,           ,  , , ,  17.8   , m, 0.6    ,3/2+*         ,8,1964, B-=100
45,200,45Ca ,  ,-40812.2     ,   0.4     ,            ,           ,  , , , 162.61  , d, 0.09   ,7/2-*         ,8,1940, B-=100
45,210,45Sc ,  ,-41072.3     ,   0.7     ,            ,           ,  , , , stbl    ,  ,        ,7/2-*         ,8,1923, IS=100
45,211,45Sc ,m ,-41059.9     ,   0.7     ,   12.40    ,   0.05    ,  , , , 318     ,ms, 7      ,3/2+          ,8,1964, IT=100
45,218,45Sc ,i ,-34373       ,  15       , 6699       ,  15       ,  , , ,         ,  ,        ,7/2-    T=5/2 ,8,, 
45,220,45Ti ,  ,-39010.3     ,   0.8     ,            ,           ,  , , , 184.8   , m, 0.5    ,7/2-*         ,8,1941, B+=100
45,221,45Ti ,m ,-38973.8     ,   0.8     ,   36.53    ,   0.15    ,  , , ,   3.0   ,us, 0.2    ,3/2-          ,8,2006, IT=100
45,228,45Ti ,i ,-34291       ,   3       , 4719       ,   3       ,RQ, , ,         ,  ,        ,7/2-    T=3/2 ,8,, 
45,230,45V  ,  ,-31886.4     ,   0.9     ,            ,           ,  , , , 547     ,ms, 6      ,7/2-          ,8,1975, B+=100
45,231,45V  ,m ,-31829.6     ,   1.1     ,   56.8     ,   0.6     ,  , , , 512     ,ns, 13     ,(3/2-)        ,8,1980, IT=100
45,238,45V  ,i ,-27090       ,   9       , 4797       ,   9       ,RQ, , ,         ,  ,        ,7/2-    T=3/2 ,8,, p=100
45,240,45Cr ,  ,-19510       ,  40       ,            ,           ,  ,*, ,  60.9   ,ms, 0.4    ,7/2-#         ,8,1974, B+=100;B+p=34.4 8
45,241,45Cr ,m ,-19400       ,  40       ,  107       ,   1       ,  ,*, , >80     ,us,        ,(3/2)         ,11,2011, IT=100
45,250,45Mn ,  , -4980#      , 300#      ,            ,           ,  , , ,         ,  , <70ns  ,5/2-#         ,8,, p ?
45,260,45Fe ,  , 14410#      , 280#      ,            ,           ,  , , ,   2.5   ,ms, 0.2    ,3/2+#         ,8,1996, 2p=70 4;B+=30 4;B+p=18.9 35;B+2p=7.8 23 
46,150,46P  ,  , 22840#      , 500#      ,            ,           ,  , , ,   9#    ,ms, >200ns ,              ,0,1990, B- ?;B-n ?;B-2n ?
46,160,46S  ,  ,   640#      , 400#      ,            ,           ,  , , ,  50     ,ms, 8      ,0+            ,10,1989, B-=100;B-n ?;B-2n ?
46,170,46Cl ,  ,-13730       , 100       ,            ,           ,  , , , 232     ,ms, 2      ,2-#           ,12,1989, B-=100;B-n=60 9;B-2n ?
46,180,46Ar ,  ,-29771.3     ,   2.3     ,            ,           ,  , , ,   8.4   , s, 0.6    ,0+            ,0,1974, B-=100
46,190,46K  ,  ,-35413.9     ,   0.7     ,            ,           ,  , , ,  96.30  , s, 0.08   ,2-*           ,0,1965, B-=100
46,200,46Ca ,  ,-43139.6     ,   2.2     ,            ,           ,  , , , stbl    ,  ,        ,0+            ,0,1938, IS=0.004 3;2B- ?
46,210,46Sc ,  ,-41761.6     ,   0.7     ,            ,           ,  , , ,  83.757 , d, 0.014  ,4+*           ,0,1936, B-=100
46,211,46Sc ,m ,-41709.6     ,   0.7     ,   52.011   ,   0.001   ,  , , ,   9.4   ,us, 0.8    ,6+            ,0,1966, IT=100
46,212,46Sc ,n ,-41619.1     ,   0.7     ,  142.528   ,   0.007   ,  , , ,  18.75  , s, 0.04   ,1-            ,0,1948, IT=100
46,218,46Sc ,i ,-36748       ,   4       , 5014       ,   4       ,RQ, , ,         ,  ,        ,0+      T=3   ,0,, 
46,220,46Ti ,  ,-44128.27    ,   0.09    ,            ,           ,  , , , stbl    ,  ,        ,0+            ,0,1934, IS=8.25 3
46,228,46Ti ,i ,-34962       ,   7       , 9166       ,   7       ,RQ, , ,         ,  ,        ,4+      T=2   ,0,, 
46,229,46Ti ,j ,-29977       ,   6       ,14151       ,   6       ,RQ, , ,         ,  ,        ,0+      T=3   ,0,, 
46,230,46V  ,  ,-37075.90    ,   0.13    ,            ,           ,  , , , 422.62  ,ms, 0.05   ,0+      T=1   ,0,1952, B+=100
46,231,46V  ,m ,-36274.44    ,   0.16    ,  801.46    ,   0.10    ,  , , ,   1.02  ,ms, 0.07   ,3+      T=0   ,0,1962, IT=100
46,240,46Cr ,  ,-29472       ,  11       ,            ,           ,  , , , 224.3   ,ms, 1.3    ,0+            ,10,1972, B+=100
46,248,46Cr ,i ,-20328       ,  13       , 9143       ,  17       ,RQ, , ,         ,  ,        ,(4+)    T=2   ,10,, p=?
46,250,46Mn ,  ,-12420       ,  90       ,            ,           ,  ,*, ,  36.2   ,ms, 0.4    ,(4+)          ,10,1987, B+=100;B+p=57.0 8;B+2p~18;B+A ?
46,251,46Mn ,m ,-12270#      , 140#      ,  150#      , 100#      ,  ,*, ,   1#    ,ms,        ,1-#           ,,, B+ ?
46,258,46Mn ,i , -7390       ,  50       , 5030       , 100       ,p , , ,         ,  ,        ,        T=3   ,,,
46,260,46Fe ,  ,  1210#      , 300#      ,            ,           ,  , , ,  13.0   ,ms, 2.0    ,0+            ,10,1992, B+=100;B+p=78.7 38;B+2p=?
47,150,47P  ,  , 28810#      , 600#      ,            ,           ,  , , ,   4#    ,ms, >400ns ,1/2+#         ,,2018, B- ?;B-n ?;B-2n ?
47,160,47S  ,  ,  7200#      , 400#      ,            ,           ,  , , ,  24#    ,ms, >200ns ,3/2-#         ,7,1989, B- ?;B-n ?;B-2n ?
47,170,47Cl ,  , -9580#      , 200#      ,            ,           ,  , , , 101     ,ms, 5      ,3/2+#         ,7,1989, B-=100;B-n<3;B-2n ?
47,180,47Ar ,  ,-25367.3     ,   1.2     ,            ,           ,  , , ,   1.23  , s, 0.03   ,(3/2)-        ,7,1985, B-=100;B-n<0.2
47,190,47K  ,  ,-35712.0     ,   1.4     ,            ,           ,  , , ,  17.38  , s, 0.03   ,1/2+*         ,7,1964, B-=100
47,200,47Ca ,  ,-42344.7     ,   2.2     ,            ,           ,  , , ,   4.536 , d, 0.003  ,7/2-*         ,7,1951, B-=100
47,210,47Sc ,  ,-44336.8     ,   1.9     ,            ,           ,  , , ,   3.3492, d, 0.0006 ,7/2-*         ,7,1945, B-=100
47,211,47Sc ,m ,-43570.0     ,   1.9     ,  766.83    ,   0.09    ,  , , , 272     ,ns, 8      ,(3/2)+        ,7,1968, IT=100
47,220,47Ti ,  ,-44937.61    ,   0.08    ,            ,           ,  , , , stbl    ,  ,        ,5/2-*         ,7,1934, IS=7.44 2
47,228,47Ti ,i ,-37588.6     ,   0.7     , 7349.0     ,   0.7     ,  , , ,         ,  ,        ,7/2-    T=5/2 ,7,, 
47,230,47V  ,  ,-42007.07    ,   0.11    ,            ,           ,  , , ,  32.6   , m, 0.3    ,3/2-*         ,7,1942, B+=100
47,238,47V  ,i ,-37856.72    ,   0.16    , 4150.35    ,   0.11    ,  , , ,         ,  ,        ,5/2(-)  T=3/2 ,7,, IT=100
47,240,47Cr ,  ,-34563       ,   5       ,            ,           ,  , , , 461.6   ,ms, 1.5    ,3/2-          ,7,1972, B+=100
47,249,47Cr ,j ,-29803#      ,  21#      , 4760#      ,  20#      ,  , , ,         ,  ,        ,5/2-#   T=5/2 ,,,
47,250,47Mn ,  ,-22570       ,  30       ,            ,           ,  , , ,  88.0   ,ms, 1.3    ,5/2-#         ,7,1987, B+=100;B+p<1.7
47,258,47Mn ,i ,-15191       ,  17       , 7380       ,  40       ,RQ, , ,         ,  ,        ,7/2-#   T=5/2 ,7,2001, p=100
47,260,47Fe ,  , -7130#      , 500#      ,            ,           ,  , , ,  21.9   ,ms, 0.2    ,7/2-#         ,7,1992, B+=100;B+p=88.4 9
47,261,47Fe ,m , -6360#      , 510#      ,  770#      , 100#      ,  , , ,         ,  ,        ,3/2+#         ,,, IT ?
47,270,47Co ,  , 10620#      , 600#      ,            ,           ,  , , ,         ,  ,        ,7/2-#         ,7,, p ?
48,160,48S  ,  , 12390#      , 500#      ,            ,           ,  , , ,  10#    ,ms, >200ns ,0+            ,6,1990, B- ?;B-n ?;B-2n ?
48,170,48Cl ,  , -4280#      , 500#      ,            ,           ,  , , ,  30#    ,ms, >200ns ,              ,6,1989, B- ?;B-n ?;B-2n ?
48,180,48Ar ,  ,-22355       ,  17       ,            ,           ,  , , , 415     ,ms, 15     ,0+            ,10,2004, B-=100;B-n=38 6
48,190,48K  ,  ,-32284.5     ,   0.8     ,            ,           ,  , , ,   6.83  , s, 0.14   ,1-*           ,6,1972, B-=100;B-n=1.14 15
48,200,48Ca ,  ,-44224.868   ,   0.018   ,            ,           ,  , , ,  56     ,Ey, 10     ,0+            ,6,1938, IS=0.187 21;2B-=?;B- ?
48,210,48Sc ,  ,-44504       ,   5       ,            ,           ,  , , ,  43.67  , h, 0.09   ,6+*           ,6,1937, B-=100
48,220,48Ti ,  ,-48492.95    ,   0.07    ,            ,           ,  , , , stbl    ,  ,        ,0+            ,6,1923, IS=73.72 3
48,228,48Ti ,i ,-37767       ,   6       ,10726       ,   6       ,  , , ,         ,  ,        ,(6+)    T=3   ,6,, 
48,230,48V  ,  ,-44478.0     ,   1.0     ,            ,           ,  , , ,  15.9735, d, 0.0025 ,4+*           ,6,1937, B+=100
48,238,48V  ,i ,-41459.16    ,   0.23    , 3018.8     ,   0.9     ,RQ, , ,         ,  ,        ,(0)+    T=2   ,6,, IT=100
48,240,48Cr ,  ,-42821       ,   7       ,            ,           ,  , , ,  21.56  , h, 0.03   ,0+            ,6,1952, B+=100
48,248,48Cr ,i ,-37028       ,   7       , 5792.77    ,   0.24    ,  , , ,         ,  ,        ,4+      T=1   ,6,1987, IT=100
48,249,48Cr ,j ,-34061       ,  15       , 8760       ,  17       ,RQ, , ,         ,  ,        ,0+  frg T=2   ,6,, 
48,250,48Mn ,  ,-29297       ,   7       ,            ,           ,  , , , 158.1   ,ms, 2.2    ,4+            ,6,1987, B+=100;B+p=0.28 4;B+A=6e-4
48,258,48Mn ,i ,-26260       ,   7       , 3036.7     ,   0.9     ,IT, , ,         ,  ,        ,0+      T=2   ,6,, p=100
48,260,48Fe ,  ,-18010       ,  90       ,            ,           ,  , , ,  45.3   ,ms, 0.6    ,0+            ,6,1987, B+=100;B+p=15.3 5
48,270,48Co ,  ,  1730#      , 500#      ,            ,           ,  , , ,         ,  ,        ,6+#           ,6,, p ?
48,280,48Ni ,  , 18180#      , 420#      ,            ,           ,  , , ,   2.8   ,ms, 0.8    ,0+            ,6,2000, 2p=70 20;B+=30 20;B+p ?
49,160,49S  ,  , 20390#      , 580#      ,            ,           ,  , , ,   4#    ,ms, >400ns ,1/2-#         ,8,2018, B- ?;B-n ?;B-2n ?
49,170,49Cl ,  ,   740#      , 400#      ,            ,           ,  , , ,  35#    ,ms, >200ns ,3/2+#         ,8,1989, B- ?;B-n ?;B-2n ?
49,180,49Ar ,  ,-17060#      , 400#      ,            ,           ,  , , , 236     ,ms, 8      ,3/2-#         ,8,1989, B-=100;B-n=29 6;B-2n ?
49,190,49K  ,  ,-29611.5     ,   0.8     ,            ,           ,  , , ,   1.26  , s, 0.05   ,1/2+*         ,11,1972, B-=100;B-n=86 9
49,200,49Ca ,  ,-41300.00    ,   0.18    ,            ,           ,  , , ,   8.718 , m, 0.006  ,3/2-*         ,8,1950, B-=100
49,210,49Sc ,  ,-46562.4     ,   2.3     ,            ,           ,  , , ,  57.18  , m, 0.13   ,7/2-          ,8,1940, B-=100
49,220,49Ti ,  ,-48564.01    ,   0.08    ,            ,           ,  , , , stbl    ,  ,        ,7/2-*         ,8,1934, IS=5.41 2
49,230,49V  ,  ,-47962.2     ,   0.8     ,            ,           ,  , , , 330     , d, 15     ,7/2-*         ,8,1940, EC=100
49,238,49V  ,i ,-41531       ,   4       , 6432       ,   4       ,RQ, , ,         ,  ,        ,7/2-    T=5/2 ,,,
49,240,49Cr ,  ,-45332.4     ,   2.2     ,            ,           ,  , , ,  42.3   , m, 0.1    ,5/2-*         ,8,1942, B+=100
49,248,49Cr ,i ,-40568       ,   5       , 4764       ,   5       ,  , , ,         ,  ,        ,(7/2)-  T=3/2 ,8,1969, IT=100
49,250,49Mn ,  ,-37619.9     ,   2.2     ,            ,           ,  , , , 382     ,ms, 7      ,5/2-          ,8,1970, B+=100
49,258,49Mn ,i ,-32803       ,  18       , 4817       ,  18       ,p , , ,         ,  ,        ,(7/2-)  T=3/2 ,8,, p=100
49,260,49Fe ,  ,-24751       ,  24       ,            ,           ,  , , ,  64.7   ,ms, 0.3    ,(7/2-)        ,8,1970, B+=100;B+p=56.7 4
49,270,49Co ,  , -9780#      , 500#      ,            ,           ,  , , ,         ,  , <35ns  ,7/2-#         ,8,, p ?
49,280,49Ni ,  ,  8530#      , 600#      ,            ,           ,  , , ,   7.5   ,ms, 1.0    ,7/2-#         ,8,1996, B+=100;B+p=83.4 13.2
50,170,50Cl ,  ,  7700#      , 400#      ,            ,           ,  , , ,  10#    ,ms, >620ns ,              ,19,2009, B- ?;B-n ?;B-2n ?
50,180,50Ar ,  ,-13230#      , 500#      ,            ,           ,  , , , 106     ,ms, 6      ,0+            ,19,1989, B-=100;B-n=37 7;B-2n ?
50,190,50K  ,  ,-25728       ,   8       ,            ,           ,  , , , 472     ,ms, 4      ,0-*           ,19,1972, B-=100;B-n=28.6 24;B-2n ?
50,191,50K  ,m ,-25556       ,   8       ,  172.0     ,   0.4     ,  , , , 125     ,ns, 40     ,(2-)          ,19,1999, IT=100
50,200,50Ca ,  ,-39589.2     ,   1.6     ,            ,           ,  , , ,  13.45  , s, 0.05   ,0+            ,19,1964, B-=100
50,210,50Sc ,  ,-44537.1     ,   2.5     ,            ,           ,  , , , 102.5   , s, 0.5    ,5+            ,19,1959, B-=100
50,211,50Sc ,m ,-44280.2     ,   2.5     ,  256.895   ,   0.010   ,  , , , 350     ,ms, 40     ,2+            ,19,1963, IT>99;B-<1
50,220,50Ti ,  ,-51431.87    ,   0.08    ,            ,           ,  , , , stbl    ,  ,        ,0+            ,19,1934, IS=5.18 2
50,230,50V  ,  ,-49223.24    ,   0.09    ,            ,           ,  , , , 271     ,Py, 13     ,6+*           ,19,1949, IS=0.250 10;B+~100;B- ?
50,238,50V  ,i ,-44410.71    ,   0.28    , 4812.53    ,   0.27    ,RQ, , ,         ,  ,        ,0+      T=3   ,10,, 
50,240,50Cr ,  ,-50261.36    ,   0.09    ,            ,           ,  , , , stbl    ,  , >1.3Ey ,0+            ,19,1930, IS=4.345 13;2B+ ?
50,248,50Cr ,i ,-41836       ,   7       , 8425       ,   7       ,RQ, , ,         ,  ,        ,6+      T=2   ,19,, 
50,249,50Cr ,j ,-37039       ,   6       ,13222       ,   6       ,RQ, , ,         ,  ,        ,0+      T=3   ,19,, 
50,250,50Mn ,  ,-42626.89    ,   0.12    ,            ,           ,  , , , 283.21  ,ms, 0.07   ,0+*     T=1   ,19,1952, B+=100
50,251,50Mn ,m ,-42401.57    ,   0.11    ,  225.31    ,   0.07    ,MD, , ,   1.75  , m, 0.03   ,5+*     T=0   ,19,1962, B+=100
50,260,50Fe ,  ,-34476       ,   8       ,            ,           ,  , , , 152.0   ,ms, 0.6    ,0+            ,19,1977, B+=100;B+p~0
50,268,50Fe ,i ,-25999       ,  10       , 8478       ,  13       ,RQ, , ,         ,  ,        ,(6+)    T=2   ,19,, 
50,270,50Co ,  ,-17590       , 130       ,            ,           ,  , , ,  38.8   ,ms, 0.2    ,(6+)          ,19,1987, B+=100;B+p=70.5 7;B+2p ?
50,278,50Co ,i ,-12747       ,  15       , 4840       , 130       ,2p, , ,         ,  ,        ,(0)+    T=3   ,19,, p=100
50,280,50Ni ,  , -3460#      , 500#      ,            ,           ,  , , ,  18.5   ,ms, 1.2    ,0+            ,19,1994, B+=100;B+p=73 6;B+2p=14 5
51,170,51Cl ,  , 14290#      , 700#      ,            ,           ,  , , ,   5#    ,ms, >200ns ,3/2+#         ,16,1990, B- ?;B-n ?;B-2n ?
51,180,51Ar ,  , -6490#      , 400#      ,            ,           ,  , , ,  30#    ,ms, >200ns ,1/2-#         ,16,1989, B- ?;B-n ?;B-2n ?
51,190,51K  ,  ,-22515       ,  13       ,            ,           ,  , , , 365     ,ms, 5      ,3/2+*         ,16,1983, B-=100;B-n=65 6;B-2n ?
51,200,51Ca ,  ,-36332.3     ,   0.5     ,            ,           ,  , , ,  10.0   , s, 0.8    ,3/2-*         ,16,1980, B-=100;B-n ?
51,210,51Sc ,  ,-43250.4     ,   2.5     ,            ,           ,  , , ,  12.4   , s, 0.1    ,(7/2)-        ,16,1966, B-=100;B-n ?
51,220,51Ti ,  ,-49733.0     ,   0.5     ,            ,           ,  , , ,   5.76  , m, 0.01   ,3/2-          ,16,1947, B-=100
51,230,51V  ,  ,-52203.11    ,   0.10    ,            ,           ,  , , , stbl    ,  ,        ,7/2-*         ,16,1924, IS=99.750 10
51,240,51Cr ,  ,-51450.71    ,   0.17    ,            ,           ,  , , ,  27.7015, d, 0.0011 ,7/2-*         ,16,1940, EC=100
51,248,51Cr ,i ,-44838       ,   5       , 6613       ,   5       ,RQ, , ,         ,  ,        ,7/2-    T=5/2 ,16,, 
51,250,51Mn ,  ,-48243.2     ,   0.3     ,            ,           ,  , , ,  45.81  , m, 0.21   ,5/2-*         ,16,1938, B+=100
51,258,51Mn ,i ,-43792.6     ,   1.5     , 4450.6     ,   1.5     ,RQ, , ,         ,  ,        ,7/2-    T=3/2 ,16,, IT=100
51,260,51Fe ,  ,-40189.2     ,   1.4     ,            ,           ,  , , , 305.4   ,ms, 2.3    ,5/2-          ,16,1972, B+=100
51,270,51Co ,  ,-27340       ,  50       ,            ,           ,  , , ,  68.8   ,ms, 1.9    ,7/2-          ,16,1987, B+=100;B+p<3.8
51,278,51Co ,i ,-20674       ,  18       , 6670       ,  50       ,p , , ,         ,  ,        ,7/2-#   T=5/2 ,,, p=100
51,280,51Ni ,  ,-11650#      , 500#      ,            ,           ,  , , ,  23.8   ,ms, 0.2    ,7/2-#         ,16,1987, B+=100;B+p=87.2 8;B+2p=0.5 2
52,170,52Cl ,  , 22360#      , 700#      ,            ,           ,  , , ,   2#    ,ms, >400ns ,              ,,2018, B- ?;B-n ?;B-2n ?
52,180,52Ar ,  , -1380#      , 600#      ,            ,           ,  , , ,  40#    ,ms, >620ns ,0+            ,15,2009, B- ?;B-n ?;B-2n ?
52,190,52K  ,  ,-17140       ,  30       ,            ,           ,  , , , 110     ,ms, 4      ,2-#           ,15,1983, B-=100;B-n=72.2 9.3;B-2n=2.3 3
52,200,52Ca ,  ,-34266.3     ,   0.7     ,            ,           ,  , , ,   4.6   , s, 0.3    ,0+            ,15,1985, B-=100;B-n<2
52,210,52Sc ,  ,-40524       ,   3       ,            ,           ,  , , ,   8.2   , s, 0.2    ,3(+)          ,15,1980, B-=100;B-n ?
52,220,52Ti ,  ,-49477.7     ,   2.7     ,            ,           ,  , , ,   1.7   , m, 0.1    ,0+            ,15,1966, B-=100
52,230,52V  ,  ,-51443.03    ,   0.16    ,            ,           ,  , , ,   3.743 , m, 0.005  ,3+            ,15,1934, B-=100
52,240,52Cr ,  ,-55419.51    ,   0.11    ,            ,           ,  , , , stbl    ,  ,        ,0+            ,15,1923, IS=83.789 18
52,248,52Cr ,i ,-44154.6     ,   0.4     ,11264.9     ,   0.4     ,  , , ,         ,  ,        ,3+      T=3   ,15,, IT=100
52,250,52Mn ,  ,-50711.39    ,   0.13    ,            ,           ,  , , ,   5.591 , d, 0.003  ,6+*           ,15,1938, B+=100
52,251,52Mn ,m ,-50333.64    ,   0.13    ,  377.749   ,   0.005   ,  , , ,  21.1   , m, 0.2    ,2+*           ,15,1937, B+=98.22 5;IT=1.78 5
52,258,52Mn ,i ,-47785       ,   5       , 2926       ,   5       ,RQ, , ,         ,  ,        ,0+      T=2   ,15,, IT=100
52,260,52Fe ,  ,-48332.10    ,   0.18    ,            ,           ,  , , ,   8.275 , h, 0.008  ,0+            ,15,1948, B+=100
52,261,52Fe ,m ,-41371.43    ,   0.29    , 6960.7     ,   0.3     ,MD, , ,  45.9   , s, 0.6    ,12+           ,15,1979, B+=99.979 5;IT=0.021 5
52,268,52Fe ,i ,-42677.6     ,   0.4     , 5654.5     ,   0.4     ,  , , ,         ,  ,        ,6+      T=1   ,15,, IT=100
52,269,52Fe ,j ,-39776       ,   6       , 8556       ,   6       ,RQ, , ,         ,  ,        ,0+  frg T=2   ,15,, 
52,270,52Co ,  ,-34344       ,   5       ,            ,           ,  , , , 111.7   ,ms, 2.1    ,6+            ,15,1987, B+=100;B+p ?
52,271,52Co ,m ,-33968       ,   8       ,  376       ,   9       ,MD, , , 102     ,ms, 5      ,2+            ,,2016, B+~100;IT ?;B+p ?
52,278,52Co ,i ,-31420       ,   8       , 2924       ,   9       ,IT, , ,         ,  ,        ,0+      T=2   ,,2016, IT=75 23;p=?
52,280,52Ni ,  ,-22560       ,  80       ,            ,           ,  , , ,  41.8   ,ms, 1.0    ,0+            ,15,1987, B+=100;B+p=31.1 5
52,290,52Cu ,  , -1880#      , 600#      ,            ,           ,  , , ,         ,  ,        ,3+#           ,,, p ?
53,180,53Ar ,  ,  6790#      , 700#      ,            ,           ,  , , ,  20#    ,ms, >620ns ,5/2-#         ,11,2009, B- ?;B-n ?;B-2n ?
53,190,53K  ,  ,-12300       , 110       ,            ,           ,  , , ,  30     ,ms, 5      ,3/2+          ,9,1983, B-=100;B-n~64 11;B-2n~10 5
53,200,53Ca ,  ,-29390       ,  40       ,            ,           ,  , , , 461     ,ms, 90     ,1/2-#         ,14,1983, B-=100;B-n=40 10
53,210,53Sc ,  ,-38770       ,  18       ,            ,           ,  , , ,   2.4   , s, 0.6    ,(7/2-)        ,14,1980, B-=100;B-n ?
53,220,53Ti ,  ,-46881.4     ,   2.9     ,            ,           ,  , , ,  32.7   , s, 0.9    ,(3/2)-        ,9,1977, B-=100
53,230,53V  ,  ,-51852       ,   3       ,            ,           ,  , , ,   1.543 , m, 0.014  ,7/2-          ,9,1960, B-=100
53,240,53Cr ,  ,-55287.62    ,   0.12    ,            ,           ,  , , , stbl    ,  ,        ,3/2-*         ,9,1930, IS=9.501 17
53,250,53Mn ,  ,-54690.3     ,   0.3     ,            ,           ,  , , ,   3.7   ,My, 0.4    ,7/2-*         ,9,1955, EC=100
53,258,53Mn ,i ,-47717       ,   4       , 6973       ,   4       ,RQ, , ,         ,  ,        ,3/2-    T=5/2 ,9,1976, 
53,260,53Fe ,  ,-50947.5     ,   1.7     ,            ,           ,  , , ,   8.51  , m, 0.02   ,7/2-          ,9,1938, B+=100
53,261,53Fe ,m ,-47907.1     ,   1.7     , 3040.4     ,   0.3     ,  , , ,   2.54  , m, 0.02   ,19/2-         ,9,1967, IT=100
53,268,53Fe ,i ,-46698       ,   3       , 4250       ,   3       ,  , , ,         ,  ,        ,7/2-    T=3/2 ,9,, 
53,270,53Co ,  ,-42659.4     ,   1.7     ,            ,           ,  , , , 244.6   ,ms, 2.8    ,7/2-#         ,9,1970, B+=100
53,271,53Co ,m ,-39485.1     ,   1.9     , 3174.3     ,   0.9     ,MD, , , 250     ,ms, 10     ,(19/2-)       ,9,1970, B+=?;p~1.5
53,278,53Co ,i ,-38334.4     ,   2.6     , 4325.0     ,   2.0     ,IT, , ,         ,  ,        ,(7/2-)  T=3/2 ,9,1976, IT~100;p<0.9 3
53,280,53Ni ,  ,-29631       ,  25       ,            ,           ,  , , ,  55.2   ,ms, 0.7    ,(7/2-)        ,13,1976, B+=100;B+p=22.7 7
53,290,53Cu ,  ,-13140#      , 500#      ,            ,           ,  , , ,         ,  , <130ns ,3/2-#         ,13,, p ?
54,180,54Ar ,  , 12560#      , 800#      ,            ,           ,  , , ,   5#    ,ms, >400ns ,0+            ,,2018, B- ?;B-n ?;B-2n ?
54,190,54K  ,  , -5150#      , 400#      ,            ,           ,  , , ,  10     ,ms, 5      ,2-#           ,14,1983, B-=100;B-n ?;B-2n ?
54,200,54Ca ,  ,-25160       ,  50       ,            ,           ,  , , ,  90     ,ms, 6      ,0+            ,14,1997, B-=100;B-n ?;B-2n ?
54,210,54Sc ,  ,-34438       ,  14       ,            ,           ,  , , , 526     ,ms, 15     ,(3)+          ,14,1990, B-=100;B-n=16 9
54,211,54Sc ,m ,-34328       ,  14       ,  110.5     ,   0.3     ,  , , ,   2.77  ,us, 0.02   ,"(5+,4+)       ",14,1998, IT=100
54,220,54Ti ,  ,-45744       ,  16       ,            ,           ,  , , ,   2.1   , s, 1.0    ,0+            ,14,1980, B-=100
54,230,54V  ,  ,-49898       ,  11       ,            ,           ,  , , ,  49.8   , s, 0.5    ,3+            ,14,1970, B-=100
54,231,54V  ,m ,-49790       ,  11       ,  108.0     ,   1.0     ,  , , , 900     ,ns, 500    ,(5)+          ,14,1998, IT=100
54,240,54Cr ,  ,-56935.38    ,   0.13    ,            ,           ,  , , , stbl    ,  ,        ,0+            ,14,1930, IS=2.365 7
54,250,54Mn ,  ,-55558.2     ,   1.0     ,            ,           ,  , , , 312.081 , d, 0.032  ,3+*           ,14,1938, EC=100;B-=0.93e-4;e+=1.28e-7 25
54,258,54Mn ,i ,-49411.9     ,   2.8     , 6146.4     ,   3.0     ,RQ, , ,         ,  ,        ,0+      T=3   ,,,
54,260,54Fe ,  ,-56254.6     ,   0.3     ,            ,           ,  , , , stbl    ,  ,        ,0+            ,14,1923, IS=5.845 105;2B+ ?
54,261,54Fe ,m ,-49727.5     ,   1.1     , 6527.1     ,   1.1     ,  , , , 364     ,ns, 7      ,10+           ,14,1983, IT=100
54,269,54Fe ,j ,-41387       ,  20       ,14868       ,  20       ,RQ, , ,         ,  ,        ,0+      T=3   ,14,, 
54,270,54Co ,  ,-48010.1     ,   0.4     ,            ,           ,  , , , 193.27  ,ms, 0.06   ,0+      T=1   ,14,1952, B+=100
54,271,54Co ,m ,-47812.5     ,   0.4     ,  197.57    ,   0.10    ,MD, , ,   1.48  , m, 0.02   ,7+      T=0   ,14,1962, B+=100
54,280,54Ni ,  ,-39278       ,   5       ,            ,           ,  , , , 114.1   ,ms, 0.3    ,0+            ,14,1977, B+=100;B+p ?
54,281,54Ni ,m ,-32821       ,   5       , 6457.4     ,   0.9     ,  , , , 152     ,ns, 4      ,10+           ,14,2008, IT=64 2;p=36 2
54,290,54Cu ,  ,-21240#      , 400#      ,            ,           ,  , , ,         ,  , <75ns  ,3+#           ,14,, p ?
54,300,54Zn ,  , -5700#      , 220#      ,            ,           ,  , , ,   1.8   ,ms, 0.5    ,0+            ,14,2005, 2p=87 7
55,190,55K  ,  ,   470#      , 500#      ,            ,           ,  , , ,  10#    ,ms, >620ns ,3/2+#         ,9,2009, B- ?;B-n ?;B-2n ?
55,200,55Ca ,  ,-18650       , 160       ,            ,           ,  , , ,  22     ,ms, 2      ,5/2-#         ,9,1997, B-=100;B-n ?;B-2n ?
55,210,55Sc ,  ,-30840       ,  60       ,            ,           ,  , , ,  96     ,ms, 2      ,(7/2)-        ,8,1990, B-=100;B-n=17 7;B-2n ?
55,220,55Ti ,  ,-41832       ,  29       ,            ,           ,  , , ,   1.3   , s, 0.1    ,(1/2)-        ,10,1980, B-=100;B-n ?
55,230,55V  ,  ,-49125       ,  27       ,            ,           ,  , , ,   6.54  , s, 0.15   ,7/2-#         ,8,1977, B-=100
55,240,55Cr ,  ,-55110.32    ,   0.23    ,            ,           ,  , , ,   3.497 , m, 0.003  ,3/2-          ,8,1952, B-=100
55,250,55Mn ,  ,-57712.54    ,   0.26    ,            ,           ,  , , , stbl    ,  ,        ,5/2-*         ,8,1923, IS=100
55,260,55Fe ,  ,-57481.4     ,   0.3     ,            ,           ,  , , ,   2.7562, y, 0.0004 ,3/2-          ,9,1939, EC=100
55,268,55Fe ,i ,-49848       ,   6       , 7633       ,   6       ,RQ, , ,         ,  ,        ,5/2-    T=5/2 ,9,, 
55,270,55Co ,  ,-54030.0     ,   0.4     ,            ,           ,  , , ,  17.53  , h, 0.03   ,7/2-*         ,9,1938, B+=100
55,278,55Co ,i ,-49308.6     ,   0.4     , 4721.44    ,   0.10    ,  , , ,         ,  ,        ,3/2- frgT=3/2 ,9,1981, IT=100
55,280,55Ni ,  ,-45336.0     ,   0.7     ,            ,           ,  , , , 203.9   ,ms, 1.3    ,7/2-          ,8,1972, B+=100
55,288,55Ni ,i ,-40737.0     ,   1.2     , 4599       ,   1       ,  , , ,         ,  ,        ,7/2- frgT=3/2 ,,, 
55,290,55Cu ,  ,-31640       , 160       ,            ,           ,  , , ,  55.9   ,ms, 1.5    ,3/2-#         ,8,1987, B+=100;B+p=?
55,300,55Zn ,  ,-14270#      , 400#      ,            ,           ,  , , ,  19.8   ,ms, 1.3    ,5/2-#         ,8,2001, B+=100;B+p=91.0 51
56,190,56K  ,  ,  7980#      , 600#      ,            ,           ,  , , ,   5#    ,ms, >620ns ,2-#           ,11,2009, B- ?;B-n ?;B-2n ?
56,200,56Ca ,  ,-13510       , 250       ,            ,           ,  , , ,  11     ,ms, 2      ,0+            ,11,1997, B-=100;B-n ?;B-2n ?
56,210,56Sc ,  ,-25520       , 260       ,            ,           ,  ,*, ,  26     ,ms, 6      ,(1+)          ,11,1997, B-=100;B-n ?;B-2n ?
56,211,56Sc ,m ,-25520#      , 280#      ,    0#      , 100#      ,  ,*, ,  75     ,ms, 6      ,"(6+,5+)       ",11,2004, B-=100;B-n>12;B-2n ?
56,212,56Sc ,n ,-24750       , 260       ,  775.0     ,   0.1     ,  , , , 290     ,ns, 17     ,(4+)          ,11,2004, IT=100
56,220,56Ti ,  ,-39420       , 100       ,            ,           ,  , , , 200     ,ms, 5      ,0+            ,11,1980, B-=100;B-n ?
56,230,56V  ,  ,-46180       , 180       ,            ,           ,  , , , 216     ,ms, 4      ,(1+)          ,11,1980, B-=100;B-n ?
56,240,56Cr ,  ,-55285.1     ,   0.6     ,            ,           ,  , , ,   5.94  , m, 0.10   ,0+            ,11,1960, B-=100
56,250,56Mn ,  ,-56911.67    ,   0.29    ,            ,           ,  , , ,   2.5789, h, 0.0001 ,3+*           ,11,1934, B-=100
56,260,56Fe ,  ,-60607.16    ,   0.27    ,            ,           ,  , , , stbl    ,  ,        ,0+            ,11,1923, IS=91.754 106
56,268,56Fe ,i ,-49103.5     ,   0.4     ,11503.7     ,   0.3     ,  , , ,         ,  ,        ,3+      T=3   ,11,, 
56,270,56Co ,  ,-56040.5     ,   0.5     ,            ,           ,  , , ,  77.236 , d, 0.026  ,4+*           ,11,1941, B+=100
56,278,56Co ,i ,-52448       ,   9       , 3593       ,   9       ,RQ, , ,         ,  ,        ,(0+) frgT=2   ,11,, 
56,280,56Ni ,  ,-53907.6     ,   0.4     ,            ,           ,  , , ,   6.075 , d, 0.010  ,0+            ,11,1952, B+=100
56,283,56Ni ,p ,-44172.1     ,   1.9     , 9735.5     ,   1.9     ,  , , ,         ,  ,        ,7             ,11,2008, p~100
56,288,56Ni ,i ,-47475.7     ,   0.8     , 6431.9     ,   0.7     ,  , , ,         ,  ,        ,4+      T=1   ,11,, 
56,289,56Ni ,j ,-43964       ,   4       , 9944       ,   4       ,RQ, , ,         ,  ,        ,0+  frg T=2   ,,,
56,290,56Cu ,  ,-38630       ,   6       ,            ,           ,  , , ,  80.8   ,ms, 0.6    ,(4+)          ,11,1987, B+=100;B+p=0.40 12
56,298,56Cu ,i ,-35099       ,  10       , 3531       ,  12       , p, , ,         ,  ,        ,        T=2   ,,2007, IT=51 6;p=49 6
56,300,56Zn ,  ,-25390#      , 400#      ,            ,           ,  , , ,  32.4   ,ms, 0.7    ,0+            ,11,2001, B+=100;B+p=88.0 23
56,308,56Zn ,i ,-21530#      , 650#      , 3860#      , 510#      ,  , , ,         ,  ,        ,3+#     T=3   ,,, p ?
56,310,56Ga ,  , -3840#      , 500#      ,            ,           ,  , , ,         ,  ,        ,3+#           ,,, p ?
57,190,57K  ,  , 14130#      , 600#      ,            ,           ,  , , ,   2#    ,ms, >400ns ,3/2+#         ,,2018, B- ?;B-n ?;B-2n ?
57,200,57Ca ,  , -6560#      , 400#      ,            ,           ,  , , ,   8#    ,ms, >620ns ,5/2-#         ,10,2009, B- ?;B-n ?;B-2n ?
57,210,57Sc ,  ,-21380       , 180       ,            ,           ,  , , ,  22     ,ms, 2      ,7/2-#         ,10,1997, B-=100;B-n ?;B-2n ?
57,220,57Ti ,  ,-34400       , 210       ,            ,           ,  , , ,  95     ,ms, 8      ,5/2-#         ,10,1985, B-=100;B-n ?
57,230,57V  ,  ,-44440       ,  80       ,            ,           ,  , , , 350     ,ms, 10     ,(7/2-)        ,10,1980, B-=100;B-n ?
57,240,57Cr ,  ,-52525.0     ,   1.9     ,            ,           ,  , , ,  21.1   , s, 1.0    ,(3/2)-        ,10,1978, B-=100
57,250,57Mn ,  ,-57486.3     ,   1.5     ,            ,           ,  , , ,  85.4   , s, 1.8    ,5/2-*         ,98,1954, B-=100
57,260,57Fe ,  ,-60182.02    ,   0.27    ,            ,           ,  , , , stbl    ,  ,        ,1/2-*         ,98,1935, IS=2.119 29
57,270,57Co ,  ,-59345.7     ,   0.5     ,            ,           ,  , , , 271.811 , d, 0.032  ,7/2-*         ,98,1941, EC=100
57,278,57Co ,i ,-52092.3     ,   0.4     , 7253.3     ,   0.6     ,RQ, , ,         ,  ,        ,1/2-    T=5/2 ,,, 
57,280,57Ni ,  ,-56084.0     ,   0.6     ,            ,           ,  , , ,  35.60  , h, 0.06   ,3/2-          ,98,1938, B+=100
57,288,57Ni ,i ,-50845.2     ,   0.9     , 5238.8     ,   0.7     ,  , , ,         ,  ,        ,7/2- frgT=3/2 ,98,, 
57,290,57Cu ,  ,-47309.0     ,   0.5     ,            ,           ,  , , , 196.4   ,ms, 0.7    ,3/2-*         ,98,1976, B+=100
57,298,57Cu ,i ,-42010       ,  25       , 5299       ,  25       ,p , , ,         ,  ,        ,7/2-    T=3/2 ,,,
57,300,57Zn ,  ,-32550#      , 200#      ,            ,           ,  , , ,  45.7   ,ms, 0.6    ,7/2-#         ,98,1976, B+=100;B+p=87 9
57,310,57Ga ,  ,-15410#      , 400#      ,            ,           ,  , , ,         ,  ,        ,1/2-#         ,,, p ?
58,190,58K  ,  , 21930#      , 700#      ,            ,           ,  , , ,   2#    ,ms, >400ns ,2-#           ,,2019, B- ?;B-n ?;B-2n ?
58,200,58Ca ,  , -1530#      , 500#      ,            ,           ,  , , ,   4#    ,ms, >620ns ,0+            ,10,2009, B- ?;B-n ?;B-2n ?
58,210,58Sc ,  ,-15480       , 190       ,            ,           ,  , , ,  12     ,ms, 5      ,3+#           ,10,1997, B-=100;B-n ?;B-2n ?
58,211,58Sc ,m ,-14060       , 190       , 1420.7     ,   2.2     ,  , , ,   0.60  ,us, 0.13   ,              ,,2020, IT=100
58,220,58Ti ,  ,-30920       , 180       ,            ,           ,  , , ,  55     ,ms, 6      ,0+            ,14,1992, B-=100;B-n ?
58,230,58V  ,  ,-40430       , 100       ,            ,           ,  , , , 191     ,ms, 10     ,(1+)          ,10,1980, B-=100;B-n ?
58,240,58Cr ,  ,-51991.8     ,   3.0     ,            ,           ,  , , ,   7.0   , s, 0.3    ,0+            ,10,1980, B-=100
58,250,58Mn ,  ,-55827.6     ,   2.7     ,            ,           ,  , , ,   3.0   , s, 0.1    ,1+*           ,10,1961, B-=100
58,251,58Mn ,m ,-55755.8     ,   2.7     ,   71.77    ,   0.05    ,  , , ,  65.4   , s, 0.5    ,4+*           ,10,1961, B-~100;IT ?
58,260,58Fe ,  ,-62155.3     ,   0.3     ,            ,           ,  , , , stbl    ,  ,        ,0+            ,10,1935, IS=0.282 12
58,270,58Co ,  ,-59847.3     ,   1.2     ,            ,           ,  , , ,  70.844 , d, 0.020  ,2+*           ,10,1941, B+=100;e+=14.79 24;EC=85.21 24
58,271,58Co ,m ,-59822.4     ,   1.2     ,   24.95    ,   0.06    ,  , , ,   8.853 , h, 0.023  ,5+            ,10,1950, IT=99.99880 5;EC=0.00120 5
58,272,58Co ,n ,-59794.2     ,   1.2     ,   53.15    ,   0.07    ,  , , ,  10.5   ,us, 0.3    ,4+            ,10,1964, IT=100
58,278,58Co ,i ,-54095       ,   8       , 5752       ,   8       ,RQ, , ,         ,  ,        ,0+  frg T=3   ,10,, 
58,280,58Ni ,  ,-60228.9     ,   0.3     ,            ,           ,  , , , stbl    ,  , >700Ey ,0+            ,10,1921, IS=68.0769 190;2B+ ?
58,288,58Ni ,i ,-51400       ,  40       , 8830       ,  40       ,RQ, , ,         ,  ,        ,2+      T=2   ,10,, 
58,289,58Ni ,j ,-45690       ,   7       ,14539       ,   7       ,RQ, , ,         ,  ,        ,0+      T=3   ,10,, 
58,290,58Cu ,  ,-51667.9     ,   0.6     ,            ,           ,  , , ,   3.204 , s, 0.007  ,1+*     T=0   ,10,1952, B+=100
58,298,58Cu ,i ,-51464.9     ,   0.6     ,  202.99    ,   0.24    ,  , , ,         ,  ,        ,0+      T=1   ,10,, 
58,300,58Zn ,  ,-42300       ,  50       ,            ,           ,  , , ,  86.0   ,ms, 1.9    ,0+            ,14,1986, B+=100;B+p=0.7 1
58,310,58Ga ,  ,-23540#      , 300#      ,            ,           ,  ,*, ,         ,  ,        ,2+#           ,,, p ?
58,311,58Ga ,m ,-23510#      , 320#      ,   30#      , 100#      ,  ,*, ,         ,  ,        ,5+#           ,,, p ?
58,320,58Ge ,  , -7580#      , 500#      ,            ,           ,  , , ,         ,  ,        ,0+            ,,, 2p ?
59,190,59K  ,  , 28750#      , 800#      ,            ,           ,  , , ,   1#    ,ms, >400ns ,3/2+#         ,,2018, B- ?;B-n ?;B-2n ?
59,200,59Ca ,  ,  5810#      , 600#      ,            ,           ,  , , ,   5#    ,ms, >400ns ,5/2-#         ,,2018, B- ?;B-n ?;B-2n ?
59,210,59Sc ,  ,-10830       , 250       ,            ,           ,  , , ,  12#    ,ms, >620ns ,7/2-#         ,18,2009, B- ?;B-n ?;B-2n ?
59,220,59Ti ,  ,-25880#      , 300#      ,            ,           ,  , , ,  28.5   ,ms, 1.9    ,5/2-#         ,18,1997, B-=100;B-n ?;B-2n ?
59,221,59Ti ,m ,-25770#      , 300#      ,  108.5     ,   0.5     ,  , , , 615     ,ns, 11     ,1/2-#         ,18,2012, IT=100
59,230,59V  ,  ,-37610       , 140       ,            ,           ,  , , ,  95     ,ms, 6      ,(5/2-)        ,18,1985, B-=100;B-n>3
59,240,59Cr ,  ,-48115.9     ,   0.7     ,            ,           ,  , , ,1050     ,ms, 90     ,(1/2-)        ,18,1980, B-=100
59,241,59Cr ,m ,-47613.2     ,   1.3     ,  502.7     ,   1.1     ,  , , ,  96     ,us, 20     ,(9/2+)        ,18,1998, IT=100
59,250,59Mn ,  ,-55525.3     ,   2.3     ,            ,           ,  , , ,   4.59  , s, 0.05   ,5/2-*         ,18,1976, B-=100
59,260,59Fe ,  ,-60665.0     ,   0.3     ,            ,           ,  , , ,  44.500 , d, 0.012  ,3/2-*         ,18,1938, B-=100
59,270,59Co ,  ,-62229.8     ,   0.4     ,            ,           ,  , , , stbl    ,  ,        ,7/2-*         ,18,1923, IS=100
59,280,59Ni ,  ,-61156.8     ,   0.4     ,            ,           ,  , , ,  81     ,ky, 5      ,3/2-          ,18,1951, B+=100
59,288,59Ni ,i ,-53814.9     ,   2.1     , 7341.9     ,   2.1     ,RQ, , ,         ,  ,        ,7/2- frgT=5/2 ,,,
59,290,59Cu ,  ,-56358.5     ,   0.5     ,            ,           ,  , , ,  81.5   , s, 0.5    ,3/2-*         ,18,1947, B+=100
59,298,59Cu ,i ,-52473.0     ,   2.2     , 3885.5     ,   2.1     ,  , , ,         ,  ,        ,3/2- frgT=3/2 ,18,, IT=100
59,300,59Zn ,  ,-47215.7     ,   0.8     ,            ,           ,  , , , 178.7   ,ms, 1.3    ,3/2-          ,18,1981, B+=100;B+p=0.10 2
59,310,59Ga ,  ,-33760#      , 170#      ,            ,           ,  , , ,         ,  , <43ns  ,3/2-#         ,18,, p ?
59,320,59Ge ,  ,-16370#      , 400#      ,            ,           ,  , , ,  13.3   ,ms, 1.7    ,7/2-#         ,18,2015, B+~100;B+p=93 7;2p<0.2
60,200,60Ca ,  , 11000#      , 700#      ,            ,           ,  , , ,   2#    ,ms, >400ns ,0+            ,,2018, B- ?;B-n ?;B-2n ?
60,210,60Sc ,  , -4550#      , 500#      ,            ,           ,  , , ,  10#    ,ms, >620ns ,3+#           ,,2009, B- ?;B-n ?;B-2n ?
60,220,60Ti ,  ,-22100       , 240       ,            ,           ,  , , ,  22.2   ,ms, 1.6    ,0+            ,14,1997, B-=100;B-n ?;B-2n ?
60,230,60V  ,  ,-33090       , 180       ,            ,           ,  ,*, , 122     ,ms, 18     ,3+#           ,13,1985, B-=100;B-n ?;B-2n ?
60,231,60V  ,m ,-33090#      , 230#      ,    0#      , 150#      ,  ,*, ,  40     ,ms, 15     ,1+#           ,13,1999, B-=?;IT ?;B-n ?;B-2n ?
60,232,60V  ,n ,-32890       , 180       ,  203.7     ,   0.7     ,  , , , 230     ,ns, 24     ,(4+)          ,13,1999, IT=100
60,240,60Cr ,  ,-46908.5     ,   1.1     ,            ,           ,  , , , 490     ,ms, 10     ,0+            ,13,1980, B-=100;B-n ?
60,250,60Mn ,  ,-52967.9     ,   2.3     ,            ,           ,  , , , 280     ,ms, 20     ,1+*           ,13,1978, B-=100
60,251,60Mn ,m ,-52696.0     ,   2.3     ,  271.90    ,   0.10    ,  , , ,   1.77  , s, 0.02   ,4+*           ,13,1978, B-=88.5 8;IT=11.5 8
60,260,60Fe ,  ,-61413       ,   3       ,            ,           ,  , , ,   2.62  ,My, 0.04   ,0+            ,13,1957, B-=100
60,270,60Co ,  ,-61650.4     ,   0.4     ,            ,           ,  , , ,   5.2714, y, 0.0006 ,5+*           ,13,1941, B-=100
60,271,60Co ,m ,-61591.8     ,   0.4     ,   58.59    ,   0.01    ,  , , ,  10.467 , m, 0.006  ,2+*           ,13,1963, IT~100;B-=0.25 3
60,280,60Ni ,  ,-64473.2     ,   0.4     ,            ,           ,  , , , stbl    ,  ,        ,0+            ,13,1921, IS=26.2231 150
60,288,60Ni ,i ,-53347       ,   4       ,11126       ,   4       ,RQ, , ,         ,  ,        ,5+      T=3   ,,,
60,290,60Cu ,  ,-58345.3     ,   1.6     ,            ,           ,  , , ,  23.7   , m, 0.4    ,2+*           ,13,1947, B+=100
60,298,60Cu ,i ,-55804       ,   5       , 2541       ,   5       ,RQ, , ,         ,  ,        ,(0+)    T=2   ,13,, IT=100
60,300,60Zn ,  ,-54174.5     ,   0.5     ,            ,           ,  , , ,   2.38  , m, 0.05   ,0+            ,13,1955, B+=100
60,308,60Zn ,i ,-49322.3     ,   0.9     , 4852.2     ,   0.7     ,  , , ,         ,  ,        ,(2+)    T=1   ,13,, IT=100
60,309,60Zn ,j ,-46807       ,  24       , 7367       ,  24       ,RQ, , ,         ,  ,        ,0+      T=2   ,13,, 
60,310,60Ga ,  ,-39590#      , 200#      ,            ,           ,  , , ,  72.4   ,ms, 1.7    ,(2+)          ,13,1995, B+=100;B+p=1.6 7;B+A<0.023 20
60,318,60Ga ,i ,-37050#      , 210#      , 2540#      ,  50#      ,  , , ,       ,,,,,,
60,320,60Ge ,  ,-27530#      , 300#      ,            ,           ,  , , ,  21     ,ms, 6      ,0+            ,13,2005, B+=100;B+p~100;B+2p<14
60,330,60As ,  , -5640#      , 400#      ,            ,           ,  , , ,         ,  ,        ,5+#           ,,, p ?
60,331,60As ,m , -5580#      , 400#      ,   60#      ,  20#      ,  , , ,         ,  ,        ,2+#           ,,, p ?
61,200,61Ca ,  , 19010#      , 800#      ,            ,           ,  , , ,   1#    ,ms,        ,1/2-#         ,,, B- ?;B-n ?;B-2n ?
61,210,61Sc ,  ,   500#      , 600#      ,            ,           ,  , , ,   7#    ,ms, >620ns ,7/2-#         ,15,2009, B- ?;B-n ?;B-2n ?
61,220,61Ti ,  ,-16370#      , 300#      ,            ,           ,  , , ,  15     ,ms, 4      ,1/2-#         ,15,1997, B-=100;B-n ?;B-2n ?
61,221,61Ti ,m ,-16250#      , 300#      ,  125.0     ,   0.5     ,  , , , 200     ,ns, 28     ,5/2-#         ,15,2019, IT=100
61,222,61Ti ,n ,-15670#      , 300#      ,  700.1     ,   0.7     ,  , , , 354     ,ns, 69     ,9/2+#         ,15,2019, IT=100
61,230,61V  ,  ,-30180       , 230       ,            ,           ,  , , ,  48.2   ,ms, 0.6    ,(3/2-)        ,15,1992, B-=100;B-n=14.5 20;B-2n ?
61,240,61Cr ,  ,-42496.5     ,   1.9     ,            ,           ,  , , , 243     ,ms, 9      ,(5/2-)        ,15,1985, B-=100;B-n ?
61,250,61Mn ,  ,-51742.1     ,   2.3     ,            ,           ,  , , , 709     ,ms, 8      ,5/2-*         ,15,1980, B-=100;B-n ?
61,260,61Fe ,  ,-58920.5     ,   2.6     ,            ,           ,  , , ,   5.98  , m, 0.06   ,(3/2-)        ,15,1957, B-=100
61,261,61Fe ,m ,-58058.8     ,   2.6     ,  861.67    ,   0.11    ,  , , , 238     ,ns, 5      ,9/2+          ,15,1998, IT=100
61,270,61Co ,  ,-62898.2     ,   0.8     ,            ,           ,  , , ,   1.649 , h, 0.005  ,7/2-          ,15,1947, B-=100
61,280,61Ni ,  ,-64222.0     ,   0.4     ,            ,           ,  , , , stbl    ,  ,        ,3/2-*         ,15,1934, IS=1.1399 13
61,290,61Cu ,  ,-61984.1     ,   1.0     ,            ,           ,  , , ,   3.343 , h, 0.016  ,3/2-*         ,15,1937, B+=100
61,298,61Cu ,i ,-55611       ,   7       , 6373       ,   7       ,RQ, , ,         ,  ,        ,3/2- frgT=5/2 ,,,
61,300,61Zn ,  ,-56349       ,  16       ,            ,           ,  , , ,  89.1   , s, 0.2    ,3/2-          ,15,1955, B+=100
61,308,61Zn ,i ,-53190#      , 100#      , 3160#      , 100#      ,  , , ,         ,  ,        ,3/2-#   T=3/2 ,,,
61,309,61Zn ,j ,-46360       ,  70       , 9990       ,  70       ,  , , ,         ,  ,        ,3/2-    T=5/2 ,15,, 
61,310,61Ga ,  ,-47130       ,  40       ,            ,           ,  , , , 165.9   ,ms, 2.5    ,3/2-          ,15,1987, B+=100;B+p<0.25
61,311,61Ga ,m ,-47040#      , 110#      ,   90#      , 100#      ,  , , ,         ,  ,        ,1/2-#         ,,, 
61,318,61Ga ,i ,-43780       ,  30       , 3360       ,  50       ,p , , ,         ,  ,        ,(3/2-)  T=3/2 ,15,1987, p=100
61,320,61Ge ,  ,-33790#      , 300#      ,            ,           ,  , , ,  40.7   ,ms, 0.4    ,3/2-#         ,15,1987, B+=100;B+p=87 3
61,330,61As ,  ,-17200#      , 300#      ,            ,           ,  , , ,         ,  ,        ,3/2-#         ,,, p ?
62,210,62Sc ,  ,  7310#      , 600#      ,            ,           ,  , , ,   2#    ,ms, >400ns ,              ,,2018, B- ?;B-n ?;B-2n ?
62,220,62Ti ,  ,-12200#      , 400#      ,            ,           ,  , , ,   9#    ,ms, >620ns ,0+            ,12,2009, B- ?;B-n ?;B-2n ?
62,230,62V  ,  ,-25210       , 260       ,            ,           ,  , , ,  33.6   ,ms, 2.3    ,3+#           ,12,1997, B-=100;B-n ?;B-2n ?
62,240,62Cr ,  ,-40853       ,   3       ,            ,           ,  , , , 206     ,ms, 12     ,0+            ,12,1985, B-=100;B-n ?
62,250,62Mn ,  ,-48524       ,   7       ,            ,           ,  ,*, ,  92     ,ms, 13     ,1+*           ,12,1983, B-=100;B-n ?
62,251,62Mn ,m ,-48181.0     ,   2.6     ,  343       ,   6       ,  ,*, , 671     ,ms, 5      ,4+*           ,12,1983, B-=100;B-n ?;IT ?
62,260,62Fe ,  ,-58878.1     ,   2.8     ,            ,           ,  , , ,  68     , s, 2      ,0+            ,12,1975, B-=100
62,270,62Co ,  ,-61424       ,  19       ,            ,           ,  , , ,   1.54  , m, 0.10   ,(2)+          ,12,1949, B-=100
62,271,62Co ,m ,-61402       ,  20       ,   22       ,   5       ,  , , ,  13.86  , m, 0.09   ,(5)+          ,12,1957, B-~100;IT<0.5
62,280,62Ni ,  ,-66746.4     ,   0.4     ,            ,           ,  , , , stbl    ,  ,        ,0+            ,12,1934, IS=3.6345 40
62,290,62Cu ,  ,-62787.5     ,   0.6     ,            ,           ,  , , ,   9.672 , m, 0.008  ,1+*           ,12,1936, B+=100
62,298,62Cu ,i ,-58174       ,   6       , 4614       ,   6       ,RQ, , ,         ,  ,        ,(0)+    T=3   ,12,, 
62,300,62Zn ,  ,-61168.1     ,   0.6     ,            ,           ,  , , ,   9.193 , h, 0.015  ,0+            ,12,1948, B+=100
62,310,62Ga ,  ,-51987.0     ,   0.6     ,            ,           ,  , , , 116.122 ,ms, 0.021  ,0+      T=1   ,12,1978, B+=100
62,319,62Ga ,j ,-51415.8     ,   0.6     ,  571.2     ,   0.1     ,  , , ,         ,  ,        ,1(+)    T=2   ,12,1998, IT=100
62,320,62Ge ,  ,-42140#      , 140#      ,            ,           ,  , , ,  82.5   ,ms, 1.4    ,0+            ,12,1991, B+=100;B+p ?
62,330,62As ,  ,-24420#      , 300#      ,            ,           ,  , , ,         ,  ,        ,1+#           ,,, p ?
63,210,63Sc ,  , 13070#      , 700#      ,            ,           ,  , , ,   1#    ,ms,        ,7/2-#         ,,, B- ?;B-n ?;B-2n ?
63,220,63Ti ,  , -5860#      , 500#      ,            ,           ,  , , ,  10#    ,ms, >620ns ,1/2-#         ,9,2009, B- ?;B-n ?;B-2n ?
63,230,63V  ,  ,-21740       , 340       ,            ,           ,  , , ,  19.6   ,ms, 0.9    ,"(3/2-,5/2-)   ",9,1997, B-=100;B-n>35;B-2n ?
63,240,63Cr ,  ,-36180       ,  70       ,            ,           ,  , , , 129     ,ms, 2      ,1/2-#         ,9,1992, B-=100;B-n ?
63,250,63Mn ,  ,-46887       ,   4       ,            ,           ,  , , , 275     ,ms, 4      ,5/2-*         ,9,1985, B-=100;B-n= ?
63,260,63Fe ,  ,-55636       ,   4       ,            ,           ,  , , ,   6.1   , s, 0.6    ,(5/2-)        ,9,1980, B-=100
63,270,63Co ,  ,-61852       ,  19       ,            ,           ,  , , ,  26.9   , s, 0.4    ,7/2-          ,9,1960, B-=100
63,280,63Ni ,  ,-65512.9     ,   0.4     ,            ,           ,  , , , 101.2   , y, 1.5    ,1/2-*         ,9,1951, B-=100
63,281,63Ni ,m ,-65425.8     ,   0.4     ,   87.15    ,   0.11    ,  , , ,   1.67  ,us, 0.03   ,5/2-          ,9,1978, IT=100
63,290,63Cu ,  ,-65579.9     ,   0.4     ,            ,           ,  , , , stbl    ,  ,        ,3/2-*         ,9,1923, IS=69.15 15
63,300,63Zn ,  ,-62213.4     ,   1.6     ,            ,           ,  , , ,  38.47  , m, 0.05   ,3/2-*         ,9,1937, B+=100
63,308,63Zn ,i ,-56723       ,   6       , 5490       ,   6       ,RQ, , ,         ,  ,        ,3/2-    T=5/2 ,9,, 
63,310,63Ga ,  ,-56547.1     ,   1.3     ,            ,           ,  , , ,  32.4   , s, 0.5    ,3/2-*         ,9,1965, B+=100
63,320,63Ge ,  ,-46920       ,  40       ,            ,           ,  , , , 153.6   ,ms, 1.1    ,3/2-#         ,9,1991, B+=100;B+p ?
63,330,63As ,  ,-33500#      , 200#      ,            ,           ,  , , ,         ,  , <43ns  ,3/2-#         ,9,, p ?
63,340,63Se ,  ,-16850#      , 500#      ,            ,           ,  , , ,  13.2   ,ms, 3.9    ,3/2-#         ,,2016, B+=100;B+p=89 11;2p<0.5
64,220,64Ti ,  , -1480#      , 600#      ,            ,           ,  , , ,   5#    ,ms, >620ns ,0+            ,13,2013, B- ?;B-n ?;B-2n ?
64,230,64V  ,  ,-16320#      , 400#      ,            ,           ,  , , ,  15     ,ms, 2      ,"(1,2)         ",14,1997, B-=100;B-n ?;B-2n ?
64,231,64V  ,m ,-16240#      , 400#      ,   81.0     ,   0.7     ,  , , ,  <1     ,us,        ,              ,14,2014, IT~100
64,240,64Cr ,  ,-33640       , 300       ,            ,           ,  , , ,  43     ,ms, 1      ,0+            ,14,1992, B-=100;B-n ?
64,250,64Mn ,  ,-42989       ,   4       ,            ,           ,  , , ,  88.8   ,ms, 2.4    ,1+*           ,7,1985, B-=100;B-n=2.7 6
64,251,64Mn ,m ,-42815       ,   4       ,  174.1     ,   0.5     ,  , , , 439     ,us, 31     ,(4+)*         ,7,1998, IT=100
64,260,64Fe ,  ,-54970       ,   5       ,            ,           ,  , , ,   2.0   , s, 0.2    ,0+            ,7,1980, B-=100
64,270,64Co ,  ,-59792       ,  20       ,            ,           ,  , , , 300     ,ms, 30     ,1+            ,7,1969, B-=100
64,271,64Co ,m ,-59686       ,   4       ,  107       ,  20       ,MD, , , 300#    ,ms,        ,5+#           ,,2008, B- ?;IT ?
64,280,64Ni ,  ,-67099.0     ,   0.5     ,            ,           ,  , , , stbl    ,  ,        ,0+            ,7,1935, IS=0.9256 19
64,290,64Cu ,  ,-65424.4     ,   0.4     ,            ,           ,  , , ,  12.7004, h, 0.0013 ,1+*           ,7,1936, B+=61.52 26;B-=38.48 26
64,298,64Cu ,i ,-58598       ,   6       , 6826       ,   6       ,  , , ,         ,  ,        ,0+  frg T=4   ,7,, 
64,300,64Zn ,  ,-66004.0     ,   0.6     ,            ,           ,  , , , stbl    ,  , >60Py  ,0+            ,7,1922, IS=49.17 75;2B+ ?
64,310,64Ga ,  ,-58832.8     ,   1.4     ,            ,           ,  , , ,   2.627 , m, 0.012  ,0(+#)         ,7,1953, B+=100
64,311,64Ga ,m ,-58790.0     ,   1.4     ,   42.85    ,   0.08    ,  , , ,  21.9   ,us, 0.7    ,(2+)          ,7,1999, IT=100
64,318,64Ga ,i ,-56925.8     ,   2.5     , 1907.0     ,   2.2     ,RQ, , ,         ,  ,        ,(0+)    T=2   ,7,, 
64,320,64Ge ,  ,-54316       ,   4       ,            ,           ,  , , ,  63.7   , s, 2.5    ,0+            ,7,1972, B+=100
64,330,64As ,  ,-39530#      , 200#      ,            ,           ,  , , ,  69.0   ,ms, 1.4    ,0+#           ,7,1995, B+=100;B+p ?
64,340,64Se ,  ,-26860#      , 500#      ,            ,           ,  , , ,  22.6   ,ms, 0.2    ,0+            ,7,2005, B+ ?;B+p ?
65,220,65Ti ,  ,  5210#      , 700#      ,            ,           ,  , , ,   1#    ,ms,        ,1/2-#         ,,, B- ?;B-n ?;B-2n ?
65,230,65V  ,  ,-12110#      , 500#      ,            ,           ,  , , ,  14#    ,ms, >620ns ,5/2-#         ,10,2009, B- ?;B-n ?;B-2n ?
65,240,65Cr ,  ,-28310#      , 200#      ,            ,           ,  , , ,  27.5   ,ms, 2.1    ,1/2-#         ,10,1997, B-=100;B-n ?;B-2n ?
65,250,65Mn ,  ,-40967       ,   4       ,            ,           ,  , , ,  91.9   ,ms, 0.7    ,(5/2-)        ,10,1985, B-=100;B-n=7.9 12
65,260,65Fe ,  ,-51218       ,   5       ,            ,           ,  , , , 805     ,ms, 10     ,(1/2-)        ,10,1980, B-=100; B-n ?
65,261,65Fe ,m ,-50824       ,   5       ,  393.7     ,   0.2     ,  , , ,   1.12  , s, 0.15   ,(9/2+)        ,10,2008, B- ?
65,262,65Fe ,n ,-50820       ,   5       ,  397.6     ,   0.2     ,  , , , 418     ,ns, 12     ,(5/2+)        ,10,1998, IT=100
65,270,65Co ,  ,-59185.2     ,   2.1     ,            ,           ,  , , ,   1.16  , s, 0.03   ,(7/2)-        ,10,1978, B-=100
65,280,65Ni ,  ,-65125.8     ,   0.5     ,            ,           ,  , , ,   2.5175, h, 0.0005 ,5/2-          ,10,1946, B-=100
65,281,65Ni ,m ,-65062.4     ,   0.5     ,   63.37    ,   0.05    ,  , , ,  69     ,us, 3      ,1/2-          ,10,1978, IT=100
65,290,65Cu ,  ,-67263.7     ,   0.6     ,            ,           ,  , , , stbl    ,  ,        ,3/2-*         ,10,1923, IS=30.85 15
65,300,65Zn ,  ,-65912.0     ,   0.6     ,            ,           ,  , , , 243.94  , d, 0.04   ,5/2-*         ,10,1939, B+=100
65,301,65Zn ,m ,-65858.1     ,   0.6     ,   53.928   ,   0.010   ,  , , ,   1.6   ,us, 0.6    ,1/2-          ,10,1960, IT=100
65,310,65Ga ,  ,-62657.5     ,   0.8     ,            ,           ,  , , ,  15.133 , m, 0.028  ,3/2-*         ,10,1938, B+=100
65,320,65Ge ,  ,-56478.2     ,   2.2     ,            ,           ,  , , ,  30.9   , s, 0.5    ,3/2-          ,10,1972, B+=100;B+p=0.011 3
65,330,65As ,  ,-46940       ,  80       ,            ,           ,  , , , 130.3   ,ms, 0.6    ,3/2-#         ,10,1991, B+=100;B+p ?
65,338,65As ,i ,-43452       ,  11       , 3490       ,  90       ,p , , ,         ,  ,        ,(3/2-)  T=3/2 ,10,1993, p=100
65,340,65Se ,  ,-33020#      , 300#      ,            ,           ,  , , ,  34.2   ,ms, 0.7    ,3/2-#         ,10,1993, B+=100;B+p=87 13
65,350,65Br ,  ,-16490#      , 500#      ,            ,           ,  , , ,         ,  , <410ns ,5/2-#         ,,, p ?
66,230,66V  ,  , -6300#      , 500#      ,            ,           ,  , , ,  10#    ,ms, >620ns ,              ,10,2009, B- ?;B-n ?;B-2n ?
66,240,66Cr ,  ,-25140#      , 300#      ,            ,           ,  , , ,  23.8   ,ms, 1.8    ,0+            ,15,1997, B-=100;B-n ?;B-2n ?
66,250,66Mn ,  ,-36750       ,  11       ,            ,           ,  , , ,  63.8   ,ms, 0.9    ,(1+)          ,10,1992, B-=100;B-n=7.4 14;B-2n ?
66,251,66Mn ,m ,-36286       ,  11       ,  464.5     ,   0.4     ,  , , , 780     ,us, 40     ,(5-)          ,,2005, IT~100;B- ?
66,260,66Fe ,  ,-50068       ,   4       ,            ,           ,  , , , 467     ,ms, 29     ,0+            ,10,1985, B-=100;B-n ?
66,270,66Co ,  ,-56409       ,  14       ,            ,           ,  , , , 194     ,ms, 17     ,(1+)          ,10,1985, B-=100;B-n ?
66,271,66Co ,m ,-56234       ,  14       ,  175.1     ,   0.3     ,  , , , 824     ,ns, 22     ,(3+)          ,10,1998, IT=100
66,272,66Co ,n ,-55767       ,  15       ,  642       ,   5       ,  , , ,>100     ,us,        ,(8-)          ,10,1998, IT=100
66,280,66Ni ,  ,-66006.3     ,   1.4     ,            ,           ,  , , ,  54.6   , h, 0.3    ,0+            ,10,1948, B-=100
66,290,66Cu ,  ,-66258.3     ,   0.6     ,            ,           ,  , , ,   5.120 , m, 0.014  ,1+*           ,10,1937, B-=100
66,291,66Cu ,m ,-65104.1     ,   1.5     , 1154.2     ,   1.4     ,  , , , 600     ,ns, 17     ,(6)-          ,10,1972, IT=100
66,300,66Zn ,  ,-68899.2     ,   0.7     ,            ,           ,  , , , stbl    ,  ,        ,0+            ,10,1922, IS=27.73 98
66,310,66Ga ,  ,-63723.7     ,   1.1     ,            ,           ,  , , ,   9.304 , h, 0.008  ,0+*           ,10,1937, B+=100
66,318,66Ga ,i ,-59874       ,   6       , 3850       ,   6       ,RQ, , ,         ,  ,        ,0+      T=3   ,,,
66,320,66Ge ,  ,-61607.0     ,   2.4     ,            ,           ,  , , ,   2.26  , h, 0.05   ,0+            ,10,1950, B+=100
66,330,66As ,  ,-52025       ,   6       ,            ,           ,  , , ,  95.77  ,ms, 0.23   ,0+      T=1   ,10,1978, B+=100
66,331,66As ,m ,-50668       ,   6       , 1356.63    ,   0.17    ,  , , ,   1.14  ,us, 0.04   ,5+            ,10,1995, IT=100
66,332,66As ,n ,-49001       ,   6       , 3023.8     ,   0.3     ,  , , ,   7.98  ,us, 0.26   ,9+            ,10,1998, IT=100
66,340,66Se ,  ,-41660#      , 200#      ,            ,           ,  , , ,  54     ,ms, 4      ,0+            ,10,1993, B+=100;B+p ?
66,350,66Br ,  ,-23570#      , 400#      ,            ,           ,  , , ,         ,  , <410ns ,0+#           ,,, p ?
67,230,67V  ,  , -1740#      , 600#      ,            ,           ,  , , ,   8#    ,ms, >620ns ,5/2-#         ,13,2013, B- ?;B-n ?;B-2n ?
67,240,67Cr ,  ,-19270#      , 400#      ,            ,           ,  , , ,  11#    ,ms, >300ns ,1/2-#         ,5,1997, B- ?;B-n ?;B-2n ?
67,250,67Mn ,  ,-33580#      , 200#      ,            ,           ,  , , ,  46.7   ,ms, 2.3    ,5/2-#         ,5,1997, B-=100;B-n=10 5;B-2n ?
67,260,67Fe ,  ,-45708       ,   4       ,            ,           ,  , , , 394     ,ms, 9      ,(1/2-)        ,5,1985, B-=100;B-n ?
67,261,67Fe ,m ,-45305       ,  10       ,  403       ,   9       ,  , , ,  64     ,us, 17     ,"(5/2+,7/2+)   ",5,1998, IT=100
67,262,67Fe ,n ,-45260#      , 100#      ,  450#      , 100#      ,  , , ,  75     ,us, 21     ,(9/2+)        ,,2008, IT=100
67,270,67Co ,  ,-55322       ,   6       ,            ,           ,  , , , 329     ,ms, 28     ,(7/2-)        ,5,1985, B-=100;B-n ?
67,271,67Co ,m ,-54830       ,   6       ,  491.55    ,   0.11    ,  , , , 496     ,ms, 33     ,(1/2-)        ,,2008, IT>80;B- ?
67,280,67Ni ,  ,-63742.7     ,   2.9     ,            ,           ,  , , ,  21     , s, 1      ,1/2-          ,5,1978, B-=100
67,281,67Ni ,m ,-62736.1     ,   2.9     , 1006.6     ,   0.2     ,  , , ,  13.34  ,us, 0.19   ,9/2+          ,5,1998, IT=100
67,290,67Cu ,  ,-67319.6     ,   0.9     ,            ,           ,  , , ,  61.83  , h, 0.12   ,3/2-*         ,5,1948, B-=100
67,300,67Zn ,  ,-67880.4     ,   0.8     ,            ,           ,  , , , stbl    ,  ,        ,5/2-*         ,5,1928, IS=4.04 16
67,301,67Zn ,m ,-67787.1     ,   0.8     ,   93.312   ,   0.005   ,  , , ,   9.15  ,us, 0.07   ,1/2-          ,5,1953, IT=100
67,302,67Zn ,n ,-67275.9     ,   0.8     ,  604.48    ,   0.05    ,  , , , 333     ,ns, 14     ,9/2+          ,5,1973, IT=100
67,310,67Ga ,  ,-66879.2     ,   1.2     ,            ,           ,  , , ,   3.2617, d, 0.0004 ,3/2-*         ,5,1938, EC=100
67,320,67Ge ,  ,-62674       ,   4       ,            ,           ,  , , ,  18.9   , m, 0.3    ,1/2-          ,5,1950, B+=100
67,321,67Ge ,m ,-62656       ,   4       ,   18.20    ,   0.05    ,  , , ,  13.7   ,us, 0.9    ,5/2-          ,5,1978, IT=100
67,322,67Ge ,n ,-61922       ,   4       ,  751.70    ,   0.06    ,  , , , 109.1   ,ns, 3.8    ,9/2+          ,5,1973, IT=100
67,330,67As ,  ,-56587.2     ,   0.4     ,            ,           ,  , , ,  42.5   , s, 1.2    ,(5/2-)        ,5,1980, B+=100
67,340,67Se ,  ,-46580       ,  70       ,            ,           ,  , , , 133     ,ms, 4      ,5/2-#         ,5,1991, B+=100;B+p=0.5 1
67,350,67Br ,  ,-32530#      , 300#      ,            ,           ,  , , ,         ,  ,        ,1/2-#         ,,, p ?
67,360,67Kr ,  ,-15550#      , 420#      ,            ,           ,  , , ,   7.4   ,ms, 2.9    ,3/2-#         ,,2016, 2p=37 14;B+ ?
68,240,68Cr ,  ,-15690#      , 500#      ,            ,           ,  , , ,  10#    ,ms, >620ns ,0+            ,12,2009, B- ?;B-n ?;B-2n ?
68,250,68Mn ,  ,-28920#      , 300#      ,            ,           ,  , , ,  33.7   ,ms, 1.5    ,(3)           ,12,1995, B-=100;B-n=18 10;B-2n ?
68,260,68Fe ,  ,-43900#      , 190#      ,            ,           ,  , , , 188     ,ms, 4      ,0+            ,12,1985, B-=100;B-n>0
68,270,68Co ,  ,-51643       ,   4       ,            ,           ,  ,*, , 200     ,ms, 20     ,(7-)          ,12,1985, B-=100;B-n ?
68,271,68Co ,m ,-51490#      , 150#      ,  150#      , 150#      ,  ,*, ,   1.6   , s, 0.3    ,(2-)          ,12,1998, B-=100; B-n>2.6
68,272,68Co ,n ,-51450#      , 150#      ,  195#      , 150#      ,  , , , 101     ,ns, 10     ,(1)           ,12,2010, IT=100
68,280,68Ni ,  ,-63463.8     ,   3.0     ,            ,           ,  , , ,  29     , s, 2      ,0+            ,12,1977, B-=100
68,281,68Ni ,m ,-61860       ,   3       , 1603.51    ,   0.28    ,  , , , 270     ,ns, 5      ,0+            ,12,1984, IT=100
68,282,68Ni ,n ,-60615       ,   3       , 2849.1     ,   0.3     ,  , , , 850     ,us, 30     ,5-            ,12,1995, IT=100
68,290,68Cu ,  ,-65567.0     ,   1.6     ,            ,           ,  , , ,  30.9   , s, 0.6    ,1+*           ,12,1953, B-=100
68,291,68Cu ,m ,-64845.7     ,   1.6     ,  721.26    ,   0.08    ,  , , ,   3.75  , m, 0.05   ,6-*           ,12,1969, IT=86 2;B-=14 2
68,300,68Zn ,  ,-70007.2     ,   0.8     ,            ,           ,  , , , stbl    ,  ,        ,0+            ,12,1922, IS=18.45 63
68,310,68Ga ,  ,-67086.1     ,   1.4     ,            ,           ,  , , ,  67.842 , m, 0.016  ,1+*           ,12,1937, B+=100
68,320,68Ge ,  ,-66978.8     ,   1.9     ,            ,           ,  , , , 271.05  , d, 0.08   ,0+            ,12,1948, EC=100
68,330,68As ,  ,-58894.5     ,   1.8     ,            ,           ,  , , , 151.6   , s, 0.8    ,3+            ,12,1971, B+=100
68,331,68As ,m ,-58469.4     ,   1.8     ,  425.1     ,   0.2     ,  , , , 111     ,ns, 20     ,1+            ,12,1994, IT=100
68,340,68Se ,  ,-54189.4     ,   0.5     ,            ,           ,  , , ,  35.5   , s, 0.7    ,0+            ,12,1990, B+=100
68,350,68Br ,  ,-38790#      , 260#      ,            ,           ,  , , ,         ,  , ~40ns  ,3+#           ,12,1995, p ?
68,360,68Kr ,  ,-25630#      , 500#      ,            ,           ,  , , ,  21.6   ,ms, 3.3    ,0+            ,,2016, B+= ?;B+p=90 11;p ?
69,240,69Cr ,  , -9630#      , 500#      ,            ,           ,  , , ,   6#    ,ms, >620ns ,7/2+#         ,14,2013, B- ?;B-n ?;B-2n ?
69,250,69Mn ,  ,-25360#      , 400#      ,            ,           ,  , , ,  22.1   ,ms, 1.6    ,5/2-#         ,14,1995, B-=100;B-n=40 20;B-2n ?
69,260,69Fe ,  ,-39200#      , 200#      ,            ,           ,  , , , 162     ,ms, 7      ,1/2-#         ,14,1992, B-=100;B-n ?;B-2n ?
69,270,69Co ,  ,-50390       ,  90       ,            ,           ,  ,*, , 180     ,ms, 20     ,(7/2-)        ,14,1985, B-=100;B-n ?
69,271,69Co ,m ,-50213       ,  13       ,  170       ,  90       ,MD,*, , 750     ,ms, 250    ,1/2-#         ,,2015, B-=100
69,280,69Ni ,  ,-59979       ,   4       ,            ,           ,  , , ,  11.4   , s, 0.3    ,(9/2+)        ,14,1984, B-=100
69,281,69Ni ,m ,-59658       ,   4       ,  321       ,   2       ,  , , ,   3.5   , s, 0.4    ,(1/2-)        ,14,1998, B-~100;IT<0.01
69,282,69Ni ,n ,-57279       ,   4       , 2700.0     ,   1.0     ,  , , , 439     ,ns, 3      ,(17/2-)       ,14,1998, IT=100
69,290,69Cu ,  ,-65736.2     ,   1.4     ,            ,           ,  , , ,   2.85  , m, 0.15   ,3/2-*         ,14,1966, B-=100
69,291,69Cu ,m ,-62994.2     ,   1.6     , 2742.0     ,   0.7     ,  , , , 357     ,ns, 2      ,(13/2+)       ,14,1997, IT=100
69,300,69Zn ,  ,-68417.9     ,   0.8     ,            ,           ,  , , ,  56.4   , m, 0.9    ,1/2-*         ,14,1937, B-=100
69,301,69Zn ,m ,-67979.3     ,   0.8     ,  438.636   ,   0.018   ,  , , ,  13.747 , h, 0.011  ,9/2+*         ,14,1970, IT=99.967 3;B-=0.033 3
69,310,69Ga ,  ,-69327.8     ,   1.2     ,            ,           ,  , , , stbl    ,  ,        ,3/2-*         ,14,1923, IS=60.108 50
69,320,69Ge ,  ,-67100.7     ,   1.3     ,            ,           ,  , , ,  39.05  , h, 0.10   ,5/2-*         ,14,1938, B+=100
69,321,69Ge ,m ,-67013.9     ,   1.3     ,   86.76    ,   0.02    ,  , , ,   5.1   ,us, 0.2    ,1/2-          ,14,1978, IT=100
69,322,69Ge ,n ,-66702.8     ,   1.3     ,  397.94    ,   0.02    ,  , , ,   2.81  ,us, 0.05   ,9/2+          ,14,1978, IT=100
69,330,69As ,  ,-63110       ,  30       ,            ,           ,  , , ,  15.2   , m, 0.2    ,5/2-*         ,14,1955, B+=100
69,340,69Se ,  ,-56434.7     ,   1.5     ,            ,           ,  , , ,  27.4   , s, 0.2    ,1/2-          ,14,1974, B+=100;B+p=0.052 8
69,341,69Se ,m ,-56395.9     ,   1.5     ,   38.85    ,   0.22    ,  , , ,   2.0   ,us, 0.2    ,5/2-          ,14,1988, IT=100
69,342,69Se ,n ,-55860.7     ,   1.6     ,  574.0     ,   0.4     ,  , , , 955     ,ns, 16     ,9/2+          ,14,1988, IT=100
69,350,69Br ,  ,-46260       ,  40       ,            ,           ,  ,*, , <24     ,ns,        ,(5/2-)        ,15,1988, p=100
69,351,69Br ,m ,-46220#      , 110#      ,   40#      , 100#      ,  ,*, ,         ,  ,        ,5/2-#         ,,, 
69,352,69Br ,n ,-45690#      , 110#      ,  570#      , 100#      ,  , , ,         ,  ,        ,9/2+#         ,,, 
69,358,69Br ,i ,-42771       ,  19       , 3490       ,  50       ,p , , ,         ,  ,        ,(5/2-)  T=3/2 ,14,2011, p=100
69,360,69Kr ,  ,-32140#      , 300#      ,            ,           ,  , , ,  27.9   ,ms, 0.8    ,(5/2-)        ,15,1995, B+=100;B+p=94 5
70,240,70Cr ,  , -5640#      , 600#      ,            ,           ,  , , ,   6#    ,ms, >620ns ,0+            ,16,2013, B- ?;B-n ?;B-2n ?
70,250,70Mn ,  ,-20450#      , 500#      ,            ,           ,  , , ,  19.9   ,ms, 1.7    ,"(4,5)         ",16,2009, B-=100;B-n ?;B-2n ?
70,260,70Fe ,  ,-36890#      , 300#      ,            ,           ,  , , ,  61.4   ,ms, 0.7    ,0+            ,16,1997, B-=100;B-n ?
70,270,70Co ,  ,-46525       ,  11       ,            ,           ,  ,*,&, 508     ,ms, 7      ,(1+)          ,16,1998, B-=100;B-n ?;B-2n ?
70,271,70Co ,m ,-46330#      , 200#      ,  200#      , 200#      ,  ,*,&, 112     ,ms, 7      ,(7-)          ,16,1985, B-=100;IT ?;B-n ?;B-2n ?
70,280,70Ni ,  ,-59213.9     ,   2.1     ,            ,           ,  , , ,   6.0   , s, 0.3    ,0+            ,16,1987, B-=100
70,281,70Ni ,m ,-56353.0     ,   2.1     , 2860.91    ,   0.08    ,  , , , 232     ,ns, 1      ,8+            ,16,1997, IT=100
70,290,70Cu ,  ,-62976.4     ,   1.1     ,            ,           ,  , , ,  44.5   , s, 0.2    ,6-*           ,16,1971, B-=100
70,291,70Cu ,m ,-62875.3     ,   1.1     ,  101.1     ,   0.3     ,  , , ,  33     , s, 2      ,3-*           ,16,2002, B-=52 9;IT=48 9
70,292,70Cu ,n ,-62733.8     ,   1.2     ,  242.6     ,   0.5     ,  , , ,   6.6   , s, 0.2    ,1+*           ,16,1971, B-=93.2 9;IT=6.8 9
70,300,70Zn ,  ,-69564.7     ,   1.9     ,            ,           ,  , , , stbl    ,  , >3.8Ey ,0+            ,16,1922, IS=0.61 10;2B- ?
70,310,70Ga ,  ,-68910.2     ,   1.2     ,            ,           ,  , , ,  21.14  , m, 0.05   ,1+*           ,16,1937, B-=99.59 5;EC=0.41 5
70,320,70Ge ,  ,-70562.0     ,   0.8     ,            ,           ,  , , , stbl    ,  ,        ,0+            ,16,1923, IS=20.52 19
70,330,70As ,  ,-64334.0     ,   1.4     ,            ,           ,  , , ,  52.6   , m, 0.3    ,4+*           ,16,1950, B+=100
70,331,70As ,m ,-64302.0     ,   1.4     ,   32.046   ,   0.023   ,  , , ,  96     ,us, 3      ,2+            ,16,1979, IT=100
70,340,70Se ,  ,-61929.9     ,   1.6     ,            ,           ,  , , ,  41.1   , m, 0.3    ,0+            ,16,1950, B+=100
70,350,70Br ,  ,-51426       ,  15       ,            ,           ,  , , ,  78.8   ,ms, 0.3    ,0+      T=1   ,16,1978, B+=100;B+p ?
70,351,70Br ,m ,-49134       ,  15       , 2292.3     ,   0.8     ,  , , ,   2.16  , s, 0.05   ,9+      T=0   ,16,1981, B+=100;B+p ?
70,360,70Kr ,  ,-41100#      , 200#      ,            ,           ,  , , ,  45.00  ,ms, 0.14   ,0+            ,16,1995, B+=100;B+p<1.3
71,250,71Mn ,  ,-16620#      , 500#      ,            ,           ,  , , ,  16#    ,ms, >400ns ,5/2-#         ,10,2010, B- ?;B-n ?;B-2n ?
71,260,71Fe ,  ,-31930#      , 400#      ,            ,           ,  , , ,  34.3   ,ms, 2.6    ,7/2+#         ,10,1997, B-=100;B-n ?;B-2n ?
71,270,71Co ,  ,-44370       , 470       ,            ,           ,  , , ,  80     ,ms, 3      ,(7/2-)        ,10,1992, B-=100;B-n=3 1
71,280,71Ni ,  ,-55406.2     ,   2.2     ,            ,           ,  , , ,   2.56  , s, 0.03   ,(9/2+)        ,10,1987, B-=100
71,281,71Ni ,m ,-55406.0     ,   2.3     ,  499       ,  5        ,  , , ,   2.3   , s, 0.3    ,(1/2-)        ,10,2009, B-=100
71,290,71Cu ,  ,-62711.1     ,   1.5     ,            ,           ,  , , ,  19.4   , s, 1.4    ,3/2-*         ,10,1983, B-=100
71,291,71Cu ,m ,-59955.4     ,   1.6     , 2755.7     ,   0.6     ,  , , , 271     ,ns, 13     ,(19/2-)       ,10,1998, IT=100
71,300,71Zn ,  ,-67328.8     ,   2.7     ,            ,           ,  , , ,   2.40  , m, 0.05   ,1/2-*         ,10,1955, B-=100
71,301,71Zn ,m ,-67171.1     ,   2.4     ,  157.7     ,   1.3     ,MD, , ,   4.148 , h, 0.012  ,9/2+*         ,10,1958, B-~100;IT ?
71,310,71Ga ,  ,-70139.1     ,   0.8     ,            ,           ,  , , , stbl    ,  ,        ,3/2-*         ,10,1923, IS=39.892 50
71,320,71Ge ,  ,-69906.7     ,   0.8     ,            ,           ,  , , ,  11.43  , d, 0.03   ,1/2-*         ,10,1941, EC=100
71,321,71Ge ,m ,-69708.3     ,   0.8     ,  198.354   ,   0.014   ,  , , ,  20.41  ,ms, 0.18   ,9/2+          ,10,1959, IT=100
71,330,71As ,  ,-67893       ,   4       ,            ,           ,  , , ,  65.30  , h, 0.07   ,5/2-*         ,10,1939, B+=100
71,340,71Se ,  ,-63146.5     ,   2.8     ,            ,           ,  , , ,   4.74  , m, 0.05   ,(5/2-)        ,10,1957, B+=100
71,341,71Se ,m ,-63097.7     ,   2.8     ,   48.79    ,   0.05    ,  , , ,   5.6   ,us, 0.7    ,(1/2-)        ,10,1982, IT=100
71,342,71Se ,n ,-62886.0     ,   2.8     ,  260.48    ,   0.10    ,  , , ,  19.0   ,us, 0.5    ,(9/2+)        ,10,1982, IT=100
71,350,71Br ,  ,-56502       ,   5       ,            ,           ,  , , ,  21.4   , s, 0.6    ,(5/2)-        ,10,1981, B+=100
71,360,71Kr ,  ,-46330       , 130       ,            ,           ,  , , ,  98.8   ,ms, 0.3    ,(5/2)-        ,10,1981, B+=100;B+p=2.1 7
71,370,71Rb ,  ,-32290#      , 400#      ,            ,           ,  ,*, ,         ,  ,        ,5/2-#         ,,, p ?
71,371,71Rb ,m ,-32240#      , 410#      ,   50#      , 100#      ,  ,*, ,         ,  ,        ,1/2-#         ,,, 
71,372,71Rb ,n ,-32030#      , 410#      ,  260#      , 100#      ,  , , ,         ,  ,        ,9/2+#         ,,, 
72,250,72Mn ,  ,-11170#      , 600#      ,            ,           ,  , , ,  12#    ,ms, >620ns ,              ,13,2013, B- ?;B-n ?;B-2n ?
72,260,72Fe ,  ,-29250#      , 500#      ,            ,           ,  , , ,  17.0   ,ms, 1.0    ,0+            ,10,1997, B-=100;B-n ?;B-2n ?
72,270,72Co ,  ,-40300#      , 300#      ,            ,           ,  ,*, ,  51.5   ,ms, 0.3    ,"(6-,7-)       ",10,1992, B-=100;B-n>4;B-2n ?
72,271,72Co ,m ,-40100#      , 360#      ,  200#      , 200#      ,  ,*, ,  47.8   ,ms, 0.5    ,"(0+,1+)       ",,2016, B-=100
72,280,72Ni ,  ,-54226.1     ,   2.2     ,            ,           ,  , , ,   1.57  , s, 0.05   ,0+            ,10,1987, B-=100;B-n ?
72,290,72Cu ,  ,-59783.0     ,   1.4     ,            ,           ,  , , ,   6.63  , s, 0.03   ,2-*           ,10,1983, B-=100
72,291,72Cu ,m ,-59512.7     ,   1.7     ,  270.3     ,   1.0     ,  , , ,   1.76  ,us, 0.03   ,(6-)          ,10,1998, IT=100
72,300,72Zn ,  ,-68145.5     ,   2.1     ,            ,           ,  , , ,  46.5   , h, 0.1    ,0+            ,10,1951, B-=100
72,310,72Ga ,  ,-68588.3     ,   0.8     ,            ,           ,  , , ,  14.025 , h, 0.010  ,3-*           ,10,1939, B-=100
72,311,72Ga ,m ,-68468.6     ,   0.8     ,  119.66    ,   0.05    ,  , , ,  39.68  ,ms, 0.13   ,(0+)          ,10,1968, IT=100
72,320,72Ge ,  ,-72585.91    ,   0.08    ,            ,           ,  , , , stbl    ,  ,        ,0+            ,10,1923, IS=27.45 15
72,321,72Ge ,m ,-71894.48    ,   0.09    ,  691.43    ,   0.04    ,  , , , 444.2   ,ns, 0.8    ,0+            ,10,1984, IT=100
72,330,72As ,  ,-68230       ,   4       ,            ,           ,  , , ,  26.0   , h, 0.1    ,2-*           ,10,1939, B+=100
72,340,72Se ,  ,-67868.2     ,   2.0     ,            ,           ,  , , ,   8.40  , d, 0.08   ,0+            ,10,1948, EC=100
72,350,72Br ,  ,-59061.8     ,   1.0     ,            ,           ,  , , ,  78.6   , s, 2.4    ,1+            ,10,1970, B+=100
72,351,72Br ,m ,-58961.0     ,   1.0     ,  100.76    ,   0.15    ,  , , ,  10.6   , s, 0.3    ,(3-)          ,10,1980, IT~100;B+ ?
72,360,72Kr ,  ,-53941       ,   8       ,            ,           ,  , , ,  17.16  , s, 0.18   ,0+            ,10,1973, B+=100
72,370,72Rb ,  ,-38330#      , 500#      ,            ,           ,  ,*, , 103     ,ns, 22     ,1+#           ,,2017, p ?
72,371,72Rb ,m ,-38230#      , 510#      ,  100#      , 100#      ,  ,*, ,         ,  ,        ,3-#           ,,, p ?
73,250,73Mn ,  , -6700#      , 600#      ,            ,           ,  , , ,  12#    ,ms, >410ns ,5/2-#         ,19,2017, B- ?
73,260,73Fe ,  ,-23990#      , 500#      ,            ,           ,  , , ,  12.9   ,ms, 1.6    ,7/2+#         ,19,2010, B-=100;B-n ?;B-2n ?
73,270,73Co ,  ,-37970#      , 300#      ,            ,           ,  , , ,  42.0   ,ms, 0.8    ,(7/2-)        ,19,1995, B-=100;B-n=6 3;B-2n ?
73,280,73Ni ,  ,-50108.2     ,   2.4     ,            ,           ,  , , , 840     ,ms, 30     ,(9/2+)        ,19,1987, B-=100;B-n ?
73,290,73Cu ,  ,-58987.4     ,   1.9     ,            ,           ,  , , ,   4.20  , s, 0.12   ,3/2-*         ,19,1983, B-=100;B-n=0.029 6
73,300,73Zn ,  ,-65593.4     ,   1.9     ,            ,           ,  , , ,  24.5   , s, 0.2    ,1/2-*         ,19,1972, B-=100
73,301,73Zn ,m ,-65397.9     ,   1.9     ,  195.5     ,   0.2     ,  , , ,  13.0   ,ms, 0.2    ,5/2+*         ,19,1985, IT=100
73,310,73Ga ,  ,-69699.3     ,   1.7     ,            ,           ,  , , ,   4.86  , h, 0.03   ,1/2-*         ,19,1949, B-=100
73,311,73Ga ,m ,-69699.2     ,   1.7     ,    0.15    ,   0.09    ,  , , ,<200     ,ms,        ,3/2-          ,19,1949, B- ?; IT ?
73,320,73Ge ,  ,-71297.53    ,   0.06    ,            ,           ,  , , , stbl    ,  ,        ,9/2+*         ,19,1933, IS=7.76 8
73,321,73Ge ,m ,-71284.25    ,   0.06    ,   13.2845  ,   0.0015  ,  , , ,   2.91  ,us, 0.03   ,5/2+          ,19,1975, IT=100
73,322,73Ge ,n ,-71230.80    ,   0.06    ,   66.725   ,   0.009   ,  , , , 499     ,ms, 11     ,1/2-          ,19,1957, IT=100
73,330,73As ,  ,-70953       ,   4       ,            ,           ,  , , ,  80.30  , d, 0.06   ,3/2-          ,19,1948, EC=100
73,331,73As ,m ,-70525       ,   4       ,  427.902   ,   0.021   ,  , , ,   5.7   ,us, 0.2    ,9/2+          ,19,1956, IT=100
73,340,73Se ,  ,-68227       ,   7       ,            ,           ,  , , ,   7.15  , h, 0.09   ,9/2+*         ,19,1948, B+=100
73,341,73Se ,m ,-68201       ,   7       ,   25.71    ,   0.04    ,  , , ,  39.8   , m, 1.7    ,3/2-          ,19,1960, IT=72.6 3;B+=27.4 3
73,350,73Br ,  ,-63646       ,   7       ,            ,           ,  , , ,   3.4   , m, 0.2    ,1/2-          ,19,1970, B+=100
73,360,73Kr ,  ,-56552       ,   7       ,            ,           ,  , , ,  27.3   , s, 1.0    ,(3/2)-        ,19,1972, B+=100;B+p=0.25 3
73,361,73Kr ,m ,-56118       ,   7       ,  433.55    ,   0.13    ,  , , , 107     ,ns, 10     ,(9/2+)        ,19,1993, IT=100
73,368,73Kr ,i ,-53350#      , 120#      , 3204#      , 118#      ,  , , ,         ,  ,        ,        T=3/2 ,,, 
73,370,73Rb ,  ,-46010       ,  40       ,            ,           ,  , , , <81     ,ns,        ,3/2-#         ,19,1996, B+ ?; p~100
73,371,73Rb ,m ,-45580#      , 110#      ,  430#      , 100#      ,  , , ,         ,  ,        ,9/2+#         ,,, 
73,378,73Rb ,i ,-42809       ,  20       , 3200       ,  40       ,p , , ,         ,  ,        ,(5/2-)  T=5/2 ,19,1993, p=100
73,380,73Sr ,  ,-31950#      , 400#      ,            ,           ,  , , ,  25.3   ,ms, 1.4    ,(5/2-)        ,19,1993, B+=100;B+p=63 3
74,260,74Fe ,  ,-20660#      , 500#      ,            ,           ,  , , ,   5     ,ms, 5      ,0+            ,17,2010, B-=100;B-n ?;B-2n ?
74,270,74Co ,  ,-33540#      , 400#      ,            ,           ,  , , ,  31.3   ,ms, 1.3    ,7-#           ,6,1995, B-=100;B-n=18 15;B-2n ?
74,280,74Ni ,  ,-48700#      , 200#      ,            ,           ,  , , , 507.7   ,ms, 4.6    ,0+            ,6,1987, B-=100;B-n ?
74,290,74Cu ,  ,-56006       ,   6       ,            ,           ,  , , ,   1.606 , s, 0.009  ,2-*           ,6,1987, B-=100;B-n=0.075 16
74,300,74Zn ,  ,-65756.7     ,   2.5     ,            ,           ,  , , ,  95.6   , s, 1.2    ,0+            ,6,1972, B-=100
74,310,74Ga ,  ,-68049.6     ,   3.0     ,            ,           ,  , , ,   8.12  , m, 0.12   ,(3-)*         ,6,1956, B-=100
74,311,74Ga ,m ,-67990       ,   3       ,   59.571   ,   0.014   ,  , , ,   9.5   , s, 1.0    ,(0)(+#)       ,6,1974, IT=75 25;B- ?
74,320,74Ge ,  ,-73422.451   ,   0.013   ,            ,           ,  , , , stbl    ,  ,        ,0+            ,6,1923, IS=36.52 12
74,330,74As ,  ,-70860.1     ,   1.7     ,            ,           ,  , , ,  17.77  , d, 0.02   ,2-            ,6,1938, B+=66 2;B-=34 2
74,340,74Se ,  ,-72213.210   ,   0.015   ,            ,           ,  , , , stbl    ,  , >2.3Ey ,0+            ,6,1922, IS=0.86 3;2B+ ?
74,350,74Br ,  ,-65288       ,   6       ,            ,           ,  , , ,  25.4   , m, 0.3    ,(0-)          ,6,1952, B+=100
74,351,74Br ,m ,-65274       ,   6       ,   13.58    ,   0.21    ,  , , ,  46     , m, 2      ,4+*           ,6,1953, B+=100
74,360,74Kr ,  ,-62331.8     ,   2.0     ,            ,           ,  , , ,  11.50  , m, 0.11   ,0+            ,6,1960, B+=100
74,370,74Rb ,  ,-51916       ,   3       ,            ,           ,  , , ,  64.78  ,ms, 0.03   ,0+*     T=1   ,6,1977, B+=100;B+p ?
74,380,74Sr ,  ,-40830#      , 100#      ,            ,           ,  , , ,  27.6   ,ms, 2.6    ,0+            ,15,1995, B+=100;B+p ?
75,260,75Fe ,  ,-14700#      , 600#      ,            ,           ,  , , ,   9#    ,ms, >620ns ,9/2+#         ,13,2013, B- ?;B-n ?;B-2n ?
75,270,75Co ,  ,-30560#      , 400#      ,            ,           ,  , , ,  26.5   ,ms, 1.2    ,7/2-#         ,13,1995, B-=100;B-n<16;B-2n ?
75,280,75Ni ,  ,-44240#      , 200#      ,            ,           ,  , , , 331.6   ,ms, 3.2    ,9/2+#         ,13,1992, B-=100;B-n=10.0 28
75,290,75Cu ,  ,-54470.2     ,   0.7     ,            ,           ,  , , ,   1.224 , s, 0.003  ,5/2-*         ,13,1985, B-=100;B-n=2.7 4
75,291,75Cu ,m ,-54408.5     ,   0.8     ,   61.7     ,   0.4     ,  , , , 310     ,ns, 8      ,1/2-          ,13,2010, IT=100
75,292,75Cu ,n ,-54404.0     ,   0.8     ,   66.2     ,   0.4     ,  , , , 149     ,ns, 5      ,3/2-          ,13,2010, IT=100
75,300,75Zn ,  ,-62558.9     ,   2.0     ,            ,           ,  , , ,  10.2   , s, 0.2    ,7/2+*         ,13,1974, B-=100
75,301,75Zn ,m ,-62432.0     ,   2.0     ,  126.94    ,   0.09    ,  , , ,   5#    , s,        ,1/2-*         ,13,2011, B- ?;IT ?
75,310,75Ga ,  ,-68460.6     ,   0.7     ,            ,           ,  , , , 126     , s, 2      ,3/2-*         ,13,1960, B-=100
75,320,75Ge ,  ,-71856.97    ,   0.05    ,            ,           ,  , , ,  82.78  , m, 0.04   ,1/2-*         ,13,1939, B-=100
75,321,75Ge ,m ,-71717.28    ,   0.06    ,  139.69    ,   0.03    ,  , , ,  47.7   , s, 0.5    ,7/2+          ,13,1952, IT~100;B-=0.030 6
75,322,75Ge ,n ,-71664.78    ,   0.08    ,  192.19    ,   0.06    ,  , , , 216     ,ns, 5      ,5/2+          ,13,1982, IT=100
75,330,75As ,  ,-73034.2     ,   0.9     ,            ,           ,  , , , stbl    ,  ,        ,3/2-*         ,13,1920, IS=100
75,331,75As ,m ,-72730.3     ,   0.9     ,  303.9243  ,   0.0008  ,  , , ,  17.62  ,ms, 0.23   ,9/2+          ,13,1957, IT=100
75,340,75Se ,  ,-72169.49    ,   0.07    ,            ,           ,  , , , 119.78  , d, 0.03   ,5/2+*         ,13,1947, EC=100
75,350,75Br ,  ,-69107       ,   4       ,            ,           ,  , , ,  96.7   , m, 1.3    ,3/2-          ,13,1948, B+=100
75,360,75Kr ,  ,-64324       ,   8       ,            ,           ,  , , ,   4.60  , m, 0.07   ,5/2+*         ,13,1960, B+=100
75,370,75Rb ,  ,-57218.7     ,   1.2     ,            ,           ,  , , ,  19.0   , s, 1.2    ,3/2-*         ,13,1975, B+=100
75,380,75Sr ,  ,-46620       , 220       ,            ,           ,  , , ,  85.2   ,ms, 2.3    ,(3/2-)        ,13,1991, B+=100;B+p=5.2 9
75,390,75Y  ,  ,-31820#      , 300#      ,            ,           ,  , , , 100#    ,us,        ,5/2+#         ,,, B+ ?;B+p ?;p ?
76,260,76Fe ,  ,-10590#      , 600#      ,            ,           ,  , , ,   3#    ,ms, >410ns ,0+            ,,2017, B- ?
76,270,76Co ,  ,-25660#      , 500#      ,            ,           ,  ,*, ,  23     ,ms, 6      ,(8-)          ,14,2010, B-=100;B-n ?;B-2n ?
76,271,76Co ,m ,-25560#      , 510#      ,  100#      , 100#      ,  ,*, ,  16     ,ms, 4      ,(1-)          ,,2015, B-=100
76,272,76Co ,n ,-24920#      , 510#      ,  740#      , 100#      ,  , , ,   2.99  ,us, 0.27   ,(3+)          ,,2015, IT=100
76,280,76Ni ,  ,-42190#      , 300#      ,            ,           ,  , , , 234.6   ,ms, 2.7    ,0+            ,7,1995, B-=100;B-n=14.0 36
76,281,76Ni ,m ,-39770#      , 300#      , 2418.0     ,   0.5     ,  , , , 547.8   ,ns, 3.3    ,(8+)          ,7,2005, IT=100
76,290,76Cu ,  ,-50981.6     ,   0.9     ,            ,           ,  , , , 637.7   ,ms, 5.5    ,3-*           ,95,1987, B-=100;B-n=7.2 5
76,291,76Cu ,m ,             ,           , non-exist  ,           ,RN, , ,   1.27  , s, 0.30   ,"(1,3)         ",95,1990, B-=100
76,300,76Zn ,  ,-62303.0     ,   1.5     ,            ,           ,  , , ,   5.7   , s, 0.3    ,0+            ,95,1974, B-=100
76,310,76Ga ,  ,-66296.6     ,   2.0     ,            ,           ,  , , ,  30.6   , s, 0.6    ,2-*           ,95,1961, B-=100
76,320,76Ge ,  ,-73212.898   ,   0.018   ,            ,           ,  , , ,   1.88  ,Zy, 0.08   ,0+            ,95,1933, IS=7.75 12;2B-=100
76,330,76As ,  ,-72291.4     ,   0.9     ,            ,           ,  , , ,   1.0933, d, 0.0038 ,2-*           ,95,1934, B-=100
76,331,76As ,m ,-72247.0     ,   0.9     ,   44.425   ,   0.001   ,  , , ,   1.84  ,us, 0.06   ,(1)+          ,95,1966, IT=100
76,340,76Se ,  ,-75251.959   ,   0.016   ,            ,           ,  , , , stbl    ,  ,        ,0+            ,95,1922, IS=9.23 7
76,350,76Br ,  ,-70289       ,   9       ,            ,           ,  , , ,  16.2   , h, 0.2    ,1-*           ,95,1952, B+=100
76,351,76Br ,m ,-70186       ,   9       ,  102.58    ,   0.03    ,  , , ,   1.31  , s, 0.02   ,(4)+          ,95,1979, IT~100;B+<0.6
76,360,76Kr ,  ,-69014       ,   4       ,            ,           ,  , , ,  14.8   , h, 0.1    ,0+            ,95,1954, B+=100
76,370,76Rb ,  ,-60479.1     ,   0.9     ,            ,           ,  , , ,  36.5   , s, 0.6    ,1-*           ,95,1969, B+=100;B+A=3.8e-7 10
76,371,76Rb ,m ,-60162.2     ,   0.9     ,  316.93    ,   0.08    ,  , , ,   3.050 ,us, 0.007  ,(4+)          ,95,1986, IT=100
76,380,76Sr ,  ,-54250       ,  30       ,            ,           ,  , , ,   7.89  , s, 0.07   ,0+            ,11,1990, B+=100;B+p=3.4e-3 8
76,390,76Y  ,  ,-38250#      , 300#      ,            ,           ,  , , ,  28     ,ms, 9      ,1-#           ,7,2001, B+ ?;p ?;B+p ?
77,270,77Co ,  ,-21910#      , 600#      ,            ,           ,  , , ,  15     ,ms, 6      ,7/2-#         ,20,2014, B-=100;B-n ?;B-2n ?;B-3n ?
77,280,77Ni ,  ,-37350#      , 400#      ,            ,           ,  , , , 158.9   ,ms, 4.2    ,9/2+#         ,20,1995, B-=100;B-n=26 13;B-2n ?
77,290,77Cu ,  ,-48862.8     ,   1.2     ,            ,           ,  , , , 470.3   ,ms, 1.7    ,5/2-*         ,20,1987, B-=100;B-n=30.1 13
77,300,77Zn ,  ,-58789.2     ,   2.0     ,            ,           ,  , , ,   2.08  , s, 0.05   ,7/2+*         ,20,1977, B-=100
77,301,77Zn ,m ,-58016.8     ,   2.0     ,  772.440   ,   0.015   ,  , , ,   1.05  , s, 0.10   ,1/2-*         ,20,1986, B-=66 7;IT=34 7
77,310,77Ga ,  ,-65992.4     ,   2.4     ,            ,           ,  , , ,  13.2   , s, 0.2    ,3/2-*         ,20,1968," B-=100[gs=12,m=88]"
77,320,77Ge ,  ,-71212.87    ,   0.05    ,            ,           ,  , , ,  11.211 , h, 0.003  ,7/2+          ,20,1939, B-=100
77,321,77Ge ,m ,-71053.16    ,   0.08    ,  159.71    ,   0.06    ,  , , ,  53.7   , s, 0.6    ,1/2-          ,20,1947, B-=81 2;IT=19 2
77,330,77As ,  ,-73916.3     ,   1.7     ,            ,           ,  , , ,  38.79  , h, 0.05   ,3/2-          ,20,1951, B-=100
77,331,77As ,m ,-73440.8     ,   1.7     ,  475.48    ,   0.04    ,  , , , 114.0   ,us, 2.5    ,9/2+          ,20,1957, IT=100
77,340,77Se ,  ,-74599.50    ,   0.06    ,            ,           ,  , , , stbl    ,  ,        ,1/2-*         ,20,1922, IS=7.60 7
77,341,77Se ,m ,-74437.58    ,   0.06    ,  161.9223  ,   0.0010  ,  , , ,  17.36  , s, 0.05   ,7/2+          ,20,1947, IT=100
77,350,77Br ,  ,-73234.8     ,   2.8     ,            ,           ,  , , ,  57.04  , h, 0.12   ,3/2-*         ,20,1948, B+=100
77,351,77Br ,m ,-73128.9     ,   2.8     ,  105.86    ,   0.08    ,  , , ,   4.28  , m, 0.10   ,9/2+*         ,20,1961, IT=100
77,360,77Kr ,  ,-70169.5     ,   2.0     ,            ,           ,  , , ,  72.6   , m, 0.9    ,5/2+*         ,20,1948, B+=100
77,361,77Kr ,m ,-70103.0     ,   2.0     ,   66.50    ,   0.05    ,  , , , 118     ,ns, 12     ,3/2-          ,20,1975, IT=100
77,370,77Rb ,  ,-64830.5     ,   1.3     ,            ,           ,  , , ,   3.78  , m, 0.04   ,3/2-*         ,20,1972, B+=100
77,380,77Sr ,  ,-57803       ,   8       ,            ,           ,  , , ,   9.0   , s, 0.2    ,5/2+*         ,20,1976, B+=100;B+p=0.08 3
77,390,77Y  ,  ,-46440#      , 200#      ,            ,           ,  , , ,  63     ,ms, 17     ,5/2+#         ,20,1999, B+~100;B+p ?;p ?
77,400,77Zr ,  ,-31600#      , 400#      ,            ,           ,  , , , 100#    ,us,        ,3/2-#         ,20,2017, B+ ?;B+p ?;p ?
78,270,78Co ,  ,-15320#      , 700#      ,            ,           ,  , , ,  11#    ,ms, >410ns ,              ,,2017, B- ?
78,280,78Ni ,  ,-34880#      , 400#      ,            ,           ,  , , , 122.2   ,ms, 5.1    ,0+            ,9,1995, B-=100;B-n ?;B-2n ?
78,290,78Cu ,  ,-44789       ,  13       ,            ,           ,  , , , 330.7   ,ms, 2.0    ,(6-)*         ,9,1991, B-=100;B-n=50.6 45;B-2n ?
78,300,78Zn ,  ,-57483.2     ,   1.9     ,            ,           ,  , , ,   1.47  , s, 0.15   ,0+            ,9,1977, B-=100;B-n ?
78,301,78Zn ,m ,-54809.5     ,   2.0     , 2673.7     ,   0.6     ,  , , , 320     ,ns, 6      ,(8+)          ,9,1998, IT=100
78,310,78Ga ,  ,-63704.1     ,   1.1     ,            ,           ,  , , ,   5.09  , s, 0.05   ,2-*           ,9,1972, B-=100
78,311,78Ga ,m ,-63205.2     ,   1.2     ,  498.9     ,   0.5     ,  , , , 110     ,ns, 3      ,              ,9,2010, IT=100
78,320,78Ge ,  ,-71862       ,   4       ,            ,           ,  , , ,  88.0   , m, 1.0    ,0+            ,9,1953, B-=100
78,330,78As ,  ,-72817       ,  10       ,            ,           ,  , , ,  90.7   , m, 0.2    ,2-            ,9,1937, B-=100
78,340,78Se ,  ,-77025.95    ,   0.18    ,            ,           ,  , , , stbl    ,  ,        ,0+            ,9,1922, IS=23.69 22
78,350,78Br ,  ,-73452       ,   4       ,            ,           ,  , , ,   6.45  , m, 0.04   ,1+*           ,9,1937, B+~100;B-<0.01
78,351,78Br ,m ,-73271       ,   4       ,  180.89    ,   0.13    ,  , , , 119.4   ,us, 1.0    ,(4+)          ,9,1958, IT=100
78,360,78Kr ,  ,-74178.3     ,   0.3     ,            ,           ,  , , , stbl    ,  , >110Ey ,0+            ,9,1920, IS=0.355 3;2B+ ?
78,370,78Rb ,  ,-66935       ,   3       ,            ,           ,  , , ,  17.66  , m, 0.03   ,0+*           ,9,1968, B+=100
78,371,78Rb ,m ,-66888       ,   3       ,   46.84    ,   0.14    ,  , , , 910     ,ns, 40     ,(1-)          ,9,1996, IT=100
78,372,78Rb ,n ,-66824       ,   3       ,  111.19    ,   0.22    ,  , , ,   5.74  , m, 0.03   ,4-*           ,9,1968, B+=91 2;IT=9 2
78,380,78Sr ,  ,-63174       ,   7       ,            ,           ,  , , , 156.1   , s, 2.7    ,0+            ,9,1982, B+=100
78,390,78Y  ,  ,-52170#      , 300#      ,            ,           ,  ,*, ,  54     ,ms, 5      ,(0+)          ,9,1992, B+=100;B+p ?
78,391,78Y  ,m ,-52170#      , 580#      ,    0#      , 500#      ,  ,*, ,   5.8   , s, 0.6    ,(5+)          ,9,1998, B+=100;B+p ?
78,400,78Zr ,  ,-40850#      , 400#      ,            ,           ,  , , ,  50#    ,ms, >200ns ,0+            ,9,2001, B+ ?;B+p ?
79,280,79Ni ,  ,-28160#      , 500#      ,            ,           ,  , , ,  44     ,ms, 8      ,5/2+#         ,16,2010, B-=100;B-n ?;B-2n ?
79,290,79Cu ,  ,-42410       , 100       ,            ,           ,  , , , 241.3   ,ms, 2.1    ,(5/2-)*       ,16,1991, B-=100;B-n=66 10;B-2n ?
79,300,79Zn ,  ,-53432.3     ,   2.2     ,            ,           ,  , , , 746     ,ms, 42     ,9/2+*         ,16,1981, B-=100;B-n=1.7 5
79,301,79Zn ,m ,-52330       , 150       , 1100       , 150       ,  , , ,>200     ,ms,        ,1/2+*         ,16,2015, IT ?;B- ?
79,310,79Ga ,  ,-62548.4     ,   1.2     ,            ,           ,  , , ,   2.848 , s, 0.003  ,3/2-*         ,16,1974, B-=100;B-n=0.089 19
79,320,79Ge ,  ,-69530       ,  40       ,            ,           ,  , , ,  18.98  , s, 0.03   ,(1/2)-        ,16,1970, B-=100
79,321,79Ge ,m ,-69340       ,  40       ,  185.95    ,   0.04    ,  , , ,  39.0   , s, 1.0    ,7/2+#         ,16,1970, B-=96 1;IT=4 1
79,330,79As ,  ,-73636       ,   5       ,            ,           ,  , , ,   9.01  , m, 0.15   ,3/2-          ,16,1950, B-=100
79,331,79As ,m ,-72863       ,   5       ,  772.81    ,   0.06    ,  , , ,   1.21  ,us, 0.01   ,(9/2)+        ,16,1998, IT=100
79,340,79Se ,  ,-75917.47    ,   0.22    ,            ,           ,  , , , 327     ,ky, 28     ,7/2+*         ,16,1950, B-=100
79,341,79Se ,m ,-75821.70    ,   0.22    ,   95.77    ,   0.03    ,  , , ,   3.900 , m, 0.018  ,1/2-          ,16,1950, IT~100;B-=0.056 11
79,350,79Br ,  ,-76068.1     ,   1.0     ,            ,           ,  , , , stbl    ,  ,        ,3/2-*         ,16,1920, IS=50.65 9
79,351,79Br ,m ,-75860.5     ,   1.0     ,  207.61    ,   0.09    ,  , , ,   4.85  , s, 0.04   ,9/2+          ,16,1954, IT=100
79,360,79Kr ,  ,-74442       ,   3       ,            ,           ,  , , ,  35.04  , h, 0.10   ,1/2-*         ,16,1948, B+=100
79,361,79Kr ,m ,-74312       ,   3       ,  129.77    ,   0.05    ,  , , ,  50     , s, 3      ,7/2+*         ,16,1940, IT=100
79,370,79Rb ,  ,-70802.8     ,   1.9     ,            ,           ,  , , ,  22.9   , m, 0.5    ,5/2+*         ,16,1957, B+=100
79,380,79Sr ,  ,-65480       ,   7       ,            ,           ,  , , ,   2.25  , m, 0.10   ,3/2-*         ,16,1972, B+=100
79,390,79Y  ,  ,-57800       ,  80       ,            ,           ,  , , ,  14.8   , s, 0.6    ,5/2+#         ,16,1992, B+=100
79,400,79Zr ,  ,-46770#      , 300#      ,            ,           ,  , , ,  56     ,ms, 30     ,5/2+#         ,16,1999, B+=100;B+p ?
79,410,79Nb ,  ,-31650#      , 500#      ,            ,           ,  , , ,         ,  ,        ,9/2+#         ,,, p ?;B+ ?;B+p ?
80,280,80Ni ,  ,-23240#      , 600#      ,            ,           ,  , , ,  30     ,ms, 22     ,0+            ,14,2014, B-=100;B-n ?;B-2n ?
80,290,80Cu ,  ,-36680#      , 300#      ,            ,           ,  , , , 113.3   ,ms, 6.4    ,              ,14,1995, B-=100;B-n=58 9;B-2n ?
80,300,80Zn ,  ,-51648.6     ,   2.6     ,            ,           ,  , , , 562.2   ,ms, 3.0    ,0+            ,14,1981, B-=100;B-n=1.36 12
80,310,80Ga ,  ,-59223.7     ,   2.9     ,            ,           ,  ,*, ,   1.9   , s, 0.1    ,6-*           ,14,1974, B-=100;B-n=0.86 7
80,311,80Ga ,m ,-59201.3     ,   2.9     ,   22.45    ,   0.10    ,  ,*, ,   1.3   , s, 0.2    ,3-*           ,14,2011, B-~100;B-n ?;IT ?
80,320,80Ge ,  ,-69535.3     ,   2.1     ,            ,           ,  , , ,  29.5   , s, 0.4    ,0+            ,5,1972, B-=100
80,330,80As ,  ,-72215       ,   3       ,            ,           ,  , , ,  15.2   , s, 0.2    ,1+            ,5,1954, B-=100
80,340,80Se ,  ,-77759.5     ,   0.9     ,            ,           ,  , , , stbl    ,  ,        ,0+            ,5,1922, IS=49.80 36;2B- ?
80,350,80Br ,  ,-75889.0     ,   1.0     ,            ,           ,  , , ,  17.68  , m, 0.02   ,1+*           ,5,1937, B-=91.7 2;B+=8.3 2
80,351,80Br ,m ,-75803.2     ,   1.0     ,   85.843   ,   0.004   ,  , , ,   4.4205, h, 0.0008 ,5-*           ,5,1937, IT=100
80,360,80Kr ,  ,-77893.5     ,   0.7     ,            ,           ,  , , , stbl    ,  ,        ,0+            ,5,1920, IS=2.286 10
80,370,80Rb ,  ,-72175.5     ,   1.9     ,            ,           ,  , , ,  33.4   , s, 0.7    ,1+*           ,5,1961, B+=100
80,371,80Rb ,m ,-71681.6     ,   2.0     ,  493.9     ,   0.5     ,  , , ,   1.63  ,us, 0.04   ,(6+)          ,5,1980, IT=100
80,380,80Sr ,  ,-70311       ,   3       ,            ,           ,  , , , 106.3   , m, 1.5    ,0+            ,5,1961, B+=100
80,390,80Y  ,  ,-61148       ,   6       ,            ,           ,  , , ,  30.1   , s, 0.5    ,4-            ,5,1981, B+=100
80,391,80Y  ,m ,-60920       ,   6       ,  228.5     ,   0.1     ,  , , ,   4.8   , s, 0.3    ,1-            ,5,1998, IT=81 2;B+=19 2
80,392,80Y  ,n ,-60835       ,   6       ,  312.6     ,   0.9     ,  , , ,   4.7   ,us, 0.3    ,(2+)          ,5,1997, IT=100
80,400,80Zr ,  ,-54760#      , 300#      ,            ,           ,  , , ,   4.6   , s, 0.6    ,0+            ,5,1987, B+=100
80,410,80Nb ,  ,-38420#      , 400#      ,            ,           ,  , , ,         ,  ,        ,4-#           ,,, p ?;B+ ?;B+p ?
81,280,81Ni ,  ,-16090#      , 700#      ,            ,           ,  , , ,  30#    ,ms, >410ns ,3/2+#         ,,2017, B- ?
81,290,81Cu ,  ,-31910#      , 300#      ,            ,           ,  , , ,  73.2   ,ms, 6.8    ,5/2-#         ,10,2010, B-=100;B-n=81 20;B-2n ?
81,300,81Zn ,  ,-46200       ,   5       ,            ,           ,  , , , 299.4   ,ms, 2.1    ,"(1/2+,5/2+)   ",8,1991, B-=100;B-n=23 4;B-2n ?
81,310,81Ga ,  ,-57628       ,   3       ,            ,           ,  , , ,   1.217 , s, 0.005  ,5/2-*         ,8,1976, B-=100;B-n=12.5 5
81,320,81Ge ,  ,-66291.7     ,   2.1     ,            ,           ,  , , ,   9     , s, 2      ,9/2+#         ,8,1972, B-=100
81,321,81Ge ,m ,-65612.6     ,   2.1     ,  679.14    ,   0.04    ,  , , ,   6     , s, 2      ,(1/2+)        ,8,1981, B-~100;IT<1
81,330,81As ,  ,-72533.3     ,   2.6     ,            ,           ,  , , ,  33.3   , s, 0.8    ,3/2-          ,8,1960, B-=100
81,340,81Se ,  ,-76389.0     ,   1.0     ,            ,           ,  , , ,  18.45  , m, 0.12   ,1/2-          ,8,1948, B-=100
81,341,81Se ,m ,-76286.0     ,   1.0     ,  103.00    ,   0.06    ,  , , ,  57.28  , m, 0.02   ,7/2+          ,8,1971, IT~100;B-=0.051 14
81,350,81Br ,  ,-77977.1     ,   1.0     ,            ,           ,  , , , stbl    ,  ,        ,3/2-*         ,8,1920, IS=49.35 9
81,351,81Br ,m ,-77440.9     ,   1.0     ,  536.20    ,   0.09    ,  , , ,  34.6   ,us, 2.8    ,9/2+          ,8,1967, IT=100
81,360,81Kr ,  ,-77696.2     ,   1.1     ,            ,           ,  , , , 229     ,ky, 11     ,7/2+*         ,8,1950, EC=100
81,361,81Kr ,m ,-77505.6     ,   1.1     ,  190.64    ,   0.04    ,  , , ,  13.10  , s, 0.03   ,1/2-*         ,8,1940, IT~100;EC=0.0025 4
81,370,81Rb ,  ,-75457       ,   5       ,            ,           ,  , , ,   4.572 , h, 0.004  ,3/2-*         ,8,1949, B+=100
81,371,81Rb ,m ,-75371       ,   5       ,   86.31    ,   0.07    ,  , , ,  30.5   , m, 0.3    ,9/2+*         ,8,1956, IT=97.6 6;B+=2.4 6
81,380,81Sr ,  ,-71528       ,   3       ,            ,           ,  , , ,  22.3   , m, 0.4    ,1/2-*         ,8,1952, B+=100
81,381,81Sr ,m ,-71449       ,   3       ,   79.23    ,   0.04    ,  , , , 390     ,ns, 50     ,(5/2)-        ,8,1983, IT=100
81,382,81Sr ,n ,-71439       ,   3       ,   89.05    ,   0.07    ,  , , ,   6.4   ,us, 0.5    ,(7/2+)        ,8,1989, IT ?
81,390,81Y  ,  ,-65713       ,   5       ,            ,           ,  , , ,  70.4   , s, 1.0    ,(5/2+)        ,8,1981, B+=100
81,400,81Zr ,  ,-57520       ,  90       ,            ,           ,  , , ,   5.5   , s, 0.4    ,(3/2-)        ,8,1997, B+=100;B+p=0.12 2
81,410,81Nb ,  ,-46360#      , 400#      ,            ,           ,  , , ,         ,  , <44ns  ,9/2+#         ,8,, p ?;B+ ?;B+p ?
81,420,81Mo ,  ,-31460#      , 500#      ,            ,           ,  , , ,   1#    ,ms, >400ns ,5/2+#         ,15,2013, B+ ?;B+p ?
82,280,82Ni ,  ,-10720#      , 800#      ,            ,           ,  , , ,  16#    ,ms, >410ns ,0+            ,19,2017, B- ?
82,290,82Cu ,  ,-25730#      , 400#      ,            ,           ,  , , ,  34     ,ms, 7      ,              ,19,2010, B-=100;B-n ?;B-2n ?
82,300,82Zn ,  ,-42314       ,   3       ,            ,           ,  , , , 177.9   ,ms, 2.5    ,0+            ,19,1997, B-=100;B-n=69 7;B-2n ?
82,310,82Ga ,  ,-52930.7     ,   2.4     ,            ,           ,  , , , 600     ,ms, 2      ,2-*           ,19,1976, B-=100;B-n=21.2 10;B-2n ?
82,311,82Ga ,m ,-52790.0     ,   2.4     ,  140.7     ,   0.3     ,  , , ,  93.5   ,ns, 6.7    ,(4-)          ,19,2009, IT=100
82,320,82Ge ,  ,-65415.1     ,   2.2     ,            ,           ,  , , ,   4.31  , s, 0.19   ,0+            ,19,1972, B-=100
82,330,82As ,  ,-70105       ,   4       ,            ,           ,  , , ,  19.1   , s, 0.5    ,(2-)          ,19,1968, B-=100
82,331,82As ,m ,-69973       ,   4       ,  131.6     ,   0.5     ,  , , ,  13.6   , s, 0.4    ,(5-)          ,19,1970, B-=100
82,340,82Se ,  ,-77593.9     ,   0.5     ,            ,           ,  , , ,  87.6   ,Ey, 1.5    ,0+            ,19,1922, IS=8.82 15;2B-=100
82,350,82Br ,  ,-77498.7     ,   1.0     ,            ,           ,  , , ,  35.282 , h, 0.007  ,5-*           ,19,1937, B-=100
82,351,82Br ,m ,-77452.8     ,   1.0     ,   45.9492  ,   0.0010  ,  , , ,   6.13  , m, 0.05   ,2-            ,19,1965, IT=97.6 3;B-=2.4 3
82,360,82Kr ,  ,-80591.795   ,   0.006   ,            ,           ,  , , , stbl    ,  ,        ,0+            ,19,1920, IS=11.593 31
82,370,82Rb ,  ,-76188       ,   3       ,            ,           ,  , , ,   1.2575, m, 0.0002 ,1+*           ,19,1949, B+=100
82,371,82Rb ,m ,-76118.8     ,   2.6     ,   69.0     ,   1.5     ,IT, , ,   6.472 , h, 0.006  ,5-*           ,19,1957, B+~100;IT<0.33
82,380,82Sr ,  ,-76010       ,   6       ,            ,           ,  , , ,  25.35  , d, 0.03   ,0+            ,19,1952, EC=100
82,390,82Y  ,  ,-68064       ,   5       ,            ,           ,  , , ,   8.30  , s, 0.20   ,1+            ,19,1980, B+=100
82,391,82Y  ,m ,-67661       ,   5       ,  402.63    ,   0.14    ,  , , , 258     ,ns, 22     ,4-            ,19,1994, IT=100
82,392,82Y  ,n ,-67557       ,   5       ,  507.50    ,   0.13    ,  , , , 148     ,ns, 6      ,6+            ,19,1994, IT=100
82,400,82Zr ,  ,-63614.1     ,   1.6     ,            ,           ,  , , ,  32     , s, 5      ,0+            ,19,1982, B+=100
82,410,82Nb ,  ,-51810#      , 300#      ,            ,           ,  , , ,  51     ,ms, 5      ,(0+)          ,19,1992, B+=100;B+p ?
82,411,82Nb ,m ,-50630#      , 300#      , 1180       ,   1       ,  , , ,  93     ,ns, 20     ,(5+)          ,19,2008, IT=100
82,420,82Mo ,  ,-40370#      , 400#      ,            ,           ,  , , ,  30#    ,ms, >400ns ,0+            ,19,2013, B+ ?;B+p ?
83,290,83Cu ,  ,-20390#      , 500#      ,            ,           ,  , , ,  21#    ,ms, >410ns ,5/2-#         ,,2017, B- ?;B-n ?;B-2n ?
83,300,83Zn ,  ,-36290#      , 300#      ,            ,           ,  , , , 100     ,ms, 3      ,3/2+#         ,15,1997, B-=100;B-n~71 29;B-2n ?
83,310,83Ga ,  ,-49257.1     ,   2.6     ,            ,           ,  , , , 310.0   ,ms, 0.7    ,5/2-#         ,15,1976, B-=100;B-n=85 4;B-2n ?
83,320,83Ge ,  ,-60976.4     ,   2.4     ,            ,           ,  , , ,   1.85  , s, 0.06   ,(5/2+)        ,15,1972, B-=100;B-n ?
83,330,83As ,  ,-69669.3     ,   2.8     ,            ,           ,  , , ,  13.4   , s, 0.4    ,5/2-#         ,15,1968, B-=100
83,340,83Se ,  ,-75341       ,   3       ,            ,           ,  , , ,  22.25  , m, 0.04   ,9/2+          ,15,1937, B-=100
83,341,83Se ,m ,-75112       ,   3       ,  228.92    ,   0.07    ,  , , ,  70.1   , s, 0.4    ,1/2-          ,15,1969, B-=100
83,350,83Br ,  ,-79014       ,   4       ,            ,           ,  , , ,   2.374 , h, 0.004  ,3/2-          ,15,1937, B-=100
83,351,83Br ,m ,-75945       ,   4       , 3069.2     ,   0.4     ,  , , , 729     ,ns, 77     ,(19/2-)       ,15,1989, IT=100
83,360,83Kr ,  ,-79990.643   ,   0.009   ,            ,           ,  , , , stbl    ,  ,        ,9/2+*         ,15,1920, IS=11.500 19
83,361,83Kr ,m ,-79981.238   ,   0.009   ,    9.4053  ,   0.0008  ,  , , , 156.8   ,ns, 0.5    ,7/2+          ,15,1963, IT=100
83,362,83Kr ,n ,-79949.086   ,   0.009   ,   41.5575  ,   0.0007  ,  , , ,   1.830 , h, 0.013  ,1/2-*         ,15,1971, IT=100
83,370,83Rb ,  ,-79070.6     ,   2.3     ,            ,           ,  , , ,  86.2   , d, 0.1    ,5/2-*         ,15,1950, EC=100
83,371,83Rb ,m ,-79028.5     ,   2.3     ,   42.0780  ,   0.0020  ,  , , ,   7.8   ,ms, 0.7    ,9/2+          ,15,1968, IT=100
83,380,83Sr ,  ,-76798       ,   7       ,            ,           ,  , , ,  32.41  , h, 0.03   ,7/2+*         ,15,1952, B+=100
83,381,83Sr ,m ,-76539       ,   7       ,  259.15    ,   0.09    ,  , , ,   4.95  , s, 0.12   ,1/2-*         ,15,1972, IT=100
83,390,83Y  ,  ,-72206       ,  19       ,            ,           ,  , , ,   7.08  , m, 0.08   ,(9/2+)        ,15,1962, B+=100
83,391,83Y  ,m ,-72144       ,  19       ,   62.04    ,   0.10    ,  , , ,   2.85  , m, 0.02   ,(3/2-)        ,15,1972, B+=60 5;IT=40 5
83,400,83Zr ,  ,-65912       ,   6       ,            ,           ,  , , ,  42     , s, 2      ,1/2-#         ,15,1974, B+=100;B+p=?
83,401,83Zr ,m ,-65859       ,   6       ,   52.72    ,   0.05    ,  , , , 530     ,ns, 120    ,(5/2-)        ,15,1988, IT=100
83,402,83Zr ,n ,-65835       ,   6       ,   77.04    ,   0.07    ,  , , ,   1.8   ,us, 0.1    ,(7/2+)        ,15,1988, IT=100
83,410,83Nb ,  ,-57610       , 160       ,            ,           ,  , , ,   3.9   , s, 0.2    ,9/2+#         ,15,1988, B+=100
83,420,83Mo ,  ,-46340#      , 400#      ,            ,           ,  , , ,  23     ,ms, 19     ,3/2-#         ,15,1999, B+=100;B+p ?
83,430,83Tc ,  ,-31320#      , 500#      ,            ,           ,  , , ,         ,  ,        ,1/2-#         ,,, p ?;B+ ?;B+p ?
84,290,84Cu ,  ,-13720#      , 500#      ,            ,           ,  , , ,         ,  ,        ,              ,,, B- ?;B-n ?
84,300,84Zn ,  ,-31830#      , 400#      ,            ,           ,  , , ,  54     ,ms, 8      ,0+            ,10,2010, B-=100;B-n=73 26;B-2n ?
84,310,84Ga ,  ,-44094       ,  30       ,            ,           ,  , , ,  97.6   ,ms, 1.2    ,0-#           ,9,1991, B-=100;B-n=43 4;B-2n=1.6 2
84,311,84Ga ,m ,             ,           , non-exist  ,           ,RN, , ,  <85    ,ms,        ,"(3-,4-)       ",9,, B- ?; IT ?
84,320,84Ge ,  ,-58148       ,   3       ,            ,           ,  , , , 951     ,ms, 9      ,0+            ,9,1972, B-=100;B-n=10.6 6
84,330,84As ,  ,-65854       ,   3       ,            ,           ,  , , ,   3.16  , s, 0.58   ,(2-)          ,9,1968, B-=100;B-n=0.28 4
84,331,84As ,m ,             ,           , non-exist  ,           ,RN, , , 650     ,ms, 150    ,              ,9,1974, B-=100
84,340,84Se ,  ,-75947.7     ,   2.0     ,            ,           ,  , , ,   3.26  , m, 0.10   ,0+            ,9,1960, B-=100
84,350,84Br ,  ,-77783       ,  26       ,            ,           ,  , , ,  31.76  , m, 0.08   ,2-            ,9,1943, B-=100
84,351,84Br ,m ,-77470       , 100       ,  310       , 100       ,BD, , ,   6.0   , m, 0.2    ,(6)-          ,9,1957, B-=100
84,352,84Br ,n ,-77375       ,  26       ,  408.2     ,   0.4     ,  , , ,<140     ,ns,        ,1+            ,9,1970, IT=100
84,360,84Kr ,  ,-82439.345   ,   0.004   ,            ,           ,  , , , stbl    ,  ,        ,0+            ,9,1920, IS=56.987 15
84,361,84Kr ,m ,-79203.27    ,   0.18    , 3236.07    ,   0.18    ,  , , ,   1.83  ,us, 0.04   ,8+            ,9,1982, IT=100
84,370,84Rb ,  ,-79759.0     ,   2.2     ,            ,           ,  , , ,  32.82  , d, 0.07   ,2-*           ,9,1947, B+=96.1 20;B-=3.9 20
84,371,84Rb ,m ,-79295.4     ,   2.2     ,  463.59    ,   0.08    ,  , , ,  20.26  , m, 0.04   ,6-*           ,9,1940, IT~100;B+<0.0012
84,380,84Sr ,  ,-80649.6     ,   1.2     ,            ,           ,  , , , stbl    ,  ,        ,0+            ,9,1936, IS=00.56 2;2B+ ?
84,390,84Y  ,  ,-73894       ,   4       ,            ,           ,  , , ,  39.5   , m, 0.8    ,(6+)          ,9,1962, B+=100
84,391,84Y  ,m ,-73827       ,   4       ,   67.0     ,   0.2     ,  , , ,   4.6   , s, 0.2    ,1+            ,9,1976, B+=100
84,392,84Y  ,n ,-73684       ,   4       ,  210.42    ,   0.16    ,  , , , 292     ,ns, 10     ,(4-)          ,9,2005, IT=100
84,400,84Zr ,  ,-71422       ,   5       ,            ,           ,  , , ,  25.8   , m, 0.5    ,0+            ,9,1977, B+=100
84,410,84Nb ,  ,-61193.8     ,   0.4     ,            ,           ,  , , ,   9.8   , s, 0.9    ,(1+)          ,9,1977, B+=100
84,411,84Nb ,m ,-61145.8     ,   1.1     ,   48       ,   1       ,  , , , 176     ,ns, 46     ,(3+)          ,,2009, IT=100
84,412,84Nb ,n ,-60856.1     ,   0.6     ,  337.7     ,   0.4     ,  , , ,  92     ,ns, 5      ,(5-)          ,9,2000, IT=100
84,420,84Mo ,  ,-54170#      , 300#      ,            ,           ,  , , ,   2.3   , s, 0.3    ,0+            ,9,1991, B+=100;B+p ?
84,430,84Tc ,  ,-37700#      , 400#      ,            ,           ,  , , ,         ,  ,        ,1+#           ,,, p ?;B+ ?;B+p ?
85,300,85Zn ,  ,-25100#      , 500#      ,            ,           ,  , , ,  40#    ,ms, >400ns ,5/2+#         ,14,2010, B- ?;B-n ?;B-2n ?
85,310,85Ga ,  ,-39740       ,  40       ,            ,           ,  , , ,  95.3   ,ms, 1.0    ,(5/2-)        ,14,1997, B-=100;B-n=77 4;B-2n=1.3 2
85,320,85Ge ,  ,-53123       ,   4       ,            ,           ,  , , , 495     ,ms, 5      ,"(3/2+,5/2+)#  ",14,1991, B-=100;B-n=17.2 18;B-2n ?
85,330,85As ,  ,-63189       ,   3       ,            ,           ,  , , ,   2.022 , s, 0.007  ,(5/2-)        ,14,1967, B-=100;B-n=62.6 9
85,340,85Se ,  ,-72413.6     ,   2.6     ,            ,           ,  , , ,  32.9   , s, 0.3    ,(5/2)+        ,14,1960, B-=100
85,350,85Br ,  ,-78575       ,   3       ,            ,           ,  , , ,   2.90  , m, 0.06   ,3/2-          ,14,1943, B-=100
85,360,85Kr ,  ,-81480.3     ,   2.0     ,            ,           ,  , , ,  10.728 , y, 0.007  ,9/2+*         ,14,1940, B-=100
85,361,85Kr ,m ,-81175.4     ,   2.0     ,  304.871   ,   0.020   ,  , , ,   4.480 , h, 0.008  ,1/2-*         ,14,1937, B-=78.8 5;IT=21.2 5
85,362,85Kr ,n ,-79488.5     ,   2.0     , 1991.8     ,   0.2     ,  , , ,   1.82  ,us, 0.05   ,(17/2+)       ,14,1989, IT=100
85,370,85Rb ,  ,-82167.341   ,   0.005   ,            ,           ,  , , , stbl    ,  ,        ,5/2-*         ,14,1921, IS=72.17 2
85,371,85Rb ,m ,-81653.335   ,   0.005   ,  514.0065  ,   0.0022  ,  , , ,   1.015 ,us, 0.001  ,9/2+          ,14,1964, IT=100
85,380,85Sr ,  ,-81103.3     ,   2.8     ,            ,           ,  , , ,  64.846 , d, 0.006  ,9/2+*         ,14,1940, EC=100
85,381,85Sr ,m ,-80864.5     ,   2.8     ,  238.79    ,   0.05    ,  , , ,  67.63  , m, 0.04   ,1/2-*         ,14,1940, IT=86.6 4;B+=13.4 4
85,390,85Y  ,  ,-77842       ,  19       ,            ,           ,  , , ,   2.68  , h, 0.05   ,(1/2)-        ,14,1952, B+=100
85,391,85Y  ,m ,-77822       ,  19       ,   19.68    ,   0.17    ,  , , ,   4.86  , h, 0.20   ,(9/2)+        ,14,1952, B+~100; IT ?
85,392,85Y  ,n ,-77576       ,  19       ,  266.18    ,   0.10    ,  , , , 178     ,ns, 7      ,(5/2)-        ,14,1977, IT=100
85,400,85Zr ,  ,-73175       ,   6       ,            ,           ,  , , ,   7.86  , m, 0.04   ,(7/2+)        ,14,1963, B+=100
85,401,85Zr ,m ,-72883       ,   6       ,  292.2     ,   0.3     ,  , , ,  10.9   , s, 0.3    ,1/2-#         ,14,1976, IT=?;B+=?
85,410,85Nb ,  ,-66280       ,   4       ,            ,           ,  , , ,  20.5   , s, 0.7    ,9/2+#         ,14,1988, B+=100
85,411,85Nb ,m ,-66130#      ,  80#      ,  150#      ,  80#      ,  , , ,   3.3   , s, 0.9    ,(1/2-)        ,14,1988, IT=?;B+=?
85,412,85Nb ,n ,             ,           , non-exist  ,           ,RN, , ,  12     , s, 5      ,              ,14,, B- ?; IT ?
85,420,85Mo ,  ,-57510       ,  16       ,            ,           ,  , , ,   3.2   , s, 0.2    ,(1/2+)        ,14,1992, B+=100;B+p=0.14 2
85,430,85Tc ,  ,-45850#      , 400#      ,            ,           ,  , , ,         ,  , <110ns ,1/2-#         ,14,, p ?
85,440,85Ru ,  ,-30630#      , 500#      ,            ,           ,  , , ,   1#    ,ms, >400ns ,3/2-#         ,15,2013, B+ ?;B+p ?;p ?
86,300,86Zn ,  ,-20060#      , 500#      ,            ,           ,  , , ,         ,  ,        ,0+            ,,, B- ?;B-n ?
86,310,86Ga ,  ,-33760#      , 400#      ,            ,           ,  , , ,  49     ,ms, 2      ,              ,15,1997, B-=100;B-n=69 6;B-2n=16.2 11
86,320,86Ge ,  ,-49400       , 440       ,            ,           ,  , , , 221.6   ,ms, 11     ,0+            ,15,1994, B-=100;B-n=45 15
86,330,86As ,  ,-58962       ,   3       ,            ,           ,  , , , 945     ,ms, 8      ,"(1-,2-)       ",15,1973, B-=100;B-n=35.5 6;B-2n ?
86,340,86Se ,  ,-70503.2     ,   2.5     ,            ,           ,  , , ,  14.3   , s, 0.3    ,0+            ,16,1973, B-=100;B-n ?
86,350,86Br ,  ,-75632       ,   3       ,            ,           ,  , , ,  55.1   , s, 0.4    ,(1-)          ,15,1962, B-=100
86,360,86Kr ,  ,-83265.676   ,   0.004   ,            ,           ,  , , , stbl    ,  ,        ,0+            ,15,1920, IS=17.279 41;2B- ?
86,370,86Rb ,  ,-82747.00    ,   0.20    ,            ,           ,  , , ,  18.645 , d, 0.008  ,2-*           ,15,1941, B-~100;EC=0.0052 5
86,371,86Rb ,m ,-82190.95    ,   0.27    ,  556.05    ,   0.18    ,  , , ,   1.017 , m, 0.003  ,6-*           ,15,1951, IT~100;B-<0.3
86,380,86Sr ,  ,-84523.100   ,   0.005   ,            ,           ,  , , , stbl    ,  ,        ,0+            ,15,1931, IS=9.86 20
86,381,86Sr ,m ,-81567.01    ,   0.12    , 2956.09    ,   0.12    ,  , , , 455     ,ns, 7      ,8+            ,15,1971, IT=100
86,390,86Y  ,  ,-79283       ,  14       ,            ,           ,  , , ,  14.74  , h, 0.02   ,4-*           ,15,1951, B+=100
86,391,86Y  ,m ,-79065       ,  14       ,  218.21    ,   0.09    ,  , , ,  47.4   , m, 0.4    ,(8+)          ,15,1962, IT=99.31 4;B+=0.69 4
86,392,86Y  ,n ,-78981       ,  14       ,  302.18    ,   0.09    ,  , , , 125.3   ,ns, 5.5    ,6+            ,15,2000, IT=100
86,400,86Zr ,  ,-77969       ,   4       ,            ,           ,  , , ,  16.5   , h, 0.1    ,0+            ,15,1951, B+=100
86,410,86Nb ,  ,-69134       ,   5       ,            ,           ,  ,*, ,  88     , s, 1      ,(6+)          ,15,1974, B+=100
86,411,86Nb ,m ,-68980#      , 100#      ,  150#      , 100#      ,  ,*, ,  20#    , s,        ,"(0-,1-,2-)    ",15,1994, B+=100; IT ?
86,412,86Nb ,n ,             ,           , non-exist  ,           ,RN, , ,  56.3   , s, 8.3    ,              ,15,, B+= ?; IT ?
86,420,86Mo ,  ,-64110.9     ,   2.9     ,            ,           ,  , , ,  19.1   , s, 0.3    ,0+            ,15,1991, B+=100
86,430,86Tc ,  ,-51570#      , 300#      ,            ,           ,  , , ,  55     ,ms, 7      ,(0+)          ,15,1992, B+=100;B+p ?
86,431,86Tc ,m ,-50050#      , 300#      , 1524       ,  10       ,  , , ,   1.10  ,us, 0.12   ,(6+)          ,15,2000, IT=100
86,440,86Ru ,  ,-39770#      , 400#      ,            ,           ,  , , ,  50#    ,ms, >400ns ,0+            ,15,2013, B+ ?;B+p ?
87,310,87Ga ,  ,-28870#      , 500#      ,            ,           ,  , , ,  29     ,ms, 4      ,5/2-#         ,15,2010, B-=100;B-n=81 12;B-2n=10.2 2.8
87,320,87Ge ,  ,-43590#      , 300#      ,            ,           ,  , , , 103     ,ms, 4      ,5/2+#         ,15,1997, B-=100;B-n ?;B-2n ?
87,330,87As ,  ,-55617.9     ,   3.0     ,            ,           ,  , , , 492     ,ms, 25     ,"(5/2-,3/2-)   ",15,1970, B-=100;B-n=15.4 22;B-2n ?
87,340,87Se ,  ,-66426.1     ,   2.2     ,            ,           ,  , , ,   5.50  , s, 0.06   ,(3/2+)        ,15,1968, B-=100;B-n=0.60 12
87,350,87Br ,  ,-73892       ,   3       ,            ,           ,  , , ,  55.68  , s, 0.12   ,5/2-          ,15,1943, B-=100;B-n=2.60 4
87,360,87Kr ,  ,-80709.53    ,   0.25    ,            ,           ,  , , ,  76.3   , m, 0.5    ,5/2+*         ,15,1940, B-=100
87,370,87Rb ,  ,-84597.802   ,   0.006   ,            ,           ,  , , ,  49.7   ,Gy, 0.3    ,3/2-*         ,15,1921, IS=27.83 2;B-=100
87,380,87Sr ,  ,-84880.076   ,   0.005   ,            ,           ,  , , , stbl    ,  ,        ,9/2+*         ,15,1931, IS=7.00 20
87,381,87Sr ,m ,-84491.547   ,   0.006   ,  388.5287  ,   0.0023  ,  , , ,   2.805 , h, 0.009  ,1/2-*         ,15,1940, IT=99.70 8;EC=0.30 8
87,390,87Y  ,  ,-83018.4     ,   1.1     ,            ,           ,  , , ,  79.8   , h, 0.3    ,1/2-*         ,15,1940, B+=100
87,391,87Y  ,m ,-82637.6     ,   1.1     ,  380.82    ,   0.07    ,  , , ,  13.37  , h, 0.03   ,9/2+*         ,15,1940, IT=98.43 11;B+=1.57 11
87,400,87Zr ,  ,-79347       ,   4       ,            ,           ,  , , ,   1.68  , h, 0.01   ,9/2+          ,15,1948, B+=100
87,401,87Zr ,m ,-79011       ,   4       ,  335.84    ,   0.19    ,  , , ,  14.0   , s, 0.2    ,1/2-          ,15,1972, IT=100
87,410,87Nb ,  ,-73874       ,   7       ,            ,           ,  , , ,   3.7   , m, 0.1    ,(1/2)-        ,15,1971, B+=100
87,411,87Nb ,m ,-73870       ,   7       ,    3.9     ,   0.1     ,  , , ,   2.6   , m, 0.1    ,(9/2)+        ,15,1972, B+=100
87,420,87Mo ,  ,-66884.8     ,   2.9     ,            ,           ,  , , ,  14.1   , s, 0.3    ,7/2+#         ,15,1977, B+=100;B+p=15 5
87,430,87Tc ,  ,-57690       ,   4       ,            ,           ,  ,*, ,   2.14  , s, 0.17   ,9/2+#         ,15,1991, B+=100;B+p<0.7
87,431,87Tc ,m ,-57683       ,   4       ,    7       ,   1       ,  ,*, ,   2#    , s,        ,1/2-#         ,,, B+ ?;IT ?
87,432,87Tc ,n ,-57619       ,   4       ,   71       ,   1       ,  , , , 647     ,ns, 24     ,7/2+#         ,15,2007, IT=100
87,440,87Ru ,  ,-45730#      , 400#      ,            ,           ,  , , ,  50#    ,ms, >1.5us ,1/2-#         ,15,1995, B+ ?;B+p ?
88,310,88Ga ,  ,-22390#      , 500#      ,            ,           ,  , , ,         ,  ,        ,              ,,, B- ?;B-n ?
88,320,88Ge ,  ,-39520#      , 400#      ,            ,           ,  , , ,  61     ,ms, 6      ,0+            ,14,1997, B-=100;B-n ?;B-2n ?
88,330,88As ,  ,-50450#      , 200#      ,            ,           ,  , , , 270     ,ms, 150    ,              ,14,1994, B-=100;B-n ?
88,340,88Se ,  ,-63884       ,   3       ,            ,           ,  , , ,   1.53  , s, 0.06   ,0+            ,14,1970, B-=100;B-n=0.99 10
88,350,88Br ,  ,-70716       ,   3       ,            ,           ,  , , ,  16.34  , s, 0.08   ,(1-)          ,14,1948, B-=100;B-n=6.58 18
88,351,88Br ,m ,-70446       ,   3       ,  270.17    ,   0.11    ,  , , ,   5.51  ,us, 0.04   ,(4-)          ,14,1970, IT=100
88,360,88Kr ,  ,-79691.3     ,   2.6     ,            ,           ,  , , ,   2.825 , h, 0.019  ,0+            ,14,1939, B-=100
88,370,88Rb ,  ,-82609.00    ,   0.16    ,            ,           ,  , , ,  17.78  , m, 0.03   ,2-*           ,14,1939, B-=100
88,371,88Rb ,m ,-81235.2     ,   0.3     , 1373.8     ,   0.3     ,  , , , 123     ,ns, 13     ,(7+)          ,14,2000, IT=100
88,380,88Sr ,  ,-87921.629   ,   0.006   ,            ,           ,  , , , stbl    ,  ,        ,0+            ,14,1923, IS=82.58 35
88,390,88Y  ,  ,-84299.0     ,   1.5     ,            ,           ,  , , , 106.629 , d, 0.024  ,4-*           ,14,1948, B+=100
88,391,88Y  ,m ,-83906.1     ,   1.5     ,  392.86    ,   0.09    ,  , , , 301     ,us, 3      ,1+            ,14,1955, IT=100
88,392,88Y  ,n ,-83624.5     ,   1.5     ,  674.55    ,   0.04    ,  , , ,  13.98  ,ms, 0.17   ,8+*           ,14,1962, IT=100
88,400,88Zr ,  ,-83629       ,   5       ,            ,           ,  , , ,  83.4   , d, 0.3    ,0+            ,14,1951, EC=100
88,401,88Zr ,m ,-80741       ,   5       , 2887.79    ,   0.06    ,  , , ,   1.320 ,us, 0.025  ,8+            ,14,1978, IT=100
88,410,88Nb ,  ,-76170       ,  60       ,            ,           ,  ,*, ,  14.50  , m, 0.11   ,(8+)          ,14,1964, B+=100
88,411,88Nb ,m ,-76040       , 100       ,  130       , 120       ,BD,*, ,   7.7   , m, 0.1    ,(4-)          ,14,1971, B+=100
88,420,88Mo ,  ,-72687       ,   4       ,            ,           ,  , , ,   8.0   , m, 0.2    ,0+            ,14,1971, B+=100
88,430,88Tc ,  ,-61670       ,   4       ,            ,           ,  , , ,   6.4   , s, 0.8    ,(2+)          ,14,1991, B+=100;B+p ?
88,431,88Tc ,m ,-61600       ,   5       ,   70       ,   3       ,MD, , ,   5.8   , s, 0.2    ,(6+)          ,14,1993, B+=100;B+p ?
88,432,88Tc ,n ,-61575       ,   4       ,   95       ,   1       ,  , , , 146     ,ns, 12     ,(4+)          ,14,2009, IT=100
88,440,88Ru ,  ,-54340#      , 300#      ,            ,           ,  , , ,   1.5   , s, 0.3    ,0+            ,14,1994, B+=100;B+p<3.6
88,450,88Rh ,  ,-36860#      , 400#      ,            ,           ,  , , ,   1#    ,ms,        ,              ,,, B+ ?
89,320,89Ge ,  ,-33040#      , 400#      ,            ,           ,  , , ,  60#    ,ms, >300ns ,3/2+#         ,13,1997, B- ?;B-n ?;B-2n ?
89,330,89As ,  ,-46530#      , 300#      ,            ,           ,  , , , 220#    ,ms, >150ns ,5/2-#         ,13,1994, B- ?;B-n ?;B-2n ?
89,340,89Se ,  ,-58992       ,   4       ,            ,           ,  , , , 430     ,ms, 50     ,5/2+#         ,13,1971, B-=100;B-n=7.8 25
89,350,89Br ,  ,-68274       ,   3       ,            ,           ,  , , ,   4.357 , s, 0.022  ,"(3/2-,5/2-)   ",13,1959, B-=100;B-n=13.8 4
89,360,89Kr ,  ,-76535.8     ,   2.1     ,            ,           ,  , , ,   3.15  , m, 0.04   ,3/2+*         ,13,1940, B-=100
89,370,89Rb ,  ,-81712       ,   5       ,            ,           ,  , , ,  15.32  , m, 0.10   ,3/2-*         ,13,1940, B-=100
89,380,89Sr ,  ,-86209.03    ,   0.09    ,            ,           ,  , , ,  50.563 , d, 0.025  ,5/2+*         ,13,1937, B-=100
89,390,89Y  ,  ,-87711.2     ,   0.3     ,            ,           ,  , , , stbl    ,  ,        ,1/2-*         ,13,1923, IS=100
89,391,89Y  ,m ,-86802.2     ,   0.3     ,  908.97    ,   0.03    ,  , , ,  15.663 , s, 0.005  ,9/2+*         ,13,1951, IT=100
89,400,89Zr ,  ,-84878.0     ,   2.8     ,            ,           ,  , , ,  78.360 , h, 0.023  ,9/2+          ,13,1948, B+=100
89,401,89Zr ,m ,-84290.2     ,   2.8     ,  587.82    ,   0.10    ,  , , ,   4.161 , m, 0.010  ,1/2-          ,13,1953, IT=93.77 12;B+=6.23 12
89,410,89Nb ,  ,-80626       ,  24       ,            ,           ,  ,*, ,   2.03  , h, 0.07   ,(9/2+)        ,13,1954, B+=100
89,411,89Nb ,m ,-80630#      ,  40#      ,    0#      ,  30#      ,  ,*, ,   1.10  , h, 0.03   ,(1/2)-        ,13,1954, B+=100
89,420,89Mo ,  ,-75015       ,   4       ,            ,           ,  , , ,   2.11  , m, 0.10   ,(9/2+)        ,13,1980, B+=100
89,421,89Mo ,m ,-74628       ,   4       ,  387.5     ,   0.2     ,  , , , 190     ,ms, 15     ,(1/2-)        ,13,1980, IT=100
89,430,89Tc ,  ,-67395       ,   4       ,            ,           ,  , , ,  12.8   , s, 0.9    ,(9/2+)        ,13,1991, B+=100
89,431,89Tc ,m ,-67332       ,   4       ,   62.6     ,   0.5     ,  , , ,  12.9   , s, 0.8    ,(1/2-)        ,13,1991, B+~100;IT ?
89,440,89Ru ,  ,-58369       ,  24       ,            ,           ,  , , ,   1.32  , s, 0.03   ,(9/2+)        ,13,1992, B+=100;B+p=3.1 2
89,450,89Rh ,  ,-45650#      , 360#      ,            ,           ,  , , ,         ,  , <120ns ,9/2+#         ,16,, B+ ?;B+p ?;p ?
90,320,90Ge ,  ,-28470#      , 500#      ,            ,           ,  , , ,  30#    ,ms, >400ns ,0+            ,20,2010, B- ?;B-n ?;B-2n ?
90,330,90As ,  ,-40990#      , 400#      ,            ,           ,  , , ,  70#    ,ms, >300ns ,              ,20,1997, B- ?;B-n ?;B-2n ?
90,331,90As ,m ,-40870#      , 400#      ,  124.5     ,   0.5     ,  , , , 220     ,ns, 100    ,              ,,2012, IT=100
90,340,90Se ,  ,-55800       , 330       ,            ,           ,  , , , 210     ,ms, 80     ,0+            ,20,1994, B-=100;B-n ?
90,350,90Br ,  ,-64000       ,   3       ,            ,           ,  , , ,   1.910 , s, 0.010  ,              ,20,1959, B-=100;B-n=25.3 15
90,360,90Kr ,  ,-74959.3     ,   1.9     ,            ,           ,  , , ,  32.32  , s, 0.09   ,0+            ,20,1951, B-=100
90,370,90Rb ,  ,-79366       ,   6       ,            ,           ,  , , , 158     , s, 5      ,0-*           ,20,1951, B-=100
90,371,90Rb ,m ,-79259       ,   6       ,  106.90    ,   0.03    ,  , , , 258     , s, 4      ,3-*           ,20,1967, B-=97.4 4;IT=2.5 4
90,380,90Sr ,  ,-85950.9     ,   1.4     ,            ,           ,  , , ,  28.91  , y, 0.03   ,0+            ,20,1948, B-=100
90,390,90Y  ,  ,-86496.9     ,   0.4     ,            ,           ,  , , ,  64.05  , h, 0.05   ,2-*           ,20,1937, B-=100
90,391,90Y  ,m ,-85814.9     ,   0.4     ,  682.01    ,   0.05    ,  , , ,   3.226 , h, 0.011  ,7+*           ,20,1961, IT=99.9982 2;B-=0.0018 2
90,400,90Zr ,  ,-88772.55    ,   0.12    ,            ,           ,  , , , stbl    ,  ,        ,0+            ,20,1924, IS=51.45 4
90,401,90Zr ,m ,-86453.55    ,   0.12    , 2319.000   ,   0.009   ,  , , , 809.2   ,ms, 2.0    ,5-            ,20,1972, IT=100
90,402,90Zr ,n ,-85183.13    ,   0.12    , 3589.418   ,   0.015   ,  , , , 131     ,ns, 4      ,8+            ,20,1977, IT=100
90,410,90Nb ,  ,-82662       ,   3       ,            ,           ,  , , ,  14.60  , h, 0.05   ,8+*           ,20,1951, B+=100
90,411,90Nb ,m ,-82540       ,   3       ,  122.370   ,   0.022   ,  , , ,  63     ,us, 2      ,6+            ,20,1967, IT=100
90,412,90Nb ,n ,-82537       ,   3       ,  124.67    ,   0.25    ,  , , ,  18.81  , s, 0.06   ,4-*           ,20,1969, IT=100
90,413,90Nb ,p ,-82491       ,   3       ,  171.10    ,   0.10    ,  , , ,  <1     ,us,        ,7+            ,20,1981, IT=100
90,414,90Nb ,q ,-82280       ,   3       ,  382.01    ,   0.25    ,  , , ,   6.19  ,ms, 0.08   ,1+            ,20,1967," IT=100[gs=0,m=100]"
90,415,90Nb ,r ,-80782       ,   3       , 1880.21    ,   0.20    ,  , , , 471     ,ns, 6      ,(11-)         ,20,1978, IT=100
90,420,90Mo ,  ,-80173       ,   3       ,            ,           ,  , , ,   5.56  , h, 0.09   ,0+            ,20,1953, B+=100
90,421,90Mo ,m ,-77298       ,   3       , 2874.73    ,   0.15    ,  , , ,   1.14  ,us, 0.05   ,8+            ,20,1971, IT=100
90,430,90Tc ,  ,-70724.7     ,   1.0     ,            ,           ,  , , ,  49.2   , s, 0.4    ,(8+)          ,20,1974, B+=100
90,431,90Tc ,m ,-70580.7     ,   1.3     ,  144.0     ,   1.7     ,MD, , ,   8.7   , s, 0.2    ,1+            ,20,1974, B+=100
90,440,90Ru ,  ,-64884       ,   4       ,            ,           ,  , , ,  11.7   , s, 0.9    ,0+            ,20,1991, B+=100
90,450,90Rh ,  ,-51630#      , 200#      ,            ,           ,  ,*, ,  29     ,ms, 3      ,(0+)          ,20,1994, B+=100;B+p<0.7
90,451,90Rh ,m ,-51630#      , 540#      ,    0#      , 500#      ,  ,*, ,   0.56  , s, 0.02   ,(7+)          ,20,2001, B+=100;B+p=9.6 10
90,460,90Pd ,  ,-39710#      , 400#      ,            ,           ,  , , ,  10#    ,ms, >400ns ,0+            ,20,2016, B+ ?; B+p ? 2p ?
91,330,91As ,  ,-36500#      , 400#      ,            ,           ,  , , , 100#    ,ms, >300ns ,5/2-#         ,13,1997, B- ?;B-n ?;B-2n ?
91,340,91Se ,  ,-50580       , 430       ,            ,           ,  , , , 270     ,ms, 50     ,1/2+#         ,13,1975, B-=100;B-n=21 10;B-2n ?
91,350,91Br ,  ,-61107       ,   4       ,            ,           ,  , , , 543     ,ms, 4      ,5/2-#         ,13,1974, B-=100;B-n=29.5 5
91,360,91Kr ,  ,-70974.0     ,   2.2     ,            ,           ,  , , ,   8.57  , s, 0.04   ,5/2+*         ,13,1951, B-=100;B-n ?
91,370,91Rb ,  ,-77745       ,   8       ,            ,           ,  , , ,  58.2   , s, 0.3    ,3/2-*         ,13,1951, B-=100;B-n ?
91,380,91Sr ,  ,-83652       ,   5       ,            ,           ,  , , ,   9.65  , h, 0.06   ,5/2+*         ,13,1943, B-=100
91,390,91Y  ,  ,-86351.3     ,   1.8     ,            ,           ,  , , ,  58.51  , d, 0.06   ,1/2-*         ,13,1943, B-=100
91,391,91Y  ,m ,-85795.7     ,   1.8     ,  555.58    ,   0.05    ,  , , ,  49.71  , m, 0.04   ,9/2+          ,13,1953, IT~100;B- ?
91,400,91Zr ,  ,-87895.59    ,   0.09    ,            ,           ,  , , , stbl    ,  ,        ,5/2+*         ,13,1934, IS=11.22 5
91,401,91Zr ,m ,-84728.3     ,   0.4     , 3167.3     ,   0.4     ,  , , ,   4.35  ,us, 0.14   ,(21/2+)       ,13,1985, IT=100
91,410,91Nb ,  ,-86638.0     ,   2.9     ,            ,           ,  , , , 680     , y, 130    ,9/2+*         ,13,1951, EC~100;e+=0.0138 25
91,411,91Nb ,m ,-86533.4     ,   2.9     ,  104.60    ,   0.05    ,  , , ,  60.86  , d, 0.22   ,1/2-*         ,13,1950, IT=96.6 5;EC=3.4 5;e+=0.0028 2
91,412,91Nb ,n ,-84603.6     ,   2.9     , 2034.42    ,   0.20    ,  , , ,   3.76  ,us, 0.12   ,(17/2-)       ,13,1974, IT=100
91,420,91Mo ,  ,-82209       ,   6       ,            ,           ,  , , ,  15.49  , m, 0.01   ,9/2+          ,13,1948, B+=100
91,421,91Mo ,m ,-81556       ,   6       ,  653.01    ,   0.09    ,  , , ,  64.6   , s, 0.6    ,1/2-          ,13,1953, IT=50.0 16;B+=50.0 16
91,430,91Tc ,  ,-75986.7     ,   2.4     ,            ,           ,  , , ,   3.14  , m, 0.02   ,(9/2)+        ,13,1974, B+=100
91,431,91Tc ,m ,-75847.4     ,   2.4     ,  139.3     ,   0.3     ,  , , ,   3.3   , m, 0.1    ,(1/2)-        ,13,1975, B+~100;IT ?
91,440,91Ru ,  ,-68239.8     ,   2.2     ,            ,           ,  ,*, ,   8.0   , s, 0.4    ,(9/2+)        ,13,1983, B+=100;B+p ?
91,441,91Ru ,m ,-68580       , 500       , -340       , 500       ,BD,*, ,   7.6   , s, 0.8    ,(1/2-)        ,13,1983, B+~100;B+p=?;IT ?
91,450,91Rh ,  ,-58570#      , 300#      ,            ,           ,  , , ,   1.47  , s, 0.22   ,(9/2+)        ,13,1994, B+=100;B+p=1.3 5
91,451,91Rh ,m ,-58400#      , 300#      ,  172.9     ,   0.4     ,  , , ,   1.8#  , s,        ,1/2-#         ,13,2004, B+ ?;IT ?; B+p ?
91,460,91Pd ,  ,-46170#      , 420#      ,            ,           ,  , , ,  32     ,ms, 3      ,7/2+#         ,13,1995, B+=100;B+p=3.1 10
92,330,92As ,  ,-30380#      , 500#      ,            ,           ,  , , ,  45#    ,ms, >300ns ,              ,12,1997, B- ?;B-n ?;B-2n ?
92,340,92Se ,  ,-46720#      , 400#      ,            ,           ,  , , ,  90#    ,ms, >300ns ,0+            ,12,1997, B- ?;B-n ?;B-2n ?
92,341,92Se ,m ,-44780#      , 400#      , 3072       ,  2        ,  , , ,  15.7   ,us, 0.7    ,(9-)          ,,2012, IT=100
92,350,92Br ,  ,-56233       ,   7       ,            ,           ,  , , , 314     ,ms, 16     ,(2-)          ,12,1974, B-=100;B-n=33.1 25;B-2n ?
92,351,92Br ,m ,-55571       ,   7       ,  662       ,   1       ,  , , ,  88     ,ns, 8      ,              ,,2012, IT=100
92,352,92Br ,n ,-55095       ,   7       , 1138       ,   1       ,  , , ,  85     ,ns, 10     ,              ,,2012, IT=100
92,360,92Kr ,  ,-68769.3     ,   2.7     ,            ,           ,  , , ,   1.840 , s, 0.008  ,0+            ,12,1951, B-=100;B-n=0.0332 25
92,370,92Rb ,  ,-74772       ,   6       ,            ,           ,  , , ,   4.48  , s, 0.03   ,0-*           ,12,1960, B-=100;B-n=0.0107 5
92,380,92Sr ,  ,-82867       ,   3       ,            ,           ,  , , ,   2.611 , h, 0.017  ,0+            ,12,1956, B-=100
92,390,92Y  ,  ,-84816       ,   9       ,            ,           ,  , , ,   3.54  , h, 0.01   ,2-*           ,12,1940, B-=100
92,391,92Y  ,m ,-84010#      ,  50#      ,  807#      ,  50#      ,  , , ,   3.7   ,us, 0.5    ,7+#           ,12,2009, IT=100
92,400,92Zr ,  ,-88459.02    ,   0.09    ,            ,           ,  , , , stbl    ,  ,        ,0+            ,12,1924, IS=17.15 3
92,410,92Nb ,  ,-86453.3     ,   1.8     ,            ,           ,  , , ,  34.7   ,My, 2.4    ,7+*           ,12,1938, B+=100
92,411,92Nb ,m ,-86317.8     ,   1.8     ,  135.5     ,   0.4     ,  , , ,  10.116 , d, 0.013  ,(2)+          ,12,1959, B+=100
92,412,92Nb ,n ,-86227.5     ,   1.8     ,  225.8     ,   0.4     ,  , , ,   5.9   ,us, 0.2    ,(2)-          ,12,1958, IT=100
92,413,92Nb ,p ,-84250.0     ,   1.8     , 2203.3     ,   0.4     ,  , , , 167     ,ns, 4      ,(11-)         ,12,1989, IT=100
92,420,92Mo ,  ,-86808.59    ,   0.16    ,            ,           ,  , , , stbl    ,  , >190Ey ,0+            ,12,1930, IS=14.649 106;2B+ ?
92,421,92Mo ,m ,-84048.07    ,   0.21    , 2760.52    ,   0.14    ,  , , , 190     ,ns, 3      ,8+            ,12,1964, IT=100
92,430,92Tc ,  ,-78926       ,   3       ,            ,           ,  , , ,   4.25  , m, 0.15   ,(8)+          ,12,1964, B+=100
92,431,92Tc ,m ,-78656       ,   3       ,  270.09    ,   0.08    ,  , , ,   1.03  ,us, 0.06   ,(4+)          ,12,1976, IT=100
92,432,92Tc ,n ,-78397       ,   3       ,  529.42    ,   0.13    ,  , , ,  <0.1   ,us,        ,(3+)          ,12,1976, IT=100
92,433,92Tc ,p ,-78215       ,   3       ,  711.33    ,   0.15    ,  , , ,  <0.1   ,us,        ,1+            ,12,1976, IT=100
92,440,92Ru ,  ,-74301.2     ,   2.7     ,            ,           ,  , , ,   3.65  , m, 0.05   ,0+            ,12,1971, B+=100
92,441,92Ru ,m ,-71467       ,   3       , 2833.9     ,   1.8     ,  , , , 100     ,ns, 8      ,(8+)          ,12,1980, IT=100
92,450,92Rh ,  ,-62999       ,   4       ,            ,           ,  , , ,   5.61  , s, 0.08   ,(6+)          ,12,1994, B+=100;B+p=2.05 7
92,451,92Rh ,m ,-62950#      , 100#      ,   50#      , 100#      ,  , , ,  3.18   , s, 0.22   ,(2+)          ,12,2004, B+=100;B+p=1.7 3
92,452,92Rh ,n ,-62890#      , 100#      ,  105#      , 100#      ,  , , , 232     ,ns, 15     ,(4+)          ,,2017, IT=100
92,460,92Pd ,  ,-54780       , 350       ,            ,           ,  , , ,   1.06  , s, 0.03   ,0+            ,12,1994, B+=100;B+p=1.6 2
92,470,92Ag ,  ,-37530#      , 400#      ,            ,           ,  , , ,   1#    ,ms, >400ns ,              ,16,2016, B+ ?; p ?
93,340,93Se ,  ,-40860#      , 400#      ,            ,           ,  , , , 130#    ,ms, >300ns ,1/2+#         ,11,1997, B- ?;B-n ?;B-2n ?
93,341,93Se ,m ,-40180#      , 400#      ,  678.2     ,   0.7     ,  , , , 420     ,ns, 100    ,              ,,2012, IT=100
93,350,93Br ,  ,-52890       , 430       ,            ,           ,  , , , 152     ,ms, 8      ,5/2-#         ,11,1981, B-=100;B-n=64 6;B-2n ?
93,360,93Kr ,  ,-64136.0     ,   2.5     ,            ,           ,  , , ,   1.287 , s, 0.010  ,1/2+*         ,11,1951, B-=100;B-n=1.95 11
93,370,93Rb ,  ,-72620       ,   8       ,            ,           ,  , , ,   5.84  , s, 0.02   ,5/2-*         ,11,1960, B-=100;B-n=1.39 7
93,371,93Rb ,m ,-68197       ,   8       , 4423.1     ,   1.5     ,  , , , 111     ,ns, 11     ,(27/2-)       ,11,2010, IT=100
93,380,93Sr ,  ,-80086       ,   8       ,            ,           ,  , , ,   7.43  , m, 0.03   ,5/2+*         ,11,1959, B-=100
93,390,93Y  ,  ,-84227       ,  10       ,            ,           ,  , , ,  10.18  , h, 0.08   ,1/2-*         ,11,1948, B-=100
93,391,93Y  ,m ,-83468       ,  10       ,  758.719   ,   0.021   ,  , , , 820     ,ms, 40     ,9/2+*         ,11,1974, IT=100
93,400,93Zr ,  ,-87122.0     ,   0.5     ,            ,           ,  , , ,   1.61  ,My, 0.05   ,5/2+          ,11,1950, B-=100
93,410,93Nb ,  ,-87212.8     ,   1.5     ,            ,           ,  , , , stbl    ,  ,        ,9/2+*         ,11,1932, IS=100
93,411,93Nb ,m ,-87182.0     ,   1.5     ,   30.760   ,   0.005   ,  , , ,  16.12  , y, 0.12   ,1/2-          ,11,1965, IT=100
93,412,93Nb ,n ,-79753       ,  17       , 7460       ,  17       ,  , , ,   1.5   ,us, 0.5    ,33/2-#        ,11,2007, IT=100
93,420,93Mo ,  ,-86807.08    ,   0.18    ,            ,           ,  , , ,   4.0   ,ky, 0.8    ,5/2+          ,11,1946, EC=100
93,421,93Mo ,m ,-84382.13    ,   0.18    , 2424.95    ,   0.04    ,  , , ,   6.85  , h, 0.07   ,21/2+         ,11,1950, IT=99.88 1;B+=0.12 1
93,422,93Mo ,n ,-77112       ,  17       , 9695       ,  17       ,  , , ,   1.8   ,us, 1.0    ,(39/2-)       ,11,2005, IT=100
93,430,93Tc ,  ,-83606.1     ,   1.0     ,            ,           ,  , , ,   2.75  , h, 0.05   ,9/2+          ,11,1948, B+=100
93,431,93Tc ,m ,-83214.3     ,   1.0     ,  391.84    ,   0.08    ,  , , ,  43.5   , m, 1.0    ,1/2-          ,11,1939, IT=77.4 6;B+=22.6 6
93,432,93Tc ,n ,-81420.9     ,   1.0     , 2185.16    ,   0.15    ,  , , ,  10.2   ,us, 0.3    ,(17/2)-       ,11,1973, IT=100
93,440,93Ru ,  ,-77216.7     ,   2.1     ,            ,           ,  , , ,  59.7   , s, 0.6    ,(9/2)+        ,11,1972, B+=100
93,441,93Ru ,m ,-76482.3     ,   2.1     ,  734.40    ,   0.10    ,  , , ,  10.8   , s, 0.3    ,(1/2)-        ,11,1983, B+=78.0 23;IT=22.0 23;B+p=0.027 5
93,442,93Ru ,n ,-75134.2     ,   2.3     , 2082.5     ,   0.9     ,  , , ,   2.30  ,us, 0.07   ,(21/2)+       ,11,1983, IT=100
93,450,93Rh ,  ,-69011.8     ,   2.6     ,            ,           ,  , , ,  13.9   , s, 1.6    ,9/2+#         ,11,1994, B+=100
93,460,93Pd ,  ,-58980       , 370       ,            ,           ,  , , ,   1.17  , s, 0.02   ,(9/2+)        ,11,1994, B+=100;B+p=7.4 2
93,470,93Ag ,  ,-46400#      , 400#      ,            ,           ,  , , , 228     ,ns, 16     ,9/2+#         ,16,1994, p=?; B+ ?;B+p ?
94,340,94Se ,  ,-36800#      , 500#      ,            ,           ,  , , ,  50#    ,ms, >300ns ,0+            ,6,1997, B- ?;B-n ?;B-2n ?
94,341,94Se ,m ,-34370#      , 500#      , 2430.0     ,   0.6     ,  , , , 680     ,ns, 50     ,(7-)          ,,2020, IT=100
94,350,94Br ,  ,-47650#      , 200#      ,            ,           ,  , , ,  70     ,ms, 20     ,2-#           ,6,1981, B-=100;B-n=68 16;B-2n ?
94,351,94Br ,m ,-47360#      , 200#      ,  294.6     ,   0.5     ,  , , , 530     ,ns, 15     ,              ,,2012, IT=100
94,360,94Kr ,  ,-61348       ,  12       ,            ,           ,  , , , 212     ,ms, 4      ,0+            ,11,1972, B-=100;B-n=1.11 7
94,370,94Rb ,  ,-68562.8     ,   2.0     ,            ,           ,  , , ,   2.702 , s, 0.005  ,3-*           ,11,1961, B-=100;B-n=10.3 3
94,371,94Rb ,m ,-68458.6     ,   2.0     ,  104.2     ,   0.2     ,  , , , 130     ,ns, 15     ,(0-)          ,,2016, IT=100
94,372,94Rb ,n ,-66487.9     ,   2.4     , 2074.9     ,   1.4     ,  , , , 107     ,ns, 16     ,(10-)         ,11,2008, IT=100
94,380,94Sr ,  ,-78845.7     ,   1.7     ,            ,           ,  , , ,  75.3   , s, 0.2    ,0+            ,11,1959, B-=100
94,390,94Y  ,  ,-82351       ,   6       ,            ,           ,  , , ,  18.7   , m, 0.1    ,2-*           ,6,1948, B-=100
94,391,94Y  ,m ,-81149       ,   6       , 1202.3     ,   1.0     ,  , , ,   1.304 ,us, 0.012  ,(5+)          ,6,1999, IT=100
94,400,94Zr ,  ,-87269.33    ,   0.16    ,            ,           ,  , , , stbl    ,  , >110Py ,0+            ,6,1924, IS=17.38 4;2B- ?
94,410,94Nb ,  ,-86369.1     ,   1.5     ,            ,           ,  , , ,  20.4   ,ky, 0.4    ,6+            ,6,1938, B-=100
94,411,94Nb ,m ,-86328.2     ,   1.5     ,   40.892   ,   0.012   ,  , , ,   6.263 , m, 0.004  ,3+            ,6,1962, IT=99.50 6;B-=0.50 6
94,420,94Mo ,  ,-88414.08    ,   0.14    ,            ,           ,  , , , stbl    ,  ,        ,0+            ,6,1930, IS=9.187 33
94,430,94Tc ,  ,-84158       ,   4       ,            ,           ,  , , , 293     , m, 1      ,7+*           ,6,1948, B+=100
94,431,94Tc ,m ,-84082       ,   5       ,   76       ,   3       ,  , , ,  52     , m, 1      ,(2)+          ,6,1948, B+~100;IT<0.18
94,440,94Ru ,  ,-82584       ,   3       ,            ,           ,  , , ,  51.8   , m, 0.6    ,0+            ,6,1952, B+=100
94,441,94Ru ,m ,-79940       ,   3       , 2644.1     ,   0.4     ,  , , ,  67.5   ,us, 2.8    ,8+            ,6,1971, IT=100
94,450,94Rh ,  ,-72908       ,   3       ,            ,           ,  ,*, ,  70.6   , s, 0.6    ,(4+)          ,6,1979, B+=100;B+p=1.8 5
94,451,94Rh ,m ,-72853       ,   3       ,   54.60    ,   0.20    ,  , , , 480     ,ns, 30     ,(2+)          ,6,2004, IT=100
94,452,94Rh ,n ,-72610#      , 200#      ,  300#      , 200#      ,  ,*, ,  25.8   , s, 0.2    ,(8+)          ,6,1973, B+=100
94,460,94Pd ,  ,-66102       ,   4       ,            ,           ,  , , ,   9.1   , s, 0.3    ,0+            ,6,1982, B+=100;B+p<0.13
94,461,94Pd ,m ,-61219       ,   4       , 4883.1     ,   0.4     ,  , , , 515     ,ns, 1      ,(14+)         ,6,1995, IT=100
94,462,94Pd ,n ,-58892       ,   4       , 7209.8     ,   0.8     ,  , , , 206     ,ns, 18     ,(19-)         ,,2011, IT=100
94,470,94Ag ,  ,-52400#      , 400#      ,            ,           ,  , , ,  27     ,ms, 2      ,0+#           ,6,1994, B+=100;B+p<0.2
94,471,94Ag ,m ,-51050#      , 570#      , 1350#      , 400#      ,  , , , 470     ,ms, 10     ,(7+)          ,6,1994, B+=100;B+p=17.0 6
94,472,94Ag ,n ,-45900       , 370       , 6500#      , 550#      ,  , , , 400     ,ms, 40     ,(21+)         ,6,2002, B+=95.4 7;B+p~27;p=4.1 6;2p=0.5 3
94,480,94Cd ,  ,-40440#      , 500#      ,            ,           ,  , , ,  80#    ,ms, >760ns ,0+            ,16,2016, B+ ?; B+p ?
95,340,95Se ,  ,-30460#      , 500#      ,            ,           ,  , , ,  70#    ,ms, >400ns ,3/2+#         ,12,2010, B- ?;B-n ?;B-2n ?
95,350,95Br ,  ,-43850#      , 300#      ,            ,           ,  , , ,  80#    ,ms, >300ns ,5/2-#         ,10,1997, B- ?;B-n ?;B-2n ?
95,351,95Br ,m ,-43310#      , 300#      ,  537.9     ,   0.5     ,  , , ,   6.8   ,us, 1.0    ,              ,,2012, IT=100
95,360,95Kr ,  ,-56159       ,  19       ,            ,           ,  , , , 114     ,ms, 3      ,1/2+*         ,10,1994, B-=100;B-n=2.87 18;B-2n ?
95,361,95Kr ,m ,-55964       ,  19       ,  195.5     ,   0.3     ,  , , ,   1.582 ,us, 0.022  ,(7/2+)        ,10,2006, IT=100
95,370,95Rb ,  ,-65890       ,  20       ,            ,           ,  , , , 377.7   ,ms, 0.8    ,5/2-*         ,10,1967, B-=100;B-n=8.7 3
95,371,95Rb ,m ,-65055       ,  20       ,  835.0     ,   0.6     ,  , , ,<500     ,ns,        ,9/2+#         ,10,2009, IT=100
95,380,95Sr ,  ,-75117       ,   6       ,            ,           ,  , , ,  23.90  , s, 0.14   ,1/2+*         ,10,1961, B-=100
95,390,95Y  ,  ,-81208       ,   7       ,            ,           ,  , , ,  10.3   , m, 0.1    ,1/2-*         ,10,1959, B-=100
95,391,95Y  ,m ,-80120       ,   7       , 1087.6     ,   0.6     ,  , , ,  48.6   ,us, 0.5    ,9/2+          ,10,1981, IT=100
95,400,95Zr ,  ,-85659.9     ,   0.9     ,            ,           ,  , , ,  64.032 , d, 0.006  ,5/2+          ,10,1946, B-=100
95,410,95Nb ,  ,-86786.3     ,   0.5     ,            ,           ,  , , ,  34.991 , d, 0.006  ,9/2+          ,10,1951, B-=100
95,411,95Nb ,m ,-86550.6     ,   0.5     ,  235.69    ,   0.02    ,  , , ,   3.61  , d, 0.03   ,1/2-          ,10,1969, IT=94.4 6;B-=5.6 6
95,420,95Mo ,  ,-87711.87    ,   0.12    ,            ,           ,  , , , stbl    ,  ,        ,5/2+*         ,10,1930, IS=15.873 30
95,430,95Tc ,  ,-86021       ,   5       ,            ,           ,  , , ,  19.258 , h, 0.026  ,9/2+*         ,10,1947, B+=100
95,431,95Tc ,m ,-85982       ,   5       ,   38.91    ,   0.04    ,  , , ,  61.96  , d, 0.24   ,1/2-          ,10,1959, B+=96.1 3;IT=3.9 3
95,440,95Ru ,  ,-83458       ,  10       ,            ,           ,  , , ,   1.607 , h, 0.004  ,5/2+          ,10,1948, B+=100
95,450,95Rh ,  ,-78341       ,   4       ,            ,           ,  , , ,   5.02  , m, 0.10   ,(9/2)+        ,10,1967, B+=100
95,451,95Rh ,m ,-77798       ,   4       ,  543.3     ,   0.3     ,  , , ,   1.96  , m, 0.04   ,(1/2)-        ,10,1974, IT=88 5;B+=12 5
95,460,95Pd ,  ,-69966       ,   3       ,            ,           ,  , , ,   7.4   , s, 0.4    ,9/2+#         ,10,1980, B+=100;B+p=0.23 5
95,461,95Pd ,m ,-68091       ,   3       , 1875.13    ,   0.14    ,  , , ,  13.3   , s, 0.2    ,(21/2+)       ,10,1982, B+=89 3;IT=11 3;B+p=0.71 7
95,470,95Ag ,  ,-59910#      , 400#      ,            ,           ,  , , ,   1.78  , s, 0.06   ,(9/2+)        ,10,1994, B+=100;B+p=2.3 2
95,471,95Ag ,m ,-59570#      , 400#      ,  344.2     ,   0.3     ,  , , ,<500     ,ms,        ,(1/2-)        ,10,2003, IT=100
95,472,95Ag ,n ,-57380#      , 400#      , 2531.3     ,   1.5     ,  , , , <16     ,ms,        ,(23/2+)       ,10,2003, IT=100
95,473,95Ag ,p ,-55050#      , 400#      , 4860.0     ,   1.5     ,  , , , <40     ,ms,        ,(37/2+)       ,10,2003, IT=100
95,480,95Cd ,  ,-47060#      , 570#      ,            ,           ,  , , ,  32     ,ms, 3      ,9/2+#         ,,2011, B+=100;B+p=4.6 11
96,350,96Br ,  ,-38210#      , 300#      ,            ,           ,  , , ,  20#    ,ms, >300ns ,              ,8,1997, B- ?;B-n ?;B-2n ?
96,351,96Br ,m ,-37900#      , 300#      ,  311.5     ,   0.5     ,  , , ,   3.0   ,us, 0.9    ,              ,,2012, IT=100
96,360,96Kr ,  ,-53082       ,  19       ,            ,           ,  , , ,  80     ,ms, 8      ,0+            ,12,1994, B-=100;B-n=3.7 4
96,370,96Rb ,  ,-61354       ,   3       ,            ,           ,  ,*, , 201.5   ,ms, 0.9    ,2-*           ,8,1967, B-=100;B-n=13.7 5;B-2n ?
96,371,96Rb ,m ,-61350#      , 200#      ,    0#      , 200#      ,  ,*, , 200#    ,ms, >1ms   ,1(+#)         ,,1981, B- ?;IT ?;B-n ?;B-2n ?
96,372,96Rb ,n ,-60219       ,   3       , 1134.6     ,   1.1     ,  , , ,   1.80  ,us, 0.04   ,(10-)         ,8,1999, IT=100
96,380,96Sr ,  ,-72918       ,   8       ,            ,           ,  , , ,   1.059 , s, 0.008  ,0+            ,8,1971, B-=100;B-n ?
96,390,96Y  ,  ,-78330       ,   6       ,            ,           ,  , , ,   5.34  , s, 0.05   ,0-*           ,8,1975, B-=100
96,391,96Y  ,m ,-76790       ,   6       , 1540       ,   9       ,MD, , ,   9.6   , s, 0.2    ,8+*           ,8,1974, B-=100
96,392,96Y  ,n ,-76675       ,   6       , 1655.0     ,   1.1     ,  , , ,181      ,ns, 9      ,(6+)          ,,2017, IT=100
96,400,96Zr ,  ,-85438.86    ,   0.11    ,            ,           ,  , , ,  23.4   ,Ey, 1.7    ,0+            ,8,1934, IS=2.80 2;2B-=100
96,410,96Nb ,  ,-85602.83    ,   0.15    ,            ,           ,  , , ,  23.35  , h, 0.05   ,6+            ,8,1949, B-=100
96,420,96Mo ,  ,-88794.89    ,   0.12    ,            ,           ,  , , , stbl    ,  ,        ,0+            ,8,1930, IS=16.673 8
96,430,96Tc ,  ,-85822       ,   5       ,            ,           ,  , , ,   4.28  , d, 0.07   ,7+*           ,8,1947, B+=100
96,431,96Tc ,m ,-85788       ,   5       ,   34.23    ,   0.04    ,  , , ,  51.5   , m, 1.0    ,4+            ,8,1950, IT=98.0 5;B+=2.0 5
96,440,96Ru ,  ,-86080.39    ,   0.17    ,            ,           ,  , , , stbl    ,  , >80Ey  ,0+            ,8,1931, IS=5.54 14;2B+ ?
96,450,96Rh ,  ,-79688       ,  10       ,            ,           ,  , , ,   9.90  , m, 0.10   ,6+            ,8,1967, B+=100
96,451,96Rh ,m ,-79636       ,  10       ,   51.98    ,   0.09    ,  , , ,   1.51  , m, 0.02   ,3+            ,8,1966, IT=60 5;B+=40 5
96,460,96Pd ,  ,-76183       ,   4       ,            ,           ,  , , , 122     , s, 2      ,0+            ,8,1980, B+=100
96,461,96Pd ,m ,-73652       ,   4       , 2530.57    ,   0.23    ,  , , ,   1.804 ,us, 0.007  ,8+#           ,8,1983, IT=100
96,470,96Ag ,  ,-64510       ,  90       ,            ,           ,  ,*, ,   4.45  , s, 0.03   ,(8)+          ,8,1982, B+=100;B+p=4.2 4
96,471,96Ag ,m ,-64510#      , 100#      ,    0#      ,  50#      ,  ,*, ,   6.9   , s, 0.5    ,(2+)          ,8,2003, B+=100;B+p=14.9 18
96,472,96Ag ,n ,-62050       ,  90       , 2461.4     ,   0.3     ,  , , , 103.2   ,us, 4.5    ,(13-)         ,,2011, IT=100
96,473,96Ag ,p ,-61820       ,  90       , 2686.7     ,   0.4     ,  , , ,   1.561 ,us, 0.016  ,(15+)         ,8,2011, IT=100
96,474,96Ag ,q ,-57560       ,  90       , 6951.8     ,   1.4     ,  , , , 132     ,ns, 17     ,(19+)         ,,2011, IT=100
96,480,96Cd ,  ,-55570#      , 410#      ,            ,           ,  , , ,1003     ,ms, 47     ,0+            ,10,2008, B+=100;B+p=1.6 3
96,481,96Cd ,m ,-49540#      ,1450#      , 6030       ,1390       ,  , , , 511     ,ms, 26     ,16+           ,10,2011, B+=100;B+p=15.4 21
96,482,96Cd ,n ,-49970#      , 410#      , 5605       ,   5       ,  , , , 198     ,ns, 18     ,"(12-,13-)     ",,2019, IT=100
96,490,96In ,  ,-38090#      , 500#      ,            ,           ,  , , ,   1#    ,ms, >400ns ,              ,16,2016, B+ ?; p ?
97,350,97Br ,  ,-34000#      , 400#      ,            ,           ,  , , ,  40#    ,ms, >300ns ,5/2-#         ,10,1997, B- ?;B-n ?;B-2n ?
97,360,97Kr ,  ,-47420       , 130       ,            ,           ,  , , ,  62.2   ,ms, 3.2    ,3/2+#         ,10,1997, B-=100;B-n=6.7 6;B-2n ?
97,370,97Rb ,  ,-58519.1     ,   1.9     ,            ,           ,  , , , 169.1   ,ms, 0.6    ,3/2+*         ,15,1969, B-=100;B-n=25.5 9;B-2n ?
97,371,97Rb ,m ,-58442.5     ,   1.9     ,   76.6     ,   0.2     ,  , , ,   5.7   ,us, 0.6    ,"(1/2,3/2)-    ",15,2012, IT=100
97,380,97Sr ,  ,-68581       ,   3       ,            ,           ,  , , , 432     ,ms, 4      ,1/2+*         ,10,1978, B-=100;B-n=0.02 1
97,381,97Sr ,m ,-68273       ,   3       ,  308.13    ,   0.11    ,  , , , 175.2   ,ns, 2.1    ,7/2+          ,10,1990, IT=100
97,382,97Sr ,n ,-67750       ,   3       ,  830.83    ,   0.23    ,  , , , 513     ,ns, 5      ,(9/2+)        ,10,1974, IT=100
97,390,97Y  ,  ,-76115       ,   7       ,            ,           ,  , , ,   3.75  , s, 0.03   ,1/2-*         ,10,1970, B-=100;B-n=0.055 4
97,391,97Y  ,m ,-75447       ,   7       ,  667.52    ,   0.23    ,  , , ,   1.17  , s, 0.03   ,9/2+*         ,10,1970, B->99.3;IT<0.7;B-n=0.11 3
97,392,97Y  ,n ,-72592       ,   7       , 3522.6     ,   0.4     ,  , , , 142     ,ms, 8      ,(27/2-)*      ,10,1986, IT=94.8 9;B-=5.2 9
97,400,97Zr ,  ,-82936.69    ,   0.12    ,            ,           ,  , , ,  16.749 , h, 0.008  ,1/2+*         ,10,1951, B-=100
97,401,97Zr ,m ,-81672.34    ,   0.20    , 1264.35    ,   0.16    ,  , , , 104.8   ,ns, 1.7    ,7/2+          ,10,1976, IT=100
97,410,97Nb ,  ,-85603       ,   4       ,            ,           ,  , , ,  72.1   , m, 0.7    ,9/2+          ,10,1951, B-=100
97,411,97Nb ,m ,-84860       ,   4       ,  743.35    ,   0.03    ,  , , ,  58.7   , s, 1.8    ,1/2-          ,10,1950, IT=100
97,420,97Mo ,  ,-87544.70    ,   0.16    ,            ,           ,  , , , stbl    ,  ,        ,5/2+*         ,10,1930, IS=9.582 15
97,430,97Tc ,  ,-87224       ,   4       ,            ,           ,  , , ,   4.21  ,My, 0.16   ,9/2+*         ,10,1946, EC=100
97,431,97Tc ,m ,-87127       ,   4       ,   96.57    ,   0.06    ,  , , ,  91.1   , d, 0.6    ,1/2-          ,10,1954, IT=96.06 18;EC=3.94 18
97,440,97Ru ,  ,-86120.6     ,   2.8     ,            ,           ,  , , ,   2.8370, d, 0.0014 ,5/2+          ,10,1946, B+=100
97,450,97Rh ,  ,-82600       ,  40       ,            ,           ,  , , ,  30.7   , m, 0.6    ,9/2+          ,10,1955, B+=100
97,451,97Rh ,m ,-82340       ,  40       ,  258.76    ,   0.18    ,  , , ,  46.2   , m, 1.6    ,1/2-          ,10,1971, B+=94.4 6;IT=5.6 6
97,460,97Pd ,  ,-77806       ,   5       ,            ,           ,  , , ,   3.10  , m, 0.09   ,5/2+#         ,10,1969, B+=100
97,470,97Ag ,  ,-70904       ,  12       ,            ,           ,  , , ,  25.5   , s, 0.3    ,(9/2)+*       ,10,1978, B+=100
97,471,97Ag ,m ,-70290       ,  40       ,  620       ,  40       ,MD, , , 100#    ,ms,        ,1/2-#         ,,2019, IT ?
97,480,97Cd ,  ,-60730       , 420       ,            ,           ,  , , ,   1.16  , s, 0.05   ,(9/2+)        ,10,1978, B+=100;B+p=7.4 2
97,481,97Cd ,m ,-59480       , 420       , 1245.1     ,   0.2     ,  , , , 730     ,us, 70     ,(1/2-)        ,,2019, IT=100
97,482,97Cd ,n ,-58110       , 720       , 2620       , 580       ,  , , ,   3.86  , s, 0.06   ,(25/2+)       ,10,1982, B+=100;B+p=25.1 5
97,490,97In ,  ,-47390#      , 400#      ,            ,           ,  , , ,  36     ,ms, 6      ,9/2+#         ,,2011, B+=100;B+p=2.3 13;p ?
97,491,97In ,m ,-46990#      , 410#      ,  400#      , 100#      ,  , , ,   0.12  ,ms, 0.07   ,1/2-#         ,20,2018, p ?
98,350,98Br ,  ,-28050#      , 400#      ,            ,           ,  , , ,  15#    ,ms, >400ns ,              ,20,2010, B- ?;B-n ?;B-2n ?
98,360,98Kr ,  ,-44120#      , 300#      ,            ,           ,  , , ,  42.8   ,ms, 3.6    ,0+            ,20,1997, B-=100;B-n=7.0 10;B-2n ?
98,370,98Rb ,  ,-54369       ,  16       ,            ,           ,  , , , 115     ,ms, 6      ,(0-)*         ,20,1971, B-=100;B-n=14.3 9;B-2n=0.054 8
98,371,98Rb ,m ,-54296       ,  20       ,   73       ,  26       ,BD, , ,  96     ,ms, 3      ,(3+)*         ,20,1980, B-=100;B-n ?;B-2n ?
98,372,98Rb ,n ,-54191       ,  16       ,  178.5     ,   0.4     ,  , , , 358     ,ns, 7      ,(2-)          ,20,2009, IT=100
98,380,98Sr ,  ,-66422       ,   3       ,            ,           ,  , , , 653     ,ms, 2      ,0+            ,20,1971, B-=100;B-n=0.23 3
98,390,98Y  ,  ,-72289       ,   8       ,            ,           ,  , , , 548     ,ms, 2      ,0-*           ,20,1970, B-=100;B-n=0.33 3
98,391,98Y  ,m ,-72118       ,   8       ,  170.78    ,   0.05    ,  , , , 615     ,ns, 8      ,2-            ,20,1972, IT=100
98,392,98Y  ,n ,-71823       ,   8       ,  465.7     ,   0.7     ,MD, , ,   2.32  , s, 0.08   ,"(6,7)+        ",20,1977, B-~100;IT ?;B-n=3.44 95
98,393,98Y  ,p ,-71793       ,   8       ,  496.10    ,   0.11    ,  , , ,   6.90  ,us, 0.054  ,(4)-          ,20,1970, IT=100
98,394,98Y  ,q ,-71695       ,  13       ,  594       ,  10       ,  , , , 180     ,ns, 7      ,"(3-,4-)       ",,2017, IT=100
98,395,98Y  ,r ,-71317       ,   8       ,  972.17    ,   0.20    ,  , , , 450     ,ns, 150    ,(8+)          ,20,2017, IT=100
98,396,98Y  ,x ,-71108       ,   8       , 1181.50    ,   0.18    ,  , , , 762     ,ns, 14     ,(10-)         ,20,1972, IT=100
98,400,98Zr ,  ,-81282       ,   8       ,            ,           ,  , , ,  30.7   , s, 0.4    ,0+            ,20,1967, B-=100
98,401,98Zr ,m ,-74680       ,   8       , 6601.9     ,   1.1     ,  , , ,   1.9   ,us, 0.2    ,(17-)         ,20,2005, IT=100
98,410,98Nb ,  ,-83525       ,   5       ,            ,           ,  , , ,   2.86  , s, 0.06   ,1+            ,20,1960, B-=100
98,411,98Nb ,m ,-83441       ,   6       ,   84       ,   4       ,  , , ,  51.1   , m, 0.4    ,(5)+          ,20,1948, B-~100;IT ?
98,420,98Mo ,  ,-88115.98    ,   0.17    ,            ,           ,  , , , stbl    ,  , >100Ty ,0+            ,20,1930, IS=24.292 80;2B- ?
98,430,98Tc ,  ,-86432       ,   3       ,            ,           ,  , , ,   4.2   ,My, 0.3    ,6+*           ,20,1955, B-=100;B+=0
98,431,98Tc ,m ,-86341       ,   3       ,   90.77    ,   0.16    ,  , , ,  14.7   ,us, 0.5    ,"(2,3)-        ",20,1976, IT=100
98,440,98Ru ,  ,-88225       ,   6       ,            ,           ,  , , , stbl    ,  ,        ,0+            ,20,1944, IS=1.87 3
98,450,98Rh ,  ,-83175       ,  12       ,            ,           ,  ,*, ,   8.72  , m, 0.12   ,(2)+          ,20,1955, B+=100
98,451,98Rh ,m ,-83119       ,  12       ,   56.3     ,   1.0     ,  ,*, ,   3.6   , m, 0.2    ,(5+)          ,20,1966, IT=89 5;B+=11 5
98,460,98Pd ,  ,-81321       ,   5       ,            ,           ,  , , ,  17.7   , m, 0.4    ,0+            ,20,1955, B+=100
98,470,98Ag ,  ,-73070       ,  30       ,            ,           ,  , , ,  47.5   , s, 0.3    ,(6)+*         ,20,1978, B+=100;B+p=0.0012 5
98,471,98Ag ,m ,-72960       ,  30       ,  107.28    ,   0.10    ,  , , , 161     ,ns, 7      ,(4+)          ,20,1998, IT=100
98,480,98Cd ,  ,-67640       ,  50       ,            ,           ,  , , ,   9.29  , s, 0.10   ,0+            ,20,1978, B+=100;B+p<0.029
98,481,98Cd ,m ,-65210       ,  50       , 2428.3     ,   0.4     ,  , , , 154     ,ns, 16     ,(8+)          ,20,1996, IT=100
98,482,98Cd ,n ,-61010       ,  50       , 6635       ,   2       ,  , , , 224     ,ns, 5      ,(12+)         ,20,2004, IT=100
98,490,98In ,  ,-53910#      , 300#      ,            ,           ,  ,*, ,  30     ,ms, 1      ,(0+)          ,20,1994, B+=100;B+p<0.13
98,491,98In ,m ,-53090#      , 790#      ,  820       , 730       ,  ,*, , 890     ,ms, 20     ,(9+)          ,20,2001, B+=100;B+p=44 2
99,360,99Kr ,  ,-38400#      , 400#      ,            ,           ,  , , ,  40     ,ms, 11     ,5/2-#         ,17,1997, B-=100;B-n=11 7;B-2n ?
99,370,99Rb ,  ,-51121       ,   4       ,            ,           ,  , , ,  54     ,ms, 4      ,(3/2+)        ,17,1971, B-=100;B-n=17.3 25;B-2n ?
99,380,99Sr ,  ,-62519       ,   5       ,            ,           ,  , , , 269.2   ,ms, 1.0    ,3/2+*         ,17,1975, B-=100;B-n=0.100 19
99,390,99Y  ,  ,-70644       ,   7       ,            ,           ,  , , ,   1.484 , s, 0.007  ,5/2+*         ,17,1975, B-=100;B-n=1.77 19
99,391,99Y  ,m ,-68502       ,   7       , 2141.65    ,   0.19    ,  , , ,   8.2   ,us, 0.4    ,(17/2+)       ,17,1985, IT=100
99,400,99Zr ,  ,-77617       ,  10       ,            ,           ,  , , ,   2.1   , s, 0.1    ,1/2+*         ,17,1970, B-=100
99,401,99Zr ,m ,-77365       ,  10       ,  251.96    ,   0.09    ,  , , , 336     ,ns, 5      ,7/2+          ,17,1970, IT=100
99,410,99Nb ,  ,-82335       ,  12       ,            ,           ,  , , ,  15.0   , s, 0.2    ,9/2+*         ,17,1950, B-=100
99,411,99Nb ,m ,-81970       ,  12       ,  365.27    ,   0.08    ,  , , ,   2.5   , m, 0.2    ,1/2-          ,17,1960, B-~100;IT=?
99,420,99Mo ,  ,-85970.11    ,   0.23    ,            ,           ,  , , ,  65.932 , h, 0.005  ,1/2+*         ,17,1948, B-=100
99,421,99Mo ,m ,-85872.33    ,   0.23    ,   97.785   ,   0.003   ,  , , ,  15.5   ,us, 0.2    ,5/2+          ,17,1958, IT=100
99,422,99Mo ,n ,-85286.01    ,   0.30    ,  684.10    ,   0.19    ,  , , , 760     ,ns, 60     ,11/2-         ,17,1975, IT=100
99,430,99Tc ,  ,-87327.9     ,   0.9     ,            ,           ,  , , , 211.1   ,ky, 1.2    ,9/2+*         ,17,1938, B-=100
99,431,99Tc ,m ,-87185.2     ,   0.9     ,  142.6836  ,   0.0011  ,  , , ,   6.0066, h, 0.0002 ,1/2-*         ,17,1958, IT~100;B-=0.0037 6
99,440,99Ru ,  ,-87625.4     ,   0.3     ,            ,           ,  , , , stbl    ,  ,        ,5/2+*         ,17,1931, IS=12.76 14
99,450,99Rh ,  ,-85585       ,  19       ,            ,           ,  , , ,  16.1   , d, 0.2    ,1/2-          ,17,1952, B+=100
99,451,99Rh ,m ,-85521       ,  19       ,   64.4     ,   0.5     ,  , , ,   4.7   , h, 0.1    ,9/2+*         ,17,1952, B+~100;IT ?
99,460,99Pd ,  ,-82183       ,   5       ,            ,           ,  , , ,  21.4   , m, 0.2    ,(5/2)+        ,17,1955, B+=100
99,470,99Ag ,  ,-76712       ,   6       ,            ,           ,  , , ,   2.07  , m, 0.05   ,(9/2)+*       ,17,1967, B+=100
99,471,99Ag ,m ,-76206       ,   6       ,  506.2     ,   0.4     ,  , , ,  10.5   , s, 0.5    ,(1/2)-*       ,17,1978, IT=100
99,480,99Cd ,  ,-69931.1     ,   1.6     ,            ,           ,  , , ,  17     , s, 1      ,5/2+#         ,17,1978, B+=100;B+p=0.21 2;B+A<1e-4
99,490,99In ,  ,-61380#      , 300#      ,            ,           ,  , , ,   3.11  , s, 0.06   ,9/2+#         ,17,1994, B+=100;B+p=0.29 3
99,491,99In ,m ,-60980#      , 340#      ,  400#      , 150#      ,  , , ,   1#    , s,        ,1/2-#         ,,, B+ ?;B+p ?;IT ?
99,500,99Sn ,  ,-47980#      , 580#      ,            ,           ,  , , ,  24     ,ms, 4      ,9/2+#         ,17,2011, B+=100;B+p=5 3
100,360,100Kr,  ,-34470#      , 400#      ,            ,           ,  , , ,  12     ,ms, 8      ,0+            ,11,1997, B-=100;B-n ?;B-2n ?
100,370,100Rb,  ,-46266       ,  13       ,            ,           ,  , , ,  51.3   ,ms, 1.6    ,4-#           ,8,1978, B-=100;B-n=5.6 12;B-2n=0.15 5
100,380,100Sr,  ,-59818       ,   7       ,            ,           ,  , , , 202.1   ,ms, 1.7    ,0+            ,8,1978, B-=100;B-n=1.11 34
100,381,100Sr,m ,-58199       ,   7       , 1618.72    ,   0.20    ,  , , , 122     ,ns, 9      ,(4-)          ,,1995, IT=100
100,390,100Y ,  ,-67321       ,  11       ,            ,           ,  , ,&, 940     ,ms, 30     ,4+*           ,8,1977, B-=100;B-n ?
100,391,100Y ,m ,-67177       ,  11       ,  144       ,  16       ,MD, ,&, 727     ,ms, 6      ,1+#           ,8,1977, B-=100;B-n=1.08 6
100,400,100Zr,  ,-76373       ,   8       ,            ,           ,  , , ,   7.1   , s, 0.4    ,0+            ,8,1970, B-=100
100,410,100Nb,  ,-79791       ,   8       ,            ,           ,  , , ,   1.5   , s, 0.2    ,1+            ,8,1967, B-=100
100,411,100Nb,m ,-79478.5     ,   2.0     ,  313       ,   8       ,MD, , ,   2.99  , s, 0.11   ,(5+)          ,8,1967, B-=100
100,412,100Nb,n ,-79444       ,  11       ,  347       ,   8       ,  , , , 460     ,ns, 60     ,"(4-,5-)       ",8,1986, IT=100
100,413,100Nb,p ,-79057       ,  11       ,  734       ,   8       ,  , , ,  12.43  ,us, 0.26   ,(8-)          ,8,1980, IT=100
100,420,100Mo,  ,-86193.0     ,   0.3     ,            ,           ,  , , ,   7.07  ,Ey, 0.14   ,0+            ,8,1930, IS=9.744 65;2B-=100
100,430,100Tc,  ,-86021.0     ,   1.4     ,            ,           ,  , , ,  15.46  , s, 0.19   ,1+            ,8,1952, B-~100;EC=0.0018 9
100,431,100Tc,m ,-85820.3     ,   1.4     ,  200.67    ,   0.04    ,  , , ,   8.32  ,us, 0.14   ,(4)+          ,8,1958, IT=100
100,432,100Tc,n ,-85777.1     ,   1.4     ,  243.95    ,   0.04    ,  , , ,   3.2   ,us, 0.2    ,(6)+          ,8,1967, IT=100
100,440,100Ru,  ,-89227.4     ,   0.3     ,            ,           ,  , , , stbl    ,  ,        ,0+            ,8,1931, IS=12.60 7
100,450,100Rh,  ,-85591       ,  18       ,            ,           ,  , , ,  20.8   , h, 0.1    ,1-*           ,8,1948, B+=100;EC=95.1 5;e+=4.9 5
100,451,100Rh,m ,-85516       ,  18       ,   74.782   ,   0.014   ,  , , , 214.0   ,ns, 2.0    ,(2)+          ,8,1965, IT=100
100,452,100Rh,n ,-85483       ,  18       ,  107.6     ,   0.2     ,  , , ,   4.6   , m, 0.2    ,(5+)          ,8,1973, IT~98.3;B+~1.7
100,453,100Rh,p ,-85371       ,  18       ,  219.61    ,   0.22    ,  , , , 130     ,ns, 10     ,(7+)          ,8,1984, IT=100
100,460,100Pd,  ,-85213       ,  18       ,            ,           ,  , , ,   3.63  , d, 0.09   ,0+            ,8,1948, EC=100
100,470,100Ag,  ,-78138       ,   5       ,            ,           ,  , , ,   2.01  , m, 0.09   ,(5)+*         ,8,1970, B+=100
100,471,100Ag,m ,-78122       ,   5       ,   15.52    ,   0.16    ,  , , ,   2.24  , m, 0.13   ,(2)+          ,8,1980, B+=?;IT ?
100,480,100Cd,  ,-74194.6     ,   1.7     ,            ,           ,  , , ,  49.1   , s, 0.5    ,0+            ,10,1970, B+=100
100,490,100In,  ,-64178.1     ,   2.2     ,            ,           ,  , , ,   5.62  , s, 0.06   ,6+#           ,14,1982, B+=100;B+p=1.66 3
100,500,100Sn,  ,-57150       , 240       ,            ,           ,  , , ,   1.18  , s, 0.08   ,0+            ,14,1994, B+=100;B+p<17
100,501,100Sn,m ,-52650#      , 310#      , 4500#      , 200#      ,  , , , 100#    ,ns,        ,6+#           ,,, p ?
101,360,101Kr,  ,-28580#      , 500#      ,            ,           ,  , , ,   9#    ,ms, >400ns ,5/2+#         ,10,2010, B- ?;B-n ?;B-2n ?
101,370,101Rb,  ,-42567       ,  20       ,            ,           ,  , , ,  31.8   ,ms, 3.3    ,3/2+#         ,6,1992, B-=100;B-n=28 4;B-2n ?
101,380,101Sr,  ,-55325       ,   8       ,            ,           ,  , , , 113.7   ,ms, 1.7    ,(5/2-)        ,6,1983, B-=100;B-n=2.75 35
101,390,101Y ,  ,-65055       ,   7       ,            ,           ,  , , , 426     ,ms, 20     ,5/2+*         ,6,1983, B-=100;B-n=2.3 8
101,391,101Y ,m ,-63850       ,   7       , 1205.0     ,   1.0     ,  , , , 870     ,ns, 90     ,13/2-#        ,,2009, IT=100
101,400,101Zr,  ,-73161       ,   8       ,            ,           ,  , , ,   2.29  , s, 0.08   ,3/2+*         ,6,1972, B-=100
101,410,101Nb,  ,-78891       ,   4       ,            ,           ,  , , ,   7.1   , s, 0.3    ,5/2+*         ,6,1970, B-=100
101,420,101Mo,  ,-83520.0     ,   0.3     ,            ,           ,  , , ,  14.61  , m, 0.03   ,1/2+          ,6,1941, B-=100
101,421,101Mo,m ,-83506.5     ,   0.3     ,   13.497   ,   0.009   ,  , , , 226     ,ns, 7      ,3/2+          ,6,1977, IT=100
101,422,101Mo,n ,-83463.0     ,   0.3     ,   57.015   ,   0.011   ,  , , , 133     ,ns, 70     ,5/2+          ,6,1977, IT=100
101,430,101Tc,  ,-86345       ,  24       ,            ,           ,  , , ,  14.22  , m, 0.01   ,9/2+          ,6,1941, B-=100
101,431,101Tc,m ,-86137       ,  24       ,  207.526   ,   0.020   ,  , , , 636     ,us, 8      ,1/2-          ,6,1964, IT=100
101,440,101Ru,  ,-87958.1     ,   0.4     ,            ,           ,  , , , stbl    ,  ,        ,5/2+*         ,6,1931, IS=17.06 2
101,441,101Ru,m ,-87430.5     ,   0.4     ,  527.56    ,   0.10    ,  , , ,  17.5   ,us, 0.4    ,11/2-         ,6,1974, IT=100
101,450,101Rh,  ,-87412       ,   6       ,            ,           ,  , , ,   4.07  , y, 0.05   ,1/2-          ,6,1948, EC=100
101,451,101Rh,m ,-87255       ,   6       ,  157.32    ,   0.03    ,  , , ,   4.343 , d, 0.010  ,9/2+*         ,6,1944, EC=92.80 25;IT=7.20 25
101,460,101Pd,  ,-85432       ,   5       ,            ,           ,  , , ,   8.47  , h, 0.06   ,5/2+          ,6,1948, B+=100
101,470,101Ag,  ,-81334       ,   5       ,            ,           ,  , , ,  11.1   , m, 0.3    ,9/2+*         ,6,1966, B+=100
101,471,101Ag,m ,-81060       ,   5       ,  274.1     ,   0.3     ,  , , ,   3.10  , s, 0.10   ,(1/2)-*       ,6,1975, IT=100
101,480,101Cd,  ,-75836.5     ,   1.5     ,            ,           ,  , , ,   1.36  , m, 0.05   ,5/2+*         ,6,1969, B+=100
101,490,101In,  ,-68545       ,  12       ,            ,           ,  , , ,  15.1   , s, 1.1    ,(9/2+)        ,6,1988, B+=100;B+p<1.7
101,491,101In,m ,-67910       ,  40       ,  640       ,  40       ,MD, , ,  10#    , s,        ,1/2-#         ,,2019, B+ ?;IT ?
101,500,101Sn,  ,-60310       , 300       ,            ,           ,  , , ,   2.22  , s, 0.05   ,(7/2+)        ,7,1994, B+=100;B+p=21.0 7
102,370,102Rb,  ,-37250       ,  80       ,            ,           ,  , , ,  37     ,ms, 4      ,(4+)          ,9,1995, B-=100;B-n=65 22;B-2n ?
102,380,102Sr,  ,-52160       ,  70       ,            ,           ,  , , ,  69     ,ms, 6      ,0+            ,9,1986, B-=100;B-n=5.5 15
102,390,102Y ,  ,-61173       ,   4       ,            ,           ,  ,*, , 360     ,ms, 40     ,(5-)          ,9,1980, B-=100;B-n<2.6
102,391,102Y ,m ,-61070#      , 100#      ,  100#      , 100#      ,  ,*, , 300     ,ms, 100    ,"(0-,1-)       ",9,1983, B-=100;B-n<2.6;IT ?
102,400,102Zr,  ,-71581       ,   9       ,            ,           ,  , , ,   2.01  , s, 0.08   ,0+            ,9,1970, B-=100
102,410,102Nb,  ,-76298.3     ,   2.5     ,            ,           ,  , , ,   4.3   , s, 0.4    ,(4+)          ,9,1972, B-=100
102,411,102Nb,m ,-76204       ,   8       ,   94       ,   7       ,MD, , ,   1.31  , s, 0.16   ,(1+)          ,9,1976, B-=100; IT ?
102,420,102Mo,  ,-83561       ,   8       ,            ,           ,  , , ,  11.3   , m, 0.2    ,0+            ,9,1954, B-=100
102,430,102Tc,  ,-84573       ,   9       ,            ,           ,  ,*, ,   5.28  , s, 0.15   ,1+            ,9,1954, B-=100
102,431,102Tc,m ,-84520#      ,  50#      ,   50#      ,  50#      ,  ,*, ,   4.35  , m, 0.07   ,(4+)          ,9,1954, B-~100;IT ?
102,440,102Ru,  ,-89106.4     ,   0.4     ,            ,           ,  , , , stbl    ,  ,        ,0+            ,9,1931, IS=31.55 14
102,450,102Rh,  ,-86783       ,   6       ,            ,           ,  , , , 207.0   , d, 1.5    ,2-*           ,9,1941, B+=78 5;B-=22 5
102,451,102Rh,m ,-86642       ,   6       ,  140.73    ,   0.09    ,  , , ,   3.742 , y, 0.010  ,6+*           ,9,1962, B+~100;IT=0.233 24
102,460,102Pd,  ,-87903.0     ,   0.4     ,            ,           ,  , , , stbl    ,  , >7.6Ey ,0+            ,9,1935, IS=1.02 1;2B+ ?
102,470,102Ag,  ,-82247       ,   8       ,            ,           ,  , , ,  12.9   , m, 0.3    ,5+*           ,9,1960, B+=100
102,471,102Ag,m ,-82238       ,   8       ,    9.40    ,   0.07    ,  , , ,   7.7   , m, 0.5    ,2+*           ,9,1967, B+=51 5;IT=49 5
102,480,102Cd,  ,-79659.7     ,   1.7     ,            ,           ,  , , ,   5.5   , m, 0.5    ,0+            ,9,1969, B+=100
102,490,102In,  ,-70695       ,   5       ,            ,           ,  , , ,  23.3   , s, 0.1    ,(6+)          ,9,1981, B+=100;B+p=0.0093 13
102,500,102Sn,  ,-64930       , 100       ,            ,           ,  , , ,   3.8   , s, 0.2    ,0+            ,9,1994, B+=100
102,501,102Sn,m ,-62910       , 100       , 2017       ,   2       ,  , , , 367     ,ns, 8      ,(6+)          ,9,1996, IT=100
102,510,102Sb,  ,-51100#      , 400#      ,            ,           ,  , , ,         ,  ,        ,              ,,, p ?
103,370,103Rb,  ,-33160#      , 400#      ,            ,           ,  , , ,  26     ,ms, 11     ,3/2+#         ,15,2010, B-=100;B-n ?;B-2n ?
103,380,103Sr,  ,-47280#      , 200#      ,            ,           ,  , , ,  53     ,ms, 10     ,5/2+#         ,15,1997, B-=100;B-n ?;B-2n ?
103,390,103Y ,  ,-58457       ,  11       ,            ,           ,  , , , 239     ,ms, 12     ,5/2+#         ,9,1994, B-=100;B-n=8.0 17
103,400,103Zr,  ,-67809       ,   9       ,            ,           ,  , , ,   1.38  , s, 0.07   ,(5/2-)        ,9,1987, B-=100;B-n<1
103,410,103Nb,  ,-75029       ,   4       ,            ,           ,  , , ,   1.34  , s, 0.07   ,5/2+*         ,9,1971, B-=100;B-n ?
103,420,103Mo,  ,-80954       ,   9       ,            ,           ,  , , ,  67.5   , s, 1.5    ,3/2+          ,9,1963, B-=100
103,430,103Tc,  ,-84604       ,  10       ,            ,           ,  , , ,  54.2   , s, 0.8    ,5/2+          ,9,1957, B-=100
103,440,103Ru,  ,-87267.2     ,   0.4     ,            ,           ,  , , ,  39.245 , d, 0.008  ,3/2+          ,9,1945, B-=100
103,441,103Ru,m ,-87029.0     ,   0.8     ,  238.2     ,   0.7     ,  , , ,   1.69  ,ms, 0.07   ,11/2-         ,9,1964, IT=100
103,450,103Rh,  ,-88031.7     ,   2.3     ,            ,           ,  , , , stbl    ,  ,        ,1/2-*         ,9,1934, IS=100
103,451,103Rh,m ,-87991.9     ,   2.3     ,   39.753   ,   0.006   ,  , , ,  56.114 , m, 0.009  ,7/2+          ,9,1943, IT=100
103,460,103Pd,  ,-87457.0     ,   0.9     ,            ,           ,  , , ,  16.991 , d, 0.019  ,5/2+          ,9,1950, EC=100
103,470,103Ag,  ,-84803       ,   4       ,            ,           ,  , , ,  65.7   , m, 0.7    ,7/2+*         ,9,1954, B+=100
103,471,103Ag,m ,-84669       ,   4       ,  134.45    ,   0.04    ,  , , ,   5.7   , s, 0.3    ,1/2-          ,9,1962, IT=100
103,480,103Cd,  ,-80651.6     ,   1.8     ,            ,           ,  , , ,   7.3   , m, 0.1    ,5/2+*         ,9,1960, B+=100
103,490,103In,  ,-74632       ,   9       ,            ,           ,  , , ,  60     , s, 1      ,(9/2+)        ,9,1978, B+=100
103,491,103In,m ,-74000       ,   9       ,  631.7     ,   0.1     ,  , , ,  34     , s, 2      ,(1/2-)        ,9,1988, B+=67;IT=33
103,500,103Sn,  ,-67090#      , 100#      ,            ,           ,  , , ,   7.0   , s, 0.2    ,5/2+#         ,9,1981, B+=100;B+p=1.2 1
103,510,103Sb,  ,-56670#      , 300#      ,            ,           ,  , , ,         ,  , <49ns  ,5/2+#         ,15,2010, p ?
104,370,104Rb,  ,-27450#      , 500#      ,            ,           ,  , , ,  35#    ,ms, >550ns ,              ,,2018, B- ?;B-n ?;B-2n ?
104,380,104Sr,  ,-43760#      , 300#      ,            ,           ,  , , ,  50.6   ,ms, 4.2    ,0+            ,15,1997, B-=100;B-n ?;B-2n ?
104,390,104Y ,  ,-54080#      , 200#      ,            ,           ,  , , , 197     ,ms, 4      ,"(0+,1+)#      ",15,1994, B-=100;B-n=34 10;B-2n ?
104,400,104Zr,  ,-65718       ,   9       ,            ,           ,  , , , 920     ,ms, 28     ,0+            ,7,1990, B-=100;B-n<1
104,410,104Nb,  ,-71811.0     ,   1.8     ,            ,           ,  ,*, ,   0.98  , s, 0.05   ,(5-)          ,7,1976, B-=100;B-n=0.05 3
104,411,104Nb,m ,-71801.2     ,   1.9     ,    9.8     ,   2.6     ,MD,*, ,   4.9   , s, 0.3    ,"(0-,1-)       ",7,1971, B-=100;B-n=0.06 3
104,420,104Mo,  ,-80344       ,   9       ,            ,           ,  , , ,  60     , s, 2      ,0+            ,7,1962, B-=100
104,430,104Tc,  ,-82499       ,  25       ,            ,           ,  , , ,  18.3   , m, 0.3    ,(3-)          ,7,1956, B-=100
104,431,104Tc,m ,-82429       ,  25       ,   69.7     ,   0.2     ,  , , ,   3.5   ,us, 0.3    ,(5-)          ,7,1981, IT=100
104,432,104Tc,n ,-82393       ,  25       ,  106.1     ,   0.3     ,  , , , 400     ,ns, 20     ,4#            ,7,1999, IT=100
104,440,104Ru,  ,-88095.8     ,   2.5     ,            ,           ,  , , , stbl    ,  ,        ,0+            ,7,1931, IS=18.62 27;2B- ?
104,450,104Rh,  ,-86959.3     ,   2.3     ,            ,           ,  , , ,  42.3   , s, 0.4    ,1+            ,7,1939, B-=99.55 10;B+=0.45 10
104,451,104Rh,m ,-86830.3     ,   2.3     ,  128.9679  ,   0.0005  ,  , , ,   4.34  , m, 0.03   ,5+            ,7,1939, IT=99.87 1;B-=0.13 1
104,460,104Pd,  ,-89395.1     ,   1.3     ,            ,           ,  , , , stbl    ,  ,        ,0+            ,7,1935, IS=11.14 8
104,470,104Ag,  ,-85116       ,   4       ,            ,           ,  , , ,  69.2   , m, 1.0    ,5+*           ,7,1955, B+=100
104,471,104Ag,m ,-85109       ,   4       ,    6.90    ,   0.22    ,  , , ,  33.5   , m, 2.0    ,2+*           ,7,1959, B+~100;IT<0.07
104,480,104Cd,  ,-83968.4     ,   1.7     ,            ,           ,  , , ,  57.7   , m, 1.0    ,0+            ,7,1955, B+=100
104,490,104In,  ,-76183       ,   6       ,            ,           ,  , , ,   1.80  , m, 0.03   ,(5+)*         ,7,1977, B+=100
104,491,104In,m ,-76090       ,   6       ,   93.48    ,   0.10    ,  , , ,  15.7   , s, 0.5    ,(3+)          ,7,1988, IT=80 5;B+=20 5
104,500,104Sn,  ,-71627       ,   6       ,            ,           ,  , , ,  20.8   , s, 0.5    ,0+            ,7,1985, B+=100
104,510,104Sb,  ,-59300#      , 100#      ,            ,           ,  , , , 470     ,ms, 130    ,              ,7,1995, B+=?;B+p<7;p<7;A ?
104,520,104Te,  ,-49630       , 320       ,            ,           ,  , , ,  <4     ,ns,        ,0+            ,,2018, A=100
105,380,105Sr,  ,-38190#      , 500#      ,            ,           ,  , , ,  39     ,ms, 5      ,5/2+#         ,19,1997, B-=100;B-n ?;B-2n ?
105,390,105Y ,  ,-50570#      , 400#      ,            ,           ,  , , ,  95     ,ms, 9      ,5/2+#         ,19,1994, B-=100;B-n<82;B-2n ?
105,400,105Zr,  ,-61458       ,  12       ,            ,           ,  , , , 670     ,ms, 28     ,1/2+#         ,19,1992, B-=100;B-n<2
105,410,105Nb,  ,-69916       ,   4       ,            ,           ,  , , ,   2.91  , s, 0.05   ,(5/2+)        ,19,1984, B-=100;B-n=1.7 9
105,420,105Mo,  ,-77331       ,   9       ,            ,           ,  , , ,  36.3   , s, 0.8    ,(5/2-)        ,19,1962, B-=100
105,430,105Tc,  ,-82290       ,  40       ,            ,           ,  , , ,   7.64  , m, 0.06   ,(3/2-)        ,19,1955, B-=100
105,440,105Ru,  ,-85934.5     ,   2.5     ,            ,           ,  , , ,   4.439 , h, 0.011  ,3/2+          ,19,1945, B-=100
105,441,105Ru,m ,-85913.9     ,   2.5     ,   20.606   ,   0.014   ,  , , , 340     ,ns, 15     ,5/2+          ,19,1974, IT=100
105,450,105Rh,  ,-87851.3     ,   2.5     ,            ,           ,  , , ,  35.341 , h, 0.019  ,7/2+          ,19,1945, B-=100
105,451,105Rh,m ,-87721.6     ,   2.5     ,  129.742   ,   0.004   ,  , , ,  42.8   , s, 0.3    ,1/2-          ,19,1950, IT=100
105,460,105Pd,  ,-88417.9     ,   1.1     ,            ,           ,  , , , stbl    ,  ,        ,5/2+*         ,19,1935, IS=22.33 8
105,461,105Pd,m ,-87928.8     ,   1.1     ,  489.1     ,   0.3     ,  , , ,  35.5   ,us, 0.5    ,11/2-         ,19,1970, IT=100
105,470,105Ag,  ,-87071       ,   5       ,            ,           ,  , , ,  41.29  , d, 0.07   ,1/2-*         ,19,1939, B+=100
105,471,105Ag,m ,-87046       ,   5       ,   25.468   ,   0.016   ,  , , ,   7.23  , m, 0.16   ,7/2+          ,19,1969, IT=99.66 7;B+=0.34 7
105,480,105Cd,  ,-84333.8     ,   1.4     ,            ,           ,  , , ,  55.5   , m, 0.4    ,5/2+*         ,19,1950, B+=100
105,481,105Cd,m ,-81816.2     ,   1.5     , 2517.6     ,   0.5     ,  , , ,   4.5   ,us, 0.5    ,(21/2+)       ,19,1976, IT=100
105,490,105In,  ,-79641       ,  10       ,            ,           ,  , , ,   5.07  , m, 0.07   ,9/2+*         ,19,1975, B+=100
105,491,105In,m ,-78967       ,  10       ,  674.09    ,   0.25    ,  , , ,  48     , s, 6      ,(1/2)-        ,19,1975, IT~100;B+ ?
105,500,105Sn,  ,-73338       ,   4       ,            ,           ,  , , ,  32.7   , s, 0.5    ,(5/2+)        ,19,1981, B+=100;B+p=0.011 4
105,510,105Sb,  ,-64015       ,  22       ,            ,           ,  , , ,   1.12  , s, 0.16   ,(5/2+)        ,5,1994, B+=100;p<0.1;B+p ?
105,520,105Te,  ,-52810       , 300       ,            ,           ,  , , , 633     ,ns, 66     ,(7/2+)        ,6,2006, A~100
106,380,106Sr,  ,-34300#      , 600#      ,            ,           ,  , , ,  21     ,ms, 8      ,0+            ,15,2010, B-=100;B-n ?;B-2n ?
106,390,106Y ,  ,-45790#      , 500#      ,            ,           ,  , , ,  75     ,ms, 6      ,2+#           ,15,1997, B-=100;B-n ?;B-2n ?
106,400,106Zr,  ,-58750#      , 200#      ,            ,           ,  , , , 179     ,ms, 6      ,0+            ,15,1994, B-=100;B-n<7
106,410,106Nb,  ,-66202.7     ,   1.4     ,            ,           ,  , , , 900     ,ms, 20     ,1-#           ,15,1976, B-=100;B-n=4.5 3
106,411,106Nb,m ,-66100#      ,  50#      ,  100#      ,  50#      ,  , , ,   1.20  , s, 0.06   ,(4-)          ,,1976, B-=100; IT ?
106,412,106Nb,n ,-65997.9     ,   1.5     ,  204.8     ,   0.5     ,  , , , 820     ,ns, 38     ,(3+)          ,,1999, IT=100
106,420,106Mo,  ,-76128       ,   9       ,            ,           ,  , , ,   8.73  , s, 0.12   ,0+            ,8,1969, B-=100
106,430,106Tc,  ,-79776       ,  12       ,            ,           ,  , , ,  35.6   , s, 0.6    ,"(1,2)(+#)     ",8,1965, B-=100
106,440,106Ru,  ,-86323       ,   5       ,            ,           ,  , , , 371.8   , d, 1.8    ,0+            ,8,1948, B-=100
106,450,106Rh,  ,-86363       ,   5       ,            ,           ,  , , ,  30.07  , s, 0.35   ,1+            ,8,1947, B-=100
106,451,106Rh,m ,-86231       ,  10       ,  132       ,  11       ,BD, , , 131     , m, 2      ,(6)+          ,8,1955, B-=100
106,460,106Pd,  ,-89907.5     ,   1.1     ,            ,           ,  , , , stbl    ,  ,        ,0+            ,8,1935, IS=27.33 3
106,470,106Ag,  ,-86942       ,   3       ,            ,           ,  , , ,  23.96  , m, 0.04   ,1+*           ,8,1937, B+~100;B- ?
106,471,106Ag,m ,-86852       ,   3       ,   89.66    ,   0.07    ,  , , ,   8.28  , d, 0.02   ,6+*           ,8,1938, B+=100;IT ?
106,480,106Cd,  ,-87132.2     ,   1.1     ,            ,           ,  , , , stbl    ,  , >1.1Zy ,0+            ,8,1935, IS=1.245 22;2B+ ?
106,490,106In,  ,-80608       ,  12       ,            ,           ,  , , ,   6.2   , m, 0.1    ,7+*           ,8,1962, B+=100
106,491,106In,m ,-80579       ,  12       ,   28.6     ,   0.3     ,  , , ,   5.2   , m, 0.1    ,(2)+          ,8,1966, B+=100
106,500,106Sn,  ,-77354       ,   5       ,            ,           ,  , , ,   1.92  , m, 0.08   ,0+            ,8,1975, B+=100
106,510,106Sb,  ,-66473       ,   7       ,            ,           ,  , , , 600     ,ms, 200    ,(2+)          ,8,1981, B+=100
106,511,106Sb,m ,-66370       ,   7       ,  103.5     ,   0.3     ,  , , , 226     ,ns, 14     ,(4+)          ,8,1998, IT=100
106,520,106Te,  ,-58220       , 100       ,            ,           ,  , , ,  78     ,us, 11     ,0+            ,8,1981, A=100
106,530,106I ,  ,-43300#      , 400#      ,            ,           ,  , , ,         ,  ,        ,              ,,, A ?
107,380,107Sr,  ,-28250#      , 700#      ,            ,           ,  , , ,  25#    ,ms, >400ns ,1/2+#         ,10,2010, B- ?;B-n ?;B-2n ?
107,390,107Y ,  ,-41970#      , 500#      ,            ,           ,  , , ,  33.5   ,ms, 0.3    ,5/2+#         ,15,1997, B-=100;B-n ?;B-2n ?
107,400,107Zr,  ,-54020#      , 300#      ,            ,           ,  , , , 145.7   ,ms, 2.4    ,5/2+#         ,15,1994, B-=100;B-n<23
107,410,107Nb,  ,-63724       ,   8       ,            ,           ,  , , , 286     ,ms, 8      ,(5/2+)        ,8,1992, B-=100;B-n=7.4 8
107,420,107Mo,  ,-72545       ,   9       ,            ,           ,  , , ,   3.5   , s, 0.5    ,(1/2+)        ,8,1972, B-=100
107,421,107Mo,m ,-72480       ,   9       ,   65.4     ,   0.2     ,  , , , 445     ,ns, 21     ,(5/2+)        ,8,1976, IT=100
107,430,107Tc,  ,-78750       ,   9       ,            ,           ,  , , ,  21.2   , s, 0.2    ,(3/2-)        ,8,1965, B-=100
107,431,107Tc,m ,-78720       ,   9       ,   30.1     ,   0.1     ,  , , ,   3.85  ,us, 0.05   ,(1/2+)        ,8,2007, IT=100
107,432,107Tc,n ,-78684       ,   9       ,   65.72    ,   0.14    ,  , , , 184     ,ns, 3      ,(5/2+)        ,8,1974, IT=100
107,440,107Ru,  ,-83863       ,   9       ,            ,           ,  , , ,   3.75  , m, 0.05   ,(5/2)+        ,8,1951, B-=100
107,450,107Rh,  ,-86864       ,  12       ,            ,           ,  , , ,  21.7   , m, 0.4    ,7/2+          ,8,1951, B-=100
107,451,107Rh,m ,-86596       ,  12       ,  268.36    ,   0.04    ,  , , , >10     ,us,        ,1/2-          ,8,1986, IT=100
107,460,107Pd,  ,-88372.7     ,   1.2     ,            ,           ,  , , ,   6.5   ,My, 0.3    ,5/2+          ,8,1958, B-=100
107,461,107Pd,m ,-88257.0     ,   1.2     ,  115.74    ,   0.12    ,  , , , 850     ,ns, 100    ,1/2+          ,8,1969, IT=100
107,462,107Pd,n ,-88158.1     ,   1.2     ,  214.6     ,   0.3     ,  , , ,  21.3   , s, 0.5    ,11/2-         ,8,1952, IT=100
107,470,107Ag,  ,-88406.7     ,   2.4     ,            ,           ,  , , , stbl    ,  ,        ,1/2-*         ,8,1924, IS=51.839 8
107,471,107Ag,m ,-88313.6     ,   2.4     ,   93.125   ,   0.019   ,  , , ,  44.3   , s, 0.2    ,7/2+          ,8,1940, IT=100
107,480,107Cd,  ,-86990.3     ,   1.7     ,            ,           ,  , , ,   6.50  , h, 0.02   ,5/2+*         ,8,1946, B+=100
107,490,107In,  ,-83567       ,  10       ,            ,           ,  , , ,  32.4   , m, 0.3    ,9/2+*         ,8,1949, B+=100
107,491,107In,m ,-82889       ,  10       ,  678.5     ,   0.3     ,  , , ,  50.4   , s, 0.6    ,1/2-          ,8,1973, IT=100
107,500,107Sn,  ,-78512       ,   5       ,            ,           ,  , , ,   2.90  , m, 0.05   ,(5/2+)        ,8,1976, B+=100
107,510,107Sb,  ,-70653       ,   4       ,            ,           ,  , , ,   4.0   , s, 0.2    ,5/2+#         ,8,1994, B+=100
107,520,107Te,  ,-60660#      , 100#      ,            ,           ,  , , ,   3.22  ,ms, 0.09   ,5/2+#         ,8,1979, A=70 30;B+ ?;B+p ?
107,530,107I ,  ,-49430#      , 300#      ,            ,           ,  , , ,  20#    ,us,        ,5/2+#         ,,, A ?
108,390,108Y ,  ,-36780#      , 600#      ,            ,           ,  , , ,  30     ,ms, 5      ,6-#           ,15,2010, B-=100;B-n ?;B-2n ?
108,400,108Zr,  ,-50950#      , 400#      ,            ,           ,  , , ,  78.5   ,ms, 2.0    ,0+            ,15,1997, B-=100;B-n ?
108,401,108Zr,m ,-48880#      , 400#      , 2074.5     ,   0.8     ,  , , , 540     ,ns, 30     ,(6+)          ,15,2011, IT=100
108,410,108Nb,  ,-59545       ,   8       ,            ,           ,  , , , 201     ,ms, 4      ,(2+)          ,15,1994, B-=100;B-n=6.3 5;B-2n ?
108,411,108Nb,m ,-59378       ,   8       ,  166.6     ,   0.5     ,  , , , 109     ,ns, 2      ,6-#           ,15,2012, IT=100
108,420,108Mo,  ,-70749       ,   9       ,            ,           ,  , , ,   1.105 , s, 0.010  ,0+            ,8,1972, B-=100;B-n<0.5
108,430,108Tc,  ,-75923       ,   9       ,            ,           ,  , , ,   5.17  , s, 0.07   ,(2)+          ,8,1970, B-=100
108,440,108Ru,  ,-83661       ,   9       ,            ,           ,  , , ,   4.55  , m, 0.05   ,0+            ,8,1955, B-=100
108,450,108Rh,  ,-85031       ,  14       ,            ,           ,  , , ,  16.8   , s, 0.5    ,1+            ,8,1955, B-=100
108,451,108Rh,m ,-84917       ,  12       ,  115       ,  18       ,MD, , ,   6.0   , m, 0.3    ,(5+)          ,8,1969, B-=100
108,460,108Pd,  ,-89524.2     ,   1.1     ,            ,           ,  , , , stbl    ,  ,        ,0+            ,8,1935, IS=26.46 9
108,470,108Ag,  ,-87606.8     ,   2.4     ,            ,           ,  , , ,   2.382 , m, 0.011  ,1+*           ,8,1937, B-=97.15 20;B+=2.85 20
108,471,108Ag,m ,-87497.3     ,   2.4     ,  109.466   ,   0.007   ,  , , , 439     , y, 9      ,6+*           ,8,1969, B+=91.3 9;IT=8.7 9
108,480,108Cd,  ,-89252.4     ,   1.1     ,            ,           ,  , , , stbl    ,  , >410Py ,0+            ,8,1935, IS=0.888 11;2B+ ?
108,490,108In,  ,-84120       ,   9       ,            ,           ,  , , ,  58.0   , m, 1.2    ,7+*           ,8,1949, B+=100
108,491,108In,m ,-84090       ,   9       ,   29.75    ,   0.05    ,  , , ,  39.6   , m, 0.7    ,2+*           ,8,1955, B+=100
108,500,108Sn,  ,-82070       ,   5       ,            ,           ,  , , ,  10.30  , m, 0.08   ,0+            ,8,1968, B+=100
108,510,108Sb,  ,-72445       ,   5       ,            ,           ,  , , ,   7.4   , s, 0.3    ,(4+)          ,8,1976, B+=100
108,520,108Te,  ,-65782       ,   5       ,            ,           ,  , , ,   2.1   , s, 0.1    ,0+            ,8,1974, B+=51 4;A=49 4;B+p=2.4 10;B+A<0.065
108,530,108I ,  ,-52770#      , 100#      ,            ,           ,  , , ,  26.4   ,ms, 0.8    ,1+#           ,8,1991, A~99.50 21;p=0.50 21;B+ ?;B+p ?
108,540,108Xe,  ,-42630       , 380       ,            ,           ,  , , ,  72     ,us, 35     ,0+            ,,2018, A=100
109,390,109Y ,  ,-32480#      , 700#      ,            ,           ,  , , ,  25     ,ms, 5      ,5/2+#         ,16,2010, B-=100;B-n ?;B-2n ?
109,400,109Zr,  ,-45730#      , 500#      ,            ,           ,  , , ,  56     ,ms, 3      ,5/2+#         ,16,1997, B-=100;B-n ?;B-2n ?
109,410,109Nb,  ,-56690       , 430       ,            ,           ,  , , , 106.9   ,ms, 4.9    ,3/2-#         ,16,1994, B-=100;B-n=31 5
109,411,109Nb,m ,-56380       , 430       ,  312.5     ,   0.4     ,  , , , 115     ,ns, 8      ,7/2+#         ,16,2011, IT=100
109,420,109Mo,  ,-66659       ,  11       ,            ,           ,  , , , 700     ,ms, 14     ,(1/2+)        ,16,1992, B-=100;B-n=1.3 6
109,421,109Mo,m ,-66589       ,  11       ,   69.7     ,   0.5     ,  , , , 210     ,ns, 60     ,5/2+#         ,16,2012, IT=100
109,430,109Tc,  ,-74283       ,  10       ,            ,           ,  , , ,   905   ,ms, 21     ,(5/2+)        ,16,1976, B-=100;B-n=0.08 2
109,440,109Ru,  ,-80738       ,   9       ,            ,           ,  , , ,  34.4   , s, 0.2    ,(5/2+)        ,16,1967, B-=100
109,441,109Ru,m ,-80642       ,   9       ,   96.14    ,   0.15    ,  , , , 680     ,ns, 30     ,(5/2-)        ,16,1976, IT=100
109,450,109Rh,  ,-84999       ,   4       ,            ,           ,  , , ,  80.8   , s, 0.7    ,7/2+          ,16,1972, B-=100
109,451,109Rh,m ,-84773       ,   4       ,  225.873   ,   0.019   ,  , , ,   1.66  ,us, 0.04   ,3/2+          ,16,1987, IT=100
109,460,109Pd,  ,-87606.5     ,   1.1     ,            ,           ,  , , ,  13.59  , h, 0.12   ,5/2+          ,16,1937, B-=100
109,461,109Pd,m ,-87493.1     ,   1.1     ,  113.4000  ,   0.0014  ,  , , , 380     ,ns, 50     ,1/2+          ,16,1978, IT=100
109,462,109Pd,n ,-87417.5     ,   1.1     ,  188.9903  ,   0.0010  ,  , , ,   4.703 , m, 0.009  ,11/2-         ,16,1957, IT=100
109,470,109Ag,  ,-88719.4     ,   1.3     ,            ,           ,  , , , stbl    ,  ,        ,1/2-*         ,16,1924, IS=48.161 8
109,471,109Ag,m ,-88631.4     ,   1.3     ,   88.0337  ,   0.0010  ,  , , ,  39.79  , s, 0.21   ,7/2+*         ,16,1967, IT=100
109,480,109Cd,  ,-88504.3     ,   1.5     ,            ,           ,  , , , 461.3   , d, 0.5    ,5/2+*         ,16,1950, EC=100
109,481,109Cd,m ,-88444.7     ,   1.5     ,   59.60    ,   0.07    ,  , , ,  11.8   ,us, 1.6    ,1/2+          ,16,1956, IT=100
109,482,109Cd,n ,-88041.2     ,   1.5     ,  463.10    ,   0.11    ,  , , ,  10.6   ,us, 0.4    ,11/2-         ,16,1964, IT=100
109,490,109In,  ,-86490       ,   4       ,            ,           ,  , , ,   4.159 , h, 0.010  ,9/2+*         ,16,1948, B+=100
109,491,109In,m ,-85840       ,   4       ,  649.79    ,   0.10    ,  , , ,   1.34  , m, 0.06   ,1/2-          ,16,1966, IT=100
109,492,109In,n ,-84388       ,   4       , 2101.86    ,   0.11    ,  , , , 210.0   ,ms, 0.9    ,19/2+         ,16,1963," IT=100[gs=100,m=0]"
109,500,109Sn,  ,-82630       ,   8       ,            ,           ,  , , ,  18.1   , m, 0.2    ,5/2+*         ,16,1966, B+=100
109,510,109Sb,  ,-76251       ,   5       ,            ,           ,  , , ,  17.2   , s, 0.5    ,5/2+#         ,16,1976, B+=100
109,520,109Te,  ,-67715       ,   4       ,            ,           ,  , , ,   4.4   , s, 0.2    ,(5/2+)        ,16,1967, B+=96.1 13;A=3.9 13;B+p=9.4 31;B+A<0.0049
109,530,109I ,  ,-57673       ,   7       ,            ,           ,  , , ,  92.8   ,us, 0.8    ,"(1/2+,3/2+)   ",16,1984, p=99.986 4;A=0.014 4
109,540,109Xe,  ,-46170       , 300       ,            ,           ,  , , ,  13     ,ms, 2      ,(7/2+)        ,16,2006, A~100;B+ ?;B+p ?
110,400,110Zr,  ,-42220#      , 500#      ,            ,           ,  , , ,  37.5   ,ms, 2.0    ,0+            ,12,1997, B-=100;B-n ?;B-2n ?
110,410,110Nb,  ,-52310       , 840       ,            ,           ,  ,*, ,  75     ,ms, 1      ,5+#           ,12,1994, B-=100;B-n=40 8;B-2n ?
110,411,110Nb,m ,-52210#      , 840#      ,  100#      ,  50#      ,  ,*, ,  94     ,ms, 9      ,2+#           ,12,2020, B-=100;IT ?;B-n=40 8;B-2n ?
110,420,110Mo,  ,-64536       ,  24       ,            ,           ,  , , , 292     ,ms, 7      ,0+            ,12,1992, B-=100;B-n=2.0 7
110,430,110Tc,  ,-71035       ,   9       ,            ,           ,  , , , 900     ,ms, 13     ,"(2+,3+)       ",12,1976, B-=100;B-n=0.04 2
110,440,110Ru,  ,-80073       ,   9       ,            ,           ,  , , ,  12.04  , s, 0.17   ,0+            ,12,1970, B-=100
110,450,110Rh,  ,-82829       ,  18       ,            ,           ,  ,*, ,   3.35  , s, 0.12   ,(1+)          ,12,1963, B-=100
110,451,110Rh,m ,-82610#      , 150#      ,  220#      , 150#      ,  ,*, ,  28.5   , s, 1.3    ,(6+)          ,12,1969, B-=100
110,460,110Pd,  ,-88330.9     ,   0.6     ,            ,           ,  , , , stbl    ,  , >290Ey ,0+            ,12,1935, IS=11.72 9;2B- ?
110,470,110Ag,  ,-87457.3     ,   1.3     ,            ,           ,  , , ,  24.56  , s, 0.11   ,1+*           ,12,1937, B-~100;EC=0.30 6
110,471,110Ag,m ,-87456.2     ,   1.3     ,    1.112   ,   0.016   ,  , , , 660     ,ns, 40     ,2-            ,12,1975, IT=100
110,472,110Ag,n ,-87339.7     ,   1.3     ,  117.59    ,   0.05    ,  , , , 249.863 , d, 0.024  ,6+*           ,12,1938, B-=98.67 8;IT=1.33 8
110,480,110Cd,  ,-90348.0     ,   0.4     ,            ,           ,  , , , stbl    ,  ,        ,0+            ,12,1925, IS=12.470 61
110,490,110In,  ,-86470       ,  12       ,            ,           ,  , , ,   4.92  , h, 0.08   ,7+*           ,12,1939, B+=100
110,491,110In,m ,-86408       ,  12       ,   62.08    ,   0.04    ,  , , ,  69.1   , m, 0.5    ,2+*           ,12,1962, B+=100
110,500,110Sn,  ,-85842       ,  14       ,            ,           ,  , , ,   4.154 , h, 0.004  ,0+            ,12,1965, EC=100
110,510,110Sb,  ,-77450       ,   6       ,            ,           ,  , , ,  23.6   , s, 0.3    ,(3+)          ,12,1972, B+=100
110,520,110Te,  ,-72230       ,   7       ,            ,           ,  , , ,  18.6   , s, 0.8    ,0+            ,12,1977, B+~100;A ?
110,530,110I ,  ,-60470       ,  60       ,            ,           ,  , , , 664     ,ms, 24     ,(1+)          ,12,1977, B+=83 4;A=17 4;B+p=11 3;B+A=1.1 3
110,540,110Xe,  ,-51920       , 100       ,            ,           ,  , , ,  93     ,ms, 3      ,0+            ,12,1981, A=64 35;B+=36 35;B+p ?
111,400,111Zr,  ,-36480#      , 600#      ,            ,           ,  , , ,  24.0   ,ms, 0.5    ,5/2+#         ,15,2010, B-=100;B-n ?;B-2n ?
111,410,111Nb,  ,-48960#      , 300#      ,            ,           ,  , , ,  54     ,ms, 2      ,3/2-#         ,15,1997, B-=100;B-n ?;B-2n ?
111,420,111Mo,  ,-59940       ,  13       ,            ,           ,  , , , 193.6   ,ms, 4.4    ,1/2+#         ,15,1994, B-=100;B-n<12
111,421,111Mo,m ,-59840#      ,  50#      ,  100#      ,  50#      ,  , , ,~200     ,ms,        ,7/2-#         ,15,2011, B-=100;B-n ?
111,430,111Tc,  ,-69025       ,  11       ,            ,           ,  , , , 350     ,ms, 11     ,5/2+#         ,9,1988, B-=100;B-n=0.85 20
111,440,111Ru,  ,-76785       ,  10       ,            ,           ,  , , ,   2.12  , s, 0.07   ,5/2+          ,9,1971, B-=100
111,450,111Rh,  ,-82304       ,   7       ,            ,           ,  , , ,  11     , s, 1      ,(7/2+)        ,9,1975, B-=100
111,460,111Pd,  ,-85985.9     ,   0.7     ,            ,           ,  , , ,  23.56  , m, 0.09   ,5/2+          ,9,1937, B-=100
111,461,111Pd,m ,-85813.7     ,   0.7     ,  172.18    ,   0.08    ,  , , ,   5.563 , h, 0.013  ,11/2-         ,9,1952, IT=76.8 10;B-=23.2 10
111,470,111Ag,  ,-88215.4     ,   1.5     ,            ,           ,  , , ,   7.433 , d, 0.010  ,1/2-*         ,9,1937, B-=100
111,471,111Ag,m ,-88155.6     ,   1.5     ,   59.82    ,   0.04    ,  , , ,  64.8   , s, 0.8    ,7/2+          ,9,1957, IT=99.3 2;B-=0.7 2
111,480,111Cd,  ,-89252.2     ,   0.4     ,            ,           ,  , , , stbl    ,  ,        ,1/2+*         ,9,1925, IS=12.795 12
111,481,111Cd,m ,-88856.0     ,   0.4     ,  396.214   ,   0.021   ,  , , ,  48.50  , m, 0.09   ,11/2-*        ,9,1945, IT=100
111,490,111In,  ,-88392       ,   3       ,            ,           ,  , , ,   2.8048, d, 0.0001 ,9/2+*         ,9,1947, EC=100
111,491,111In,m ,-87855       ,   3       ,  536.99    ,   0.07    ,  , , ,   7.7   , m, 0.2    ,1/2-          ,9,1966, IT=100
111,500,111Sn,  ,-85939       ,   5       ,            ,           ,  , , ,  35.3   , m, 0.6    ,7/2+*         ,9,1949, B+=100
111,501,111Sn,m ,-85684       ,   5       ,  254.71    ,   0.04    ,  , , ,  12.5   ,us, 1.0    ,1/2+          ,9,1972, IT=100
111,510,111Sb,  ,-80837       ,   9       ,            ,           ,  , , ,  75     , s, 1      ,(5/2+)        ,9,1972, B+=100
111,520,111Te,  ,-73587       ,   6       ,            ,           ,  , , ,  26.2   , s, 0.6    ,(5/2)+        ,9,1967, B+=100;B+p=?
111,530,111I ,  ,-64954       ,   5       ,            ,           ,  , , ,   2.5   , s, 0.2    ,5/2+#         ,9,1977, B+~100;A~0.088 9;B+p ?
111,540,111Xe,  ,-54520#      , 120#      ,            ,           ,  , , , 740     ,ms, 200    ,5/2+#         ,9,1979, B+=89.6 1.9;A=10.4 1.9;B+p ?
111,550,111Cs,  ,-42900#      , 200#      ,            ,           ,  , , ,   1#    ,us,        ,3/2+#         ,,, p ?
112,400,112Zr,  ,-32420#      , 700#      ,            ,           ,  , , ,  43     ,ms, 21     ,0+            ,15,2010, B-=100;B-n ?;B-2n ?
112,410,112Nb,  ,-44070#      , 300#      ,            ,           ,  , , ,  38     ,ms, 2      ,1+#           ,15,1997, B-=100;B-n ?;B-2n ?
112,420,112Mo,  ,-57480#      , 200#      ,            ,           ,  , , , 125     ,ms, 5      ,0+            ,15,1994, B-=100;B-n ?
112,430,112Tc,  ,-65259       ,   6       ,            ,           ,  , , , 323     ,ms, 6      ,(2+)          ,15,1990, B-=100;B-n=1.5 2
112,431,112Tc,m ,-64907       ,   6       ,  352.3     ,   0.7     ,  , , , 150     ,ns, 17     ,              ,15,2010, IT=100
112,440,112Ru,  ,-75631       ,  10       ,            ,           ,  , , ,   1.75  , s, 0.07   ,0+            ,15,1970, B-=100
112,450,112Rh,  ,-79730       ,  40       ,            ,           ,  , , ,   3.4   , s, 0.4    ,(1+)          ,15,1972, B-=100
112,451,112Rh,m ,-79390       ,  60       ,  340       ,  70       ,BD, , ,   6.73  , s, 0.15   ,(6+)          ,15,1987, B-=100
112,460,112Pd,  ,-86321       ,   7       ,            ,           ,  , , ,  21.04  , h, 0.17   ,0+            ,15,1951, B-=100
112,470,112Ag,  ,-86583.7     ,   2.4     ,            ,           ,  , , ,   3.130 , h, 0.008  ,2-*           ,15,1938, B-=100
112,480,112Cd,  ,-90574.86    ,   0.25    ,            ,           ,  , , , stbl    ,  ,        ,0+            ,15,1925, IS=24.109 7
112,490,112In,  ,-87990       ,   4       ,            ,           ,  , , ,  14.88  , m, 0.15   ,1+*           ,15,1947, B+=62 4;B-=38 4
112,491,112In,m ,-87833       ,   4       ,  156.592   ,   0.025   ,  , , ,  20.67  , m, 0.08   ,4+*           ,15,1953, IT=100
112,492,112In,n ,-87639       ,   4       ,  350.80    ,   0.05    ,  , , , 690     ,ns, 50     ,(7)+          ,15,1976, IT=100
112,493,112In,p ,-87376       ,   4       ,  613.82    ,   0.06    ,  , , ,   2.81  ,us, 0.03   ,8-*           ,15,1976, IT=100
112,500,112Sn,  ,-88655.05    ,   0.29    ,            ,           ,  , , , stbl    ,  ,        ,0+            ,15,1927, IS=0.97 1;2B+ ?
112,510,112Sb,  ,-81599       ,  18       ,            ,           ,  , , ,  53.5   , s, 0.6    ,(3+)          ,15,1959, B+=100
112,511,112Sb,m ,-80773       ,  18       ,  825.9     ,   0.4     ,  , , , 536     ,ns, 22     ,(8-)          ,15,1976, IT=100
112,520,112Te,  ,-77568       ,   8       ,            ,           ,  , , ,   2.0   , m, 0.2    ,0+            ,15,1976, B+=100
112,530,112I ,  ,-67063       ,  10       ,            ,           ,  , , ,   3.34  , s, 0.08   ,1+#           ,15,1977, B+~100;A~0.0012;B+p=0.88 10;B+A=0.104 12
112,540,112Xe,  ,-60026       ,   8       ,            ,           ,  , , ,   2.7   , s, 0.8    ,0+            ,15,1978, B+=98.8 8;A=1.2 8;B+p ?
112,550,112Cs,  ,-46420#      , 120#      ,            ,           ,  , , , 490     ,us, 30     ,1+#           ,15,1994, p~100;A<0.26
113,400,113Zr,  ,-26340#      , 300#      ,            ,           ,  , , ,  15#    ,ms, >550 ns,3/2+          ,,2018, B- ?;B-n ?;B-2n ?
113,410,113Nb,  ,-40210#      , 400#      ,            ,           ,  , , ,  32     ,ms, 4      ,3/2-#         ,15,1997, B-=100;B-n ?;B-2n ?
113,420,113Mo,  ,-52650#      , 300#      ,            ,           ,  , , ,  80     ,ms, 2      ,5/2+#         ,15,1994, B-=100;B-n ?
113,430,113Tc,  ,-62812       ,   3       ,            ,           ,  , , , 152     ,ms, 8      ,5/2+#         ,15,1992, B-=100;B-n=2.1 3
113,431,113Tc,m ,-62698       ,   3       ,  114.4     ,   0.5     ,  , , , 527     ,ns, 16     ,5/2-#         ,15,2010, IT=100
113,440,113Ru,  ,-71870       ,  40       ,            ,           ,  , , , 800     ,ms, 50     ,(1/2+)        ,10,1988, B-=100
113,441,113Ru,m ,-71740       ,  50       ,  131       ,  33       ,  , , , 510     ,ms, 30     ,(7/2-)        ,10,1998, B-= ?;IT= ?
113,450,113Rh,  ,-78767       ,   7       ,            ,           ,  , , ,   2.80  , s, 0.12   ,(7/2+)        ,10,1971, B-=100
113,460,113Pd,  ,-83590       ,   7       ,            ,           ,  , , ,  93     , s, 5      ,(5/2+)        ,10,1954, B-=100
113,461,113Pd,m ,-83509       ,   7       ,   81.1     ,   0.3     ,  , , , 300     ,ms, 100    ,(9/2-)        ,10,1993, IT=100
113,470,113Ag,  ,-87027       ,  17       ,            ,           ,  , , ,   5.37  , h, 0.05   ,1/2-*         ,10,1949, B-=100
113,471,113Ag,m ,-86984       ,  17       ,   43.50    ,   0.10    ,  , , ,  68.7   , s, 1.6    ,7/2+          ,10,1958, IT=64 7;B-=36 7
113,480,113Cd,  ,-89043.29    ,   0.24    ,            ,           ,  , , ,   8.04  ,Py, 0.05   ,1/2+*         ,10,1925, IS=12.227 7;B-=100
113,481,113Cd,m ,-88779.75    ,   0.24    ,  263.54    ,   0.03    ,  , , ,  13.89  , y, 0.11   ,11/2-*        ,10,1965, B-=99.9036 19;IT=0.0964 19
113,490,113In,  ,-89367.12    ,   0.19    ,            ,           ,  , , , stbl    ,  ,        ,9/2+*         ,10,1934, IS=4.281 52
113,491,113In,m ,-88975.42    ,   0.19    ,  391.699   ,   0.003   ,  , , ,   1.6579, h, 0.0004 ,1/2-*         ,10,1939, IT=100
113,500,113Sn,  ,-88328.1     ,   1.6     ,            ,           ,  , , , 115.08  , d, 0.04   ,1/2+*         ,10,1939, B+=100
113,501,113Sn,m ,-88250.7     ,   1.6     ,   77.389   ,   0.019   ,  , , ,  21.4   , m, 0.4    ,7/2+*         ,10,1961, IT=91.1 23;B+=8.9 23
113,510,113Sb,  ,-84417       ,  17       ,            ,           ,  , , ,   6.67  , m, 0.07   ,5/2+          ,10,1958, B+=100
113,520,113Te,  ,-78347       ,  28       ,            ,           ,  , , ,   1.7   , m, 0.2    ,(7/2+)        ,10,1974, B+=100
113,530,113I ,  ,-71120       ,   8       ,            ,           ,  , , ,   6.6   , s, 0.2    ,5/2+#         ,10,1977, B+=100;A=3.310e-5#;B+A ?
113,540,113Xe,  ,-62204       ,   7       ,            ,           ,  , , ,   2.74  , s, 0.08   ,5/2+#         ,10,1973, B+~100;A=?;B+p=7 4;B+A~0.007 4
113,541,113Xe,m ,-61800       ,   7       ,  403.6     ,   1.4     ,  , , ,   6.9   ,us, 0.3    ,(11/2-)       ,,2013, IT=100
113,550,113Cs,  ,-51765       ,   9       ,            ,           ,  , , ,  16.94  ,us, 0.09   ,(3/2+)        ,15,1984, p=100
113,560,113Ba,  ,-39710#      , 300#      ,            ,           ,  , , ,  30#    ,ms,        ,5/2+#         ,,, p ?;A ?
114,410,114Nb,  ,-34960#      , 500#      ,            ,           ,  , , ,  17     ,ms, 5      ,2-#           ,15,2010, B-=100;B-n ?;B-2n ?
114,420,114Mo,  ,-49680#      , 300#      ,            ,           ,  , , ,  58     ,ms, 2      ,0+            ,15,1997, B-=100;B-n ?
114,430,114Tc,  ,-58600       , 430       ,            ,           ,  ,*, , 121     ,ms, 9      ,5+#           ,12,1994, B-=100;B-n=1.3 4
114,431,114Tc,m ,-58437       ,  13       ,  160       , 430       ,MD,*, ,  90     ,ms, 20     ,1+#           ,12,2011, B-~100;IT ?;B-n=1.3 4
114,440,114Ru,  ,-70221       ,   4       ,            ,           ,  , , , 540     ,ms, 30     ,0+            ,12,1991, B-=100;B-n ?;B-2n ?
114,450,114Rh,  ,-75710       ,  70       ,            ,           ,  ,*, ,   1.85  , s, 0.05   ,1+            ,12,1988, B-=100
114,451,114Rh,m ,-75510#      , 170#      ,  200#      , 150#      ,  ,*, ,   1.85  , s, 0.05   ,(7-)          ,12,1987, B-=100
114,460,114Pd,  ,-83490       ,   7       ,            ,           ,  , , ,   2.42  , m, 0.06   ,0+            ,12,1958, B-=100
114,470,114Ag,  ,-84931       ,   5       ,            ,           ,  , , ,   4.6   , s, 0.1    ,1+            ,12,1958, B-=100
114,471,114Ag,m ,-84732       ,   5       ,  198.9     ,   1.0     ,  , , ,   1.50  ,ms, 0.05   ,(6+)          ,12,1990, IT=100
114,480,114Cd,  ,-90014.93    ,   0.28    ,            ,           ,  , , , stbl    ,  , >92Py  ,0+            ,12,1925, IS=28.754 81;2B- ?
114,490,114In,  ,-88569.8     ,   0.3     ,            ,           ,  , , ,  71.9   , s, 0.1    ,1+            ,12,1937, B-=99.50 15;B+=0.50 15
114,491,114In,m ,-88379.5     ,   0.3     ,  190.2682  ,   0.0008  ,  , , ,  49.51  , d, 0.01   ,5+*           ,12,1939, IT=96.75 24;B+=3.25 24
114,492,114In,n ,-88067.9     ,   0.3     ,  501.948   ,   0.003   ,  , , ,  43.1   ,ms, 0.6    ,8-            ,12,1958," IT=100[gs=0,m=100]"
114,500,114Sn,  ,-90559.735   ,   0.029   ,            ,           ,  , , , stbl    ,  ,        ,0+            ,12,1927, IS=0.66 1
114,501,114Sn,m ,-87472.37    ,   0.08    , 3087.37    ,   0.07    ,  , , , 733     ,ns, 14     ,7-            ,12,1980, IT=100
114,510,114Sb,  ,-84497       ,  20       ,            ,           ,  , , ,   3.49  , m, 0.03   ,3+            ,12,1959, B+=100
114,511,114Sb,m ,-84002       ,  20       ,  495.5     ,   0.7     ,  , , , 219     ,us, 12     ,(8-)          ,12,1973, IT=100
114,520,114Te,  ,-81890       ,  24       ,            ,           ,  , , ,  15.2   , m, 0.7    ,0+            ,12,1968, B+=100
114,530,114I ,  ,-72639       ,  20       ,            ,           ,  , , ,   2.01  , s, 0.15   ,1+            ,12,1977, B+=100;B+p ?;A~7.7e-9#
114,531,114I ,m ,-72373       ,  20       ,  265.9     ,   0.5     ,  , , ,   6.2   , s, 0.5    ,(7-)          ,12,1995, B+= ?;IT= ?
114,540,114Xe,  ,-67086       ,  11       ,            ,           ,  , , ,  10.0   , s, 0.4    ,0+            ,12,1977, B+=100
114,550,114Cs,  ,-54690       ,  90       ,            ,           ,  , , , 570     ,ms, 20     ,(1+)          ,12,1978, B+~100;A=0.018 6;B+p=8.7 13;B+A=0.19 3
114,560,114Ba,  ,-45910       , 100       ,            ,           ,  , , , 460     ,ms, 125    ,0+            ,12,1995, B+~100;B+p=20 10;A=0.9 3;12C<0.0034
115,410,115Nb,  ,-30880#      , 500#      ,            ,           ,  , , ,  23     ,ms, 8      ,3/2-#         ,15,2010, B-=100;B-n ?;B-2n ?
115,420,115Mo,  ,-44550#      , 400#      ,            ,           ,  , , ,  45.5   ,ms, 2.0    ,3/2+#         ,15,2010, B-=100;B-n ?;B-2n ?
115,430,115Tc,  ,-55800#      , 200#      ,            ,           ,  , , ,  78     ,ms, 2      ,5/2+#         ,15,1994, B-=100;B-n ?
115,440,115Ru,  ,-66105       ,  25       ,            ,           ,  , , , 318     ,ms, 19     ,(1/2+)        ,12,1992, B-=100;B-n ?
115,441,115Ru,m ,-66110       ,  90       ,   82       ,  6        ,  , , ,  76     ,ms, 6      ,(7/2-)        ,12,2010, IT= ?;B-= ?
115,450,115Rh,  ,-74229       ,   7       ,            ,           ,  , , ,   1.03  , s, 3      ,(7/2+)        ,12,1988, B-=100;B-n ?
115,460,115Pd,  ,-80426       ,  14       ,            ,           ,  , , ,  25     , s, 2      ,(1/2)+        ,12,1958, B-=100
115,461,115Pd,m ,-80337       ,  14       ,   89.21    ,   0.16    ,  , , ,  50     , s, 3      ,(7/2-)        ,12,1987, B-=92.0 20;IT=8.0 20
115,470,115Ag,  ,-84983       ,  18       ,            ,           ,  , , ,  20.0   , m, 0.5    ,1/2-          ,12,1949, B-=100
115,471,115Ag,m ,-84942       ,  18       ,   41.16    ,   0.10    ,  , , ,  18.0   , s, 0.7    ,7/2+          ,12,1958, B-=79.0 3;IT=21.0 3
115,480,115Cd,  ,-88084.5     ,   0.7     ,            ,           ,  , , ,  53.46  , h, 0.05   ,1/2+*         ,12,1939, B-=100
115,481,115Cd,m ,-87903.5     ,   0.9     ,  181.0     ,   0.5     ,  , , ,  44.56  , d, 0.24   ,11/2-*        ,12,1959, B-~100;IT ?
115,490,115In,  ,-89536.357   ,   0.012   ,            ,           ,  , , , 441     ,Ty, 25     ,9/2+*         ,12,1924, IS=95.719 52;B-=100
115,491,115In,m ,-89200.113   ,   0.021   ,  336.244   ,   0.017   ,  , , ,   4.486 , h, 0.004  ,1/2-*         ,12,1961, IT=95.0 7;B-=5.0 7
115,500,115Sn,  ,-90033.846   ,   0.015   ,            ,           ,  , , , stbl    ,  ,        ,1/2+*         ,12,1927, IS=0.34 1
115,501,115Sn,m ,-89421.04    ,   0.04    ,  612.81    ,   0.04    ,  , , ,   3.26  ,us, 0.08   ,7/2+          ,12,1967, IT=100
115,502,115Sn,n ,-89320.21    ,   0.12    ,  713.64    ,   0.12    ,  , , , 159     ,us, 1      ,11/2-         ,12,1958, IT=100
115,510,115Sb,  ,-87003       ,  16       ,            ,           ,  , , ,  32.1   , m, 0.3    ,5/2+          ,12,1958, B+=100
115,511,115Sb,m ,-84207       ,  16       , 2796.26    ,   0.09    ,  , , , 159     ,ns, 3      ,(19/2)-       ,12,1977, IT=100
115,520,115Te,  ,-82063       ,  28       ,            ,           ,  ,*, ,   5.8   , m, 0.2    ,7/2+          ,12,1961, B+=100
115,521,115Te,m ,-82053       ,  30       ,   10       ,  6        ,  ,*, ,   6.7   , m, 0.4    ,(1/2+)        ,12,1974, B+~100;IT ?
115,522,115Te,n ,-81783       ,  28       ,  280.05    ,   0.20    ,  , , ,   7.5   ,us, 0.2    ,11/2-         ,12,1972, IT=100
115,530,115I ,  ,-76338       ,  29       ,            ,           ,  , , ,   1.3   , m, 0.2    ,5/2+#         ,12,1969, B+=100
115,540,115Xe,  ,-68657       ,  12       ,            ,           ,  , , ,  18     , s, 3      ,(5/2+)        ,12,1969, B+=100;B+p=0.34 6
115,550,115Cs,  ,-59700#      , 100#      ,            ,           ,  , , ,   1.4   , s, 0.8    ,9/2+#         ,12,1978, B+=100;B+p~0.07
115,560,115Ba,  ,-48920#      , 200#      ,            ,           ,  , , , 450     ,ms, 50     ,5/2+#         ,12,1997, B+=100;B+p>15
116,410,116Nb,  ,-25230#      , 300#      ,            ,           ,  , , ,  12#    ,ms, >550ns ,1-#           ,,2018, B- ?;B-n ?;B-2n ?
116,420,116Mo,  ,-41210#      , 500#      ,            ,           ,  , , ,  32     ,ms, 4      ,0+            ,15,2010, B-=100;B-n ?;B-2n ?
116,430,116Tc,  ,-51210#      , 300#      ,            ,           ,  , , ,  57     ,ms, 3      ,2+#           ,15,1997, B-=100;B-n ?;B-2n ?
116,440,116Ru,  ,-64069       ,   4       ,            ,           ,  , , , 204     ,ms, 6      ,0+            ,15,1994, B-=100;B-n ?
116,450,116Rh,  ,-70740       ,  70       ,            ,           ,  ,*, , 685     ,ms, 39     ,1+            ,10,1970, B-=100;B-n<2.1
116,451,116Rh,m ,-70540#      , 170#      ,  200#      , 150#      ,  ,*, , 570     ,ms, 50     ,(6-)          ,10,1987, B-=100;B-n<2.1
116,460,116Pd,  ,-79831       ,   7       ,            ,           ,  , , ,  11.8   , s, 0.4    ,0+            ,10,1970, B-=100
116,470,116Ag,  ,-82543       ,   3       ,            ,           ,  , , ,   3.83  , m, 0.08   ,(0-)          ,10,1958, B-=100
116,471,116Ag,m ,-82495       ,   3       ,   47.90    ,   0.10    ,  , , ,  20     , s, 1      ,(3+)          ,10,2005, B-=93 4;IT=7 4
116,472,116Ag,n ,-82413       ,   3       ,  129.80    ,   0.22    ,  , , ,   9.3   , s, 0.3    ,(6-)          ,10,1970, B-=92 4;IT=8 4
116,480,116Cd,  ,-88712.49    ,   0.16    ,            ,           ,  , , ,  26.9   ,Ey, 0.9    ,0+            ,10,1925, IS=7.512 54;2B-=100
116,490,116In,  ,-88249.76    ,   0.22    ,            ,           ,  , , ,  14.10  , s, 0.03   ,1+            ,10,1937, B-~100;EC=0.0237 43
116,491,116In,m ,-88122.49    ,   0.22    ,  127.267   ,   0.006   ,  , , ,  54.29  , m, 0.17   ,5+*           ,10,1945, B-=100
116,492,116In,n ,-87960.10    ,   0.22    ,  289.660   ,   0.006   ,  , , ,   2.18  , s, 0.04   ,8-*           ,10,1950," IT=100[gs=0,m=100]"
116,500,116Sn,  ,-91525.98    ,   0.10    ,            ,           ,  , , , stbl    ,  ,        ,0+            ,10,1922, IS=14.54 9
116,501,116Sn,m ,-89160.00    ,   0.10    , 2365.975   ,   0.021   ,  , , , 348     ,ns, 19     ,5-            ,10,1964, IT=100
116,502,116Sn,n ,-87978.82    ,   0.20    , 3547.16    ,   0.17    ,  , , , 833     ,ns, 30     ,10+           ,10,1978, IT=100
116,510,116Sb,  ,-86822       ,   5       ,            ,           ,  , , ,  15.8   , m, 0.8    ,3+*           ,10,1949, B+=100
116,511,116Sb,m ,-86728       ,   5       ,   93.99    ,   0.05    ,  , , , 194     ,ns, 4      ,1+            ,10,1976, IT=100
116,512,116Sb,n ,-86440       ,  40       ,  390       ,  40       ,BD, , ,  60.3   , m, 0.6    ,8-*           ,10,1949, B+=100
116,520,116Te,  ,-85264       ,  24       ,            ,           ,  , , ,   2.49  , h, 0.04   ,0+            ,10,1958, B+=100
116,530,116I ,  ,-77420       ,  80       ,            ,           ,  , , ,   2.91  , s, 0.15   ,1+            ,10,1976, B+=100
116,531,116I ,m ,-76990       ,  80       ,  430.4     ,   0.5     ,  , , ,   3.27  ,us, 0.16   ,(7-)          ,10,1990, IT=100
116,540,116Xe,  ,-73047       ,  13       ,            ,           ,  , , ,  59     , s, 2      ,0+            ,10,1969, B+=100
116,550,116Cs,  ,-62040#      , 100#      ,            ,           ,  ,*, , 700     ,ms, 40     ,(1+)          ,10,1975, B+=100;B+p=0.28 7;B+A=0.049 25
116,551,116Cs,m ,-61940#      , 120#      ,  100#      ,  60#      ,  ,*, ,   3.85  , s, 0.13   ,(7+)          ,10,1975, B+=100;B+p=0.44 7;B+A=0.0034 23
116,560,116Ba,  ,-54380#      , 200#      ,            ,           ,  , , ,   1.3   , s, 0.2    ,0+            ,10,1997, B+=100;B+p=3 1
116,570,116La,  ,-40050#      , 320#      ,            ,           ,  , , ,  10#    ,ms,        ,              ,10,, B+ ?;B+p ?;p ?
117,420,117Mo,  ,-35690#      , 500#      ,            ,           ,  , , ,  22     ,ms, 5      ,3/2+#         ,15,2010, B-=100;B-n ?;B-2n ?
117,430,117Tc,  ,-48140#      , 400#      ,            ,           ,  , , ,  44.5   ,ms, 3.0    ,5/2+#         ,15,1997, B-=100;B-n ?;B-2n ?
117,440,117Ru,  ,-59490       , 430       ,            ,           ,  , , , 151     ,ms, 3      ,3/2+#         ,15,1994, B-=100;B-n ?
117,441,117Ru,m ,-59310       , 430       ,  185.0     ,   0.4     ,  , , ,   2.49  ,us, 0.06   ,7/2-#         ,15,2012, IT=100
117,450,117Rh,  ,-68897       ,   9       ,            ,           ,  , , , 421     ,ms, 30     ,7/2+#         ,11,1991, B-=100;B-n<7.6
117,451,117Rh,m ,-68576       ,   9       ,  321.2     ,   1.0     ,  , , , 138     ,ns, 17     ,3/2+#         ,,2013, IT=100
117,460,117Pd,  ,-76424       ,   7       ,            ,           ,  , , ,   4.3   , s, 0.3    ,(3/2+)        ,11,1968, B-=100
117,461,117Pd,m ,-76221       ,   7       ,  203.3     ,   0.3     ,  , , ,  19.1   ,ms, 0.7    ,(9/2-)        ,11,1990, IT=100
117,470,117Ag,  ,-82182       ,  14       ,            ,           ,  , , ,  73.6   , s, 1.4    ,1/2-#         ,11,1958, B-=100
117,471,117Ag,m ,-82153       ,  14       ,   28.6     ,   0.2     ,  , , ,   5.34  , s, 0.05   ,7/2+#         ,11,1990, B-=94.0 15;IT=6.0 15
117,480,117Cd,  ,-86418.4     ,   1.0     ,            ,           ,  , , ,   2.503 , h, 0.005  ,1/2+*         ,11,1939, B-=100
117,481,117Cd,m ,-86282.0     ,   1.0     ,  136.4     ,   0.2     ,  , , ,   3.441 , h, 0.009  ,11/2-*        ,11,1966, B-=100
117,490,117In,  ,-88943       ,   5       ,            ,           ,  , , ,  43.2   , m, 0.3    ,9/2+*         ,11,1937, B-=100
117,491,117In,m ,-88628       ,   5       ,  315.303   ,   0.011   ,  , , , 116.2   , m, 0.3    ,1/2-*         ,11,1940, B-=52.9 15;IT=47.1 15
117,500,117Sn,  ,-90397.7     ,   0.5     ,            ,           ,  , , , stbl    ,  ,        ,1/2+*         ,11,1923, IS=7.68 7
117,501,117Sn,m ,-90083.1     ,   0.5     ,  314.58    ,   0.04    ,  , , ,  13.939 , d, 0.024  ,11/2-*        ,12,1950, IT=100
117,502,117Sn,n ,-87991.3     ,   0.6     , 2406.4     ,   0.4     ,  , , ,   1.75  ,us, 0.07   ,(19/2+)       ,11,1979, IT=100
117,510,117Sb,  ,-88640       ,   8       ,            ,           ,  , , ,   2.97  , h, 0.02   ,5/2+*         ,11,1947, B+=100
117,511,117Sb,m ,-85509       ,   8       , 3130.76    ,   0.19    ,  , , , 355     ,us, 17     ,(25/2)+       ,11,1970, IT=100
117,512,117Sb,n ,-85409       ,   8       , 3230.7     ,   0.2     ,  , , , 290     ,ns, 5      ,(23/2-)       ,11,1987, IT=100
117,520,117Te,  ,-85096       ,  13       ,            ,           ,  , , ,  62     , m, 2      ,1/2+*         ,11,1958, B+=100;EC=75 1;e+=25 1
117,521,117Te,m ,-84800       ,  13       ,  296.1     ,   0.5     ,  , , , 103     ,ms, 3      ,(11/2-)       ,11,1963, IT=100
117,530,117I ,  ,-80439       ,  26       ,            ,           ,  , , ,   2.22  , m, 0.04   ,(5/2)+        ,11,1969, B+=100;e+~77
117,540,117Xe,  ,-74185       ,  10       ,            ,           ,  , , ,  61     , s, 2      ,5/2+*         ,11,1969, B+=100;B+p=0.0029 6
117,550,117Cs,  ,-66490       ,  60       ,            ,           ,  ,*, ,   8.4   , s, 0.6    ,9/2+#         ,11,1972, B+=100
117,551,117Cs,m ,-66340#      , 100#      ,  150#      ,  80#      ,  ,*, ,   6.5   , s, 0.4    ,3/2+#         ,11,1978, B+=100
117,560,117Ba,  ,-57460       , 250       ,            ,           ,  , , ,   1.75  , s, 0.07   ,(3/2+)        ,11,1977, B+=100;B+p=13 3;B+A=0.024 8
117,570,117La,  ,-46270#      , 200#      ,            ,           ,  , , ,  21.7   ,ms, 1.8    ,(3/2+)        ,11,2001, p~100;B+ ?;B+p ?
117,571,117La,m ,             ,           , non-exist  ,           ,RN, , ,  10     ,ms, 5      ,(9/2+)        ,11,, 
118,420,118Mo,  ,-32370#      , 500#      ,            ,           ,  , , ,  21     ,ms, 6      ,0+            ,15,2015, B-=100;B-n ?;B-2n ?
118,430,118Tc,  ,-43290#      , 400#      ,            ,           ,  , , ,  30     ,ms, 4      ,2+#           ,15,2010, B-=100;B-n ?;B-2n ?
118,440,118Ru,  ,-57000#      , 200#      ,            ,           ,  , , ,  99     ,ms, 3      ,0+            ,15,1994, B-=100;B-n ?
118,450,118Rh,  ,-64887       ,  24       ,            ,           ,  ,*, , 282     ,ms, 9      ,1+#           ,6,1994, B-=100;B-n=3.1 14
118,451,118Rh,m ,-64690#      , 150#      ,  200#      , 150#      ,  ,*, , 310     ,ms, 30     ,6-#           ,6,1994, B-~100;IT ?;B-n=3.1 14
118,460,118Pd,  ,-75388.4     ,   2.5     ,            ,           ,  , , ,   1.9   , s, 0.1    ,0+            ,6,1969, B-=100
118,470,118Ag,  ,-79553.8     ,   2.5     ,            ,           ,  , , ,   3.76  , s, 0.15   ,(2-)          ,95,1967, B-=100
118,471,118Ag,m ,-79508.0     ,   2.5     ,   45.79    ,   0.09    ,  , , ,  ~0.1   ,us,        ,"(1,2)-        ",95,1989, IT=100
118,472,118Ag,n ,-79426.2     ,   2.5     ,  127.63    ,   0.10    ,  , , ,   2.0   , s, 0.2    ,(5+)          ,95,1971, B-=59 3;IT=41 3
118,473,118Ag,p ,-79274.4     ,   2.5     ,  279.37    ,   0.20    ,  , , ,  ~0.1   ,us,        ,(3+)          ,95,1989, IT=100
118,480,118Cd,  ,-86702       ,  20       ,            ,           ,  , , ,  50.3   , m, 0.2    ,0+            ,95,1961, B-=100
118,490,118In,  ,-87228       ,   8       ,            ,           ,  ,*, ,   5.0   , s, 0.5    ,1+            ,95,1949, B-=100
118,491,118In,m ,-87130#      ,  50#      ,  100#      ,  50#      ,  ,*, ,   4.364 , m, 0.007  ,5+*           ,95,1964, B-=100
118,492,118In,n ,-86990#      ,  50#      ,  240#      ,  50#      ,  , , ,   8.5   , s, 0.3    ,8-*           ,95,1969," IT=98.6 3[gs=0,m=98.6];B-=1.4 3"
118,500,118Sn,  ,-91652.8     ,   0.5     ,            ,           ,  , , , stbl    ,  ,        ,0+            ,95,1924, IS=24.22 9
118,501,118Sn,m ,-89077.9     ,   0.5     , 2574.91    ,   0.04    ,  , , , 230     ,ns, 10     ,7-            ,95,1961, IT=100
118,502,118Sn,n ,-88544.7     ,   0.5     , 3108.06    ,   0.22    ,  , , ,   2.52  ,us, 0.06   ,(10+)         ,95,1973, IT=100
118,510,118Sb,  ,-87996       ,   3       ,            ,           ,  , , ,   3.6   , m, 0.1    ,1+*           ,95,1947, B+=100
118,511,118Sb,m ,-87945       ,   3       ,   50.814   ,   0.021   ,  , , ,  20.6   ,us, 0.6    ,3+            ,95,1975, IT=100
118,512,118Sb,n ,-87746       ,   5       ,  250       ,   6       ,BD, , ,   5.01  , h, 0.03   ,8-*           ,95,1947, B+=100
118,520,118Te,  ,-87691       ,  18       ,            ,           ,  , , ,   6.00  , d, 0.02   ,0+            ,95,1948, EC=100
118,530,118I ,  ,-80971       ,  20       ,            ,           ,  , , ,  13.7   , m, 0.5    ,(2-)          ,95,1957, B+=100
118,531,118I ,m ,-80782       ,  20       ,  188.8     ,   0.7     ,  , , ,   8.5   , m, 0.5    ,(7-)          ,95,1968, B+~100;IT ?
118,540,118Xe,  ,-78079       ,  10       ,            ,           ,  , , ,   3.8   , m, 0.9    ,0+            ,95,1965, B+=100
118,550,118Cs,  ,-68409       ,  13       ,            ,           ,  ,*, ,  14     , s, 2      ,2+*           ,95,1969, B+=100;B+p=0.021 14;B+A=0.0012 5
118,551,118Cs,m ,-68310#      ,  60#      ,  100#      ,  60#      ,  ,*, ,  17     , s, 3      ,(7-)          ,95,1972, B+=100;B+p=0.021 14;B+A=0.0012 5
118,560,118Ba,  ,-62200#      , 200#      ,            ,           ,  , , ,   5.2   , s, 0.2    ,0+            ,6,1997, B+=100
118,570,118La,  ,-49620#      , 300#      ,            ,           ,  , , , 200#    ,ms,        ,1-#           ,,, B+ ?;B+p ?
119,420,119Mo,  ,-26580#      , 300#      ,            ,           ,  , , ,  12#    ,ms, >550ns ,3/2+#         ,,2018, B- ?;B-n ?;B-2n ?
119,430,119Tc,  ,-40170#      , 500#      ,            ,           ,  , , ,  22     ,ms, 3      ,5/2+#         ,15,2010, B-=100;B-n ?;B-2n ?
119,440,119Ru,  ,-52080#      , 300#      ,            ,           ,  , , ,  69.5   ,ms, 2.0    ,3/2+#         ,15,1997, B-=100;B-n ?;B-2n ?
119,441,119Ru,m ,-51850#      , 300#      ,  227.1     ,   0.7     ,  , , , 384     ,ns, 22     ,              ,15,2012, IT=100
119,450,119Rh,  ,-62823       ,   9       ,            ,           ,  , , , 190     ,ms, 6      ,7/2+#         ,9,1994, B-=100;B-n=6.4 16
119,460,119Pd,  ,-71407       ,   8       ,            ,           ,  , , , 920     ,ms, 80     ,3/2+#         ,9,1991, B-=100;B-n ?
119,461,119Pd,m ,-71110#      , 150#      ,  300#      , 150#      ,  , , ,   3#    ,ms,        ,11/2-#        ,,, IT ?;B- ?
119,470,119Ag,  ,-78646       ,  15       ,            ,           ,  ,*,&,   6.0   , s, 0.5    ,1/2-#         ,9,1975, B-=100
119,471,119Ag,m ,-78626#      ,  25#      ,   20#      ,  20#      ,  ,*,&,   2.1   , s, 0.1    ,7/2+#         ,9,1975, B-=100
119,480,119Cd,  ,-83980       ,  40       ,            ,           ,  , , ,   2.69  , m, 0.02   ,1/2+*         ,9,1961, B-=100
119,481,119Cd,m ,-83830       ,  40       ,  146.54    ,   0.11    ,  , , ,   2.20  , m, 0.02   ,11/2-*        ,9,1974, B-=100
119,490,119In,  ,-87699       ,   7       ,            ,           ,  , , ,   2.4   , m, 0.1    ,9/2+*         ,9,1949, B-=100
119,491,119In,m ,-87388       ,   7       ,  311.37    ,   0.03    ,  , , ,  18.0   , m, 0.3    ,1/2-*         ,9,1973, B-=97.4 4;IT=2.6 4
119,492,119In,n ,-87045       ,   7       ,  654.27    ,   0.07    ,  , , , 130     ,ns, 15     ,(3/2)+        ,9,1974, IT=100
119,493,119In,p ,-85042       ,   7       , 2656.9     ,   1.8     ,  , , , 265     ,ns, 10     ,(25/2+)       ,9,2002, IT=100
119,500,119Sn,  ,-90065.0     ,   0.7     ,            ,           ,  , , , stbl    ,  ,        ,1/2+*         ,9,1925, IS=8.59 4
119,501,119Sn,m ,-89975.5     ,   0.7     ,   89.531   ,   0.013   ,  , , , 293.1   , d, 0.7    ,11/2-*        ,9,1950, IT=100
119,502,119Sn,n ,-87938.0     ,   1.2     , 2127.0     ,   1.0     ,  , , ,   9.6   ,us, 1.2    ,(19/2+)       ,9,1992, IT=100
119,503,119Sn,p ,-87696.0     ,   0.8     , 2369.0     ,   0.3     ,  , , ,  96     ,ns, 9      ,23/2+         ,,2016, IT=100
119,510,119Sb,  ,-89476       ,   7       ,            ,           ,  , , ,  38.19  , h, 0.22   ,5/2+*         ,9,1947, EC=100
119,511,119Sb,m ,-86922       ,   7       , 2553.6     ,   0.3     ,  , , , 130     ,ns, 3      ,19/2-         ,9,1991, IT=100
119,512,119Sb,n ,-86634       ,   7       , 2841.7     ,   0.4     ,  , , , 835     ,ms, 81     ,25/2+         ,9,1979, IT=100
119,520,119Te,  ,-87183       ,   7       ,            ,           ,  , , ,  16.05  , h, 0.05   ,1/2+*         ,9,1948, B+=100;EC=97.94 5;e+=2.06 5
119,521,119Te,m ,-86922       ,   7       ,  260.96    ,   0.05    ,  , , ,   4.70  , d, 0.04   ,11/2-*        ,9,1960, B+=100;EC=99.59 4;e+=0.41 4
119,530,119I ,  ,-83778       ,  22       ,            ,           ,  , , ,  19.1   , m, 0.4    ,5/2+          ,9,1954, B+=100;e+=51 4;EC=49 4
119,540,119Xe,  ,-78794       ,  10       ,            ,           ,  , , ,   5.8   , m, 0.3    ,5/2+*         ,9,1965, B+=100;e+=79 5;EC=21 5
119,550,119Cs,  ,-72305       ,  14       ,            ,           ,  ,*, ,  43.0   , s, 0.2    ,9/2+*         ,9,1969, B+=100;B+A<2e-6
119,551,119Cs,m ,-72260#      ,  30#      ,   50#      ,  30#      ,  ,*, ,  30.4   , s, 0.1    ,3/2+*         ,9,1978, B+=100
119,560,119Ba,  ,-64590       , 200       ,            ,           ,  , , ,   5.4   , s, 0.3    ,(5/2+)        ,9,1974, B+=100;B+p=25 2
119,570,119La,  ,-55020#      , 300#      ,            ,           ,  , , ,   1#    , s,        ,11/2-#        ,,, B+ ?
119,580,119Ce,  ,-43820#      , 500#      ,            ,           ,  , , , 200#    ,ms,        ,5/2+#         ,,, B+ ?;B+p ?
120,430,120Tc,  ,-35000#      , 500#      ,            ,           ,  , , ,  21     ,ms, 5      ,3+#           ,17,2010, B-=100;B-n ?;B-2n ?
120,440,120Ru,  ,-49720#      , 400#      ,            ,           ,  , , ,  45     ,ms, 2      ,0+            ,17,2010, B-=100;B-n ?
120,450,120Rh,  ,-58620#      , 200#      ,            ,           ,  , , , 129.6   ,ms, 4.2    ,8-#           ,17,1994, B-=100;B-n<9.3;B-2n ?
120,451,120Rh,m ,-58460#      , 200#      ,  157.2     ,   0.7     ,  , , , 295     ,ns, 16     ,6#            ,17,2012, IT=100
120,460,120Pd,  ,-70279.6     ,   2.3     ,            ,           ,  , , , 492     ,ms, 33     ,0+            ,17,1993, B-=100;B-n<0.7
120,470,120Ag,  ,-75652       ,   4       ,            ,           ,  ,*, ,   1.52  , s, 0.07   ,4(+)          ,2,1971, B-=100;B-n<0.003
120,471,120Ag,m ,-75650#      ,  50#      ,    0#      ,  50#      ,  ,*, , 940     ,ms, 100    ,"(0-,1-)       ",,2012, B-=?;IT ?;B-n ?
120,472,120Ag,n ,-75449       ,   4       ,  203.2     ,   0.2     ,  , , , 384     ,ms, 22     ,7(-)          ,2,1971, IT=68 10;B-=32 10;B-n ?
120,480,120Cd,  ,-83957       ,   4       ,            ,           ,  , , ,  50.80  , s, 0.21   ,0+            ,2,1973, B-=100
120,490,120In,  ,-85730       ,  40       ,            ,           ,  ,*, ,   3.08  , s, 0.08   ,1+            ,2,1958, B-=100
120,491,120In,m ,-85680#      ,  50#      ,   50#      ,  60#      ,  ,*,&,  46.2   , s, 0.8    ,5+*           ,2,1960, B-=100
120,492,120In,n ,-85430#      , 200#      ,  300#      , 200#      ,  ,*,&,  47.3   , s, 0.5    ,8-*           ,2,1960, B-=100
120,500,120Sn,  ,-91097.7     ,   0.9     ,            ,           ,  , , , stbl    ,  ,        ,0+            ,2,1926, IS=32.58 9
120,501,120Sn,m ,-88616.1     ,   0.9     , 2481.63    ,   0.06    ,  , , ,  11.8   ,us, 0.5    ,7-            ,2,1960, IT=100
120,502,120Sn,n ,-88195.5     ,   0.9     , 2902.22    ,   0.22    ,  , , ,   6.26  ,us, 0.11   ,10+           ,2,1987, IT=100
120,510,120Sb,  ,-88417       ,   7       ,            ,           ,  ,*, ,  15.89  , m, 0.04   ,1+*           ,2,1937, B+=100
120,511,120Sb,m ,-88420#      , 100#      ,    0#      , 100#      ,  ,*, ,   5.76  , d, 0.02   ,8-*           ,2,1958, B+=100
120,512,120Sb,n ,-88339       ,   7       ,   78.16    ,   0.05    ,  , , , 246     ,ns, 2      ,(3+)          ,2,1976, IT=100
120,513,120Sb,p ,-86090#      , 100#      , 2328#      , 100#      ,  , , , 400     ,ns, 8      ,13+           ,2,1983, IT=100
120,520,120Te,  ,-89362.2     ,   1.8     ,            ,           ,  , , , stbl    ,  , >1.6Zy ,0+            ,2,1936, IS=0.09 1;2B+ ?
120,530,120I ,  ,-83747       ,  15       ,            ,           ,  , , ,  81.67  , m, 0.18   ,2-            ,2,1957, B+=100
120,531,120I ,m ,-83674       ,  15       ,   72.61    ,   0.09    ,  , , , 242     ,ns, 5      ,3+            ,2,1974, IT=100
120,532,120I ,n ,-83430       , 150       ,  320       , 150       ,BD, , ,  53     , m, 4      ,(7-)          ,2,1967, B+=100
120,540,120Xe,  ,-82172       ,  12       ,            ,           ,  , , ,  46.0   , m, 0.6    ,0+            ,2,1965, B+=100
120,550,120Cs,  ,-73889       ,  10       ,            ,           ,  ,*, ,  60.4   , s, 0.6    ,2+*           ,2,1969, B+=100;B+A<2.0e-5 4;B+p<7e-6 3
120,551,120Cs,m ,-73790#      ,  60#      ,  100#      ,  60#      ,  ,*, ,  57     , s, 6      ,(7-)          ,2,1977, B+=100;B+A<2.0e-5 4;B+p<7e-6 3
120,560,120Ba,  ,-68890       , 300       ,            ,           ,  , , ,  24     , s, 2      ,0+            ,2,1974, B+=100
120,570,120La,  ,-57570#      , 300#      ,            ,           ,  , , ,   2.8   , s, 0.2    ,1-#           ,2,1984, B+=100;B+p=?
120,580,120Ce,  ,-49730#      , 500#      ,            ,           ,  , , , 250#    ,ms,        ,0+            ,,, B+ ?;B+p ?
121,430,121Tc,  ,-31540#      , 500#      ,            ,           ,  , , ,  22     ,ms, 6      ,5/2+#         ,15,2015, B-=100;B-n ?;B-2n ?
121,440,121Ru,  ,-44620#      , 400#      ,            ,           ,  , , ,  29     ,ms, 2      ,3/2+#         ,15,2010, B-=100;B-n ?;B-2n ?
121,450,121Rh,  ,-56250       , 620       ,            ,           ,  , , ,  74     ,ms, 4      ,7/2+#         ,10,1994, B-=100;B-n>11
121,460,121Pd,  ,-66182       ,   3       ,            ,           ,  , , , 290     ,ms, 1      ,3/2+#         ,10,1994, B-=100;B-n<0.8
121,461,121Pd,m ,-66047       ,   3       ,  135.5     ,   0.5     ,  , , , 460     ,ns, 90     ,7/2+#         ,10,2007, IT=100
121,462,121Pd,n ,-66022       ,  14       ,  160       ,  14       ,  , , , 460     ,ns, 90     ,11/2-#        ,,2007, IT=100
121,470,121Ag,  ,-74403       ,  12       ,            ,           ,  ,*, , 777     ,ms, 10     ,7/2+#         ,10,1982, B-=100;B-n=0.080 13
121,471,121Ag,m ,-74383#      ,  23#      ,   20#      ,  20#      ,  ,*, , 200#    ,ms,        ,1/2-#         ,,, B- ?;IT ?;B-n ?
121,480,121Cd,  ,-81073.8     ,   1.9     ,            ,           ,  , , ,  13.5   , s, 0.3    ,3/2+*         ,10,1965, B-=100
121,481,121Cd,m ,-80858.9     ,   1.9     ,  214.86    ,   0.15    ,  , , ,   8.3   , s, 0.8    ,11/2-*        ,10,1982, B-=100
121,490,121In,  ,-85835       ,  27       ,            ,           ,  , , ,  23.1   , s, 0.6    ,9/2+*         ,10,1960, B-=100
121,491,121In,m ,-85521       ,  27       ,  313.68    ,   0.07    ,  , , ,   3.88  , m, 0.10   ,1/2-*         ,10,1974, B-=98.8 2;IT=1.2 2
121,492,121In,n ,-83290#      , 100#      , 2550#      , 100#      ,  , , ,   7.3   ,us, 2      ,(25/2+)       ,,2002, IT=100
121,500,121Sn,  ,-89196.6     ,   1.0     ,            ,           ,  , , ,  27.03  , h, 0.04   ,3/2+*         ,10,1948, B-=100
121,501,121Sn,m ,-89190.3     ,   1.0     ,    6.31    ,   0.06    ,  , , ,  43.9   , y, 0.5    ,11/2-*        ,10,1962, IT=77.6 20;B-=22.4 20
121,502,121Sn,n ,-87197.9     ,   1.0     , 1998.68    ,   0.13    ,  , , ,   5.3   ,us, 0.5    ,19/2+         ,10,1995, IT=100
121,503,121Sn,p ,-86974.6     ,   1.0     , 2222.0     ,   0.2     ,  , , , 520     ,ns, 50     ,23/2+         ,,2012, IT=100
121,504,121Sn,q ,-86362.7     ,   1.0     , 2833.9     ,   0.2     ,  , , , 167     ,ns, 25     ,27/2-         ,10,1995, IT=100
121,510,121Sb,  ,-89599.2     ,   2.5     ,            ,           ,  , , , stbl    ,  ,        ,5/2+*         ,10,1922, IS=57.21 5
121,511,121Sb,m ,-86848       ,  17       , 2751       ,  17       ,  , , , 179     ,us, 6      ,(25/2+)       ,10,2008, IT=100
121,520,121Te,  ,-88543       ,  26       ,            ,           ,  , , ,  19.31  , d, 0.07   ,1/2+          ,10,1939, B+=100
121,521,121Te,m ,-88249       ,  26       ,  293.974   ,   0.022   ,  , , , 164.7   , d, 0.5    ,11/2-         ,10,1940, IT=88.6 11;B+=11.4 11
121,530,121I ,  ,-86246       ,   5       ,            ,           ,  , , ,   2.12  , h, 0.01   ,5/2+*         ,10,1950, B+=100
121,531,121I ,m ,-83869       ,   5       , 2376.9     ,   0.4     ,  , , ,   9.0   ,us, 1.4    ,21/2+#        ,10,1982, IT=100
121,540,121Xe,  ,-82481       ,  10       ,            ,           ,  , , ,  40.1   , m, 2.0    ,5/2+*         ,10,1952, B+=100
121,550,121Cs,  ,-77102       ,  14       ,            ,           ,  , , , 155     , s, 4      ,3/2+*         ,10,1969, B+=100
121,551,121Cs,m ,-77034       ,  14       ,   68.5     ,   0.3     ,  , , , 122     , s, 3      ,9/2+*         ,10,1981, B+~83;IT~17
121,560,121Ba,  ,-70740       , 140       ,            ,           ,  , , ,  29.7   , s, 1.5    ,5/2+*         ,10,1975, B+=100;B+p=0.02 1
121,570,121La,  ,-62190#      , 300#      ,            ,           ,  , , ,   5.3   , s, 0.2    ,11/2-#        ,10,1988, B+=100;B+p ?
121,580,121Ce,  ,-52690#      , 400#      ,            ,           ,  , , ,   1.1   , s, 0.1    ,5/2(+#)       ,10,1997, B+=100;B+p~1
121,590,121Pr,  ,-41550#      , 500#      ,            ,           ,  , , ,  12     ,ms, 5      ,(3/2)(+#)     ,10,2005, p~100
122,430,122Tc,  ,-26310#      , 300#      ,            ,           ,  , , ,  13#    ,ms, >550ns ,1+#           ,,2018, B- ?;B-n ?;B-2n ?
122,440,122Ru,  ,-41780#      , 500#      ,            ,           ,  , , ,  25     ,ms, 1      ,0+            ,15,2010, B-=100;B-n ?;B-2n ?
122,450,122Rh,  ,-51880#      , 300#      ,            ,           ,  , , ,  51     ,ms, 6      ,7-#           ,13,1997, B-=100;B-n<3.9;B-2n ?
122,451,122Rh,m ,-51610#      , 300#      ,  271.0     ,   0.7     ,  , , , 830     ,ns, 120    ,4+#           ,13,2012, IT=100
122,460,122Pd,  ,-64616       ,  20       ,            ,           ,  , , , 193     ,ms, 5      ,0+            ,14,1994, B-=100;B-n<2.5
122,470,122Ag,  ,-71110       ,  40       ,            ,           ,  ,*, , 529     ,ms, 13     ,(3+)          ,7,1978, B-=100;B-n=0.186 10
122,471,122Ag,m ,-71030#      ,  60#      ,   80#      ,  50#      ,  ,*, , 550     ,ms, 50     ,(1-)          ,7,2000, B-=100;IT ?;B-n=?
122,472,122Ag,n ,-71030#      ,  60#      ,   80#      ,  50#      ,  ,*, , 200     ,ms, 50     ,(9-)          ,7,2000, B-=100;IT ?;B-n ?
122,473,122Ag,p ,-70940#      ,  60#      ,  171#      ,  50#      ,  , , ,   6.3   ,us, 1.0    ,(1+)          ,,2013, IT=100
122,480,122Cd,  ,-80612.4     ,   2.3     ,            ,           ,  , , ,   5.24  , s, 0.03   ,0+            ,7,1973, B-=100
122,490,122In,  ,-83570       ,  50       ,            ,           ,  ,*, ,   1.5   , s, 0.3    ,1+            ,7,1963, B-=100
122,491,122In,m ,-83530#      ,  80#      ,   40#      ,  60#      ,  ,*, ,  10.3   , s, 0.6    ,5+*           ,7,1979, B-=100
122,492,122In,n ,-83280       , 130       ,  290       , 140       ,BD, , ,  10.8   , s, 0.4    ,8-*           ,7,1979, B-=100
122,500,122Sn,  ,-89940.0     ,   2.4     ,            ,           ,  , , , stbl    ,  ,        ,0+            ,7,1928, IS=4.63 3;2B- ?
122,501,122Sn,m ,-87531.0     ,   2.4     , 2409.03    ,   0.04    ,  , , ,   7.5   ,us, 0.9    ,7-            ,7,1979, IT=100
122,502,122Sn,n ,-87174.5     ,   2.4     , 2765.5     ,   0.3     ,  , , ,  62     ,us, 3      ,10+           ,7,1992, IT=100
122,503,122Sn,p ,-85218.8     ,   2.4     , 4721.2     ,   0.3     ,  , , , 139     ,ns, 9      ,15-           ,,2012, IT=100
122,510,122Sb,  ,-88334.2     ,   2.5     ,            ,           ,  , , ,   2.7238, d, 0.0002 ,2-*           ,7,1939, B-=97.59 12;B+=2.41 12
122,511,122Sb,m ,-88272.8     ,   2.5     ,   61.4131  ,   0.0005  ,  , , ,   1.86  ,us, 0.08   ,3+            ,7,1962, IT=100
122,512,122Sb,n ,-88196.7     ,   2.5     ,  137.4726  ,   0.0008  ,  , , , 530     ,us, 30     ,5+            ,7,1963, IT=100
122,513,122Sb,p ,-88170.6     ,   2.5     ,  163.5591  ,   0.0017  ,  , , ,   4.191 , m, 0.003  ,8-            ,7,1947, IT=100
122,520,122Te,  ,-90313.3     ,   1.4     ,            ,           ,  , , , stbl    ,  ,        ,0+            ,7,1932, IS=2.55 12
122,530,122I ,  ,-86079       ,   5       ,            ,           ,  , , ,   3.63  , m, 0.06   ,1+            ,7,1950, B+=100;e+=78 2;EC=22 2
122,531,122I ,m ,-85764       ,   5       ,  314.9     ,   0.4     ,  , , , 193.3   ,ns, 0.9    ,7-            ,7,2004, IT=100
122,532,122I ,n ,-85700       ,   5       ,  379.4     ,   0.5     ,  , , ,  79.1   ,us, 1.2    ,7-            ,7,2004, IT=100
122,533,122I ,p ,-85685       ,   5       ,  394.1     ,   0.5     ,  , , ,  78.2   ,us, 0.4    ,(8+)          ,7,2004, IT=100
122,534,122I ,q ,-85635       ,   5       ,  444.1     ,   0.5     ,  , , , 146.5   ,ns, 1.2    ,8-            ,7,2004, IT=100
122,540,122Xe,  ,-85355       ,  11       ,            ,           ,  , , ,  20.1   , h, 0.1    ,0+            ,7,1952, EC=100
122,550,122Cs,  ,-78140       ,  30       ,            ,           ,  , , ,  21.18  , s, 0.19   ,1+*           ,7,1969, B+=100;B+A<2e-7
122,551,122Cs,m ,-78090       ,  30       ,   45.87    ,   0.12    ,  , , ,  >1     ,us,        ,3+            ,7,1987, IT=100
122,552,122Cs,n ,-78005       ,   9       ,  140       ,  30       ,MD, , ,   3.70  , m, 0.11   ,8-*           ,7,1969, B+=100
122,553,122Cs,p ,-78010       ,  30       ,  127.07    ,   0.16    ,  , , , 360     ,ms, 20     ,5-            ,7,1969, IT=100
122,560,122Ba,  ,-74609       ,  28       ,            ,           ,  , , ,   1.95  , m, 0.15   ,0+            ,7,1974, B+=100
122,570,122La,  ,-64540#      , 300#      ,            ,           ,  , , ,   8.6   , s, 0.5    ,(1-)          ,7,1984, B+=100;B+p=?
122,580,122Ce,  ,-57870#      , 400#      ,            ,           ,  , , ,   2#    , s,        ,0+            ,7,2005, B+ ?;B+p ?
122,590,122Pr,  ,-44780#      , 500#      ,            ,           ,  , , , 500#    ,ms,        ,              ,,, B+ ?;B+p ?
123,440,123Ru,  ,-36550#      , 500#      ,            ,           ,  , , ,  19     ,ms, 2      ,3/2+#         ,15,2010, B-=100;B-n ?;B-2n ?
123,450,123Rh,  ,-49190#      , 400#      ,            ,           ,  , , ,  42     ,ms, 4      ,7/2+#         ,15,2010, B-=100;B-n>24;B-2n ?
123,460,123Pd,  ,-60430       , 790       ,            ,           ,  , , , 108     ,ms, 1      ,3/2+#         ,15,1994, B-=100;B-n=10 6
123,461,123Pd,m ,-60330#      , 790#      ,  100#      ,  50#      ,  , , , 100#    ,ms,        ,11/2-#        ,15,2019, B-~100; IT ?
123,470,123Ag,  ,-69570       ,  30       ,            ,           ,  , , , 294     ,ms, 5      ,(7/2+)*       ,17,1976, B-=100;B-n=0.56 5
123,471,123Ag,m ,-69510       ,  30       ,   59.5     ,   0.5     ,  , , , 100#    ,ms,        ,(1/2-)*       ,,2019, B-=100;B-n ?
123,472,123Ag,n ,-68120#      ,  30#      , 1450#      ,  14#      ,  , , , 202     ,ns, 20     ,              ,17,2013, IT=100
123,473,123Ag,p ,-68100       ,  30       , 1472.8     ,   0.8     ,  , , , 393     ,ns, 16     ,(17/2-)       ,17,2009, IT=100
123,480,123Cd,  ,-77414.2     ,   2.7     ,            ,           ,  , , ,   2.10  , s, 0.02   ,3/2+*         ,4,1983, B-=100
123,481,123Cd,m ,-77271       ,   3       ,  143       ,   4       ,  , , ,   1.82  , s, 0.03   ,11/2-*        ,4,1986, B-=?;IT ?
123,490,123In,  ,-83429       ,  20       ,            ,           ,  , , ,   6.17  , s, 0.05   ,9/2+*         ,4,1960, B-=100
123,491,123In,m ,-83102       ,  20       ,  327.21    ,   0.04    ,  , , ,  47.4   , s, 0.4    ,1/2-*         ,4,1960, B-=100
123,492,123In,n ,-81351       ,  20       , 2078.1     ,   0.6     ,  , , ,   1.4   ,us, 0.2    ,(17/2-)       ,,2004, IT=100
123,493,123In,p ,-81326#      ,  24#      , 2103#      ,  14#      ,  , , ,>100     ,us,        ,(21/2-)       ,10,2010, IT=100
123,500,123Sn,  ,-87814.7     ,   2.5     ,            ,           ,  , , , 129.2   , d, 0.4    ,11/2-*        ,4,1948, B-=100
123,501,123Sn,m ,-87790.1     ,   2.5     ,   24.6     ,   0.4     ,  , , ,  40.06  , m, 0.01   ,3/2+*         ,4,1948, B-=100
123,502,123Sn,n ,-85869.8     ,   2.5     , 1944.90    ,   0.12    ,  , , ,   7.4   ,us, 2.6    ,19/2+         ,4,1992, IT=100
123,503,123Sn,p ,-85662.0     ,   2.5     , 2152.66    ,   0.19    ,  , , ,   6     ,us,        ,23/2+         ,4,1994, IT=100
123,504,123Sn,q ,-85102.2     ,   2.5     , 2712.47    ,   0.21    ,  , , ,  34     ,us,        ,27/2-         ,4,1994, IT=100
123,510,123Sb,  ,-89222.9     ,   1.4     ,            ,           ,  , , , stbl    ,  ,        ,7/2+*         ,4,1922, IS=42.79 5
123,511,123Sb,m ,-86985.1     ,   1.4     , 2237.8     ,   0.3     ,  , , , 214     ,ns, 3      ,19/2-         ,,2005, IT=100
123,512,123Sb,n ,-86609.5     ,   1.5     , 2613.4     ,   0.4     ,  , , ,  65     ,us, 1      ,23/2+         ,,2007, IT=100
123,520,123Te,  ,-89171.0     ,   1.4     ,            ,           ,  , , , stbl    ,  , >2Py   ,1/2+*         ,4,1932, IS=0.89 3;EC=100
123,521,123Te,m ,-88923.5     ,   1.4     ,  247.47    ,   0.04    ,  , , , 119.2   , d, 0.1    ,11/2-         ,4,1951, IT=100
123,530,123I ,  ,-87943       ,   4       ,            ,           ,  , , ,  13.2232, h, 0.0015 ,5/2+*         ,4,1949, B+=100
123,540,123Xe,  ,-85248       ,  10       ,            ,           ,  , , ,   2.08  , h, 0.02   ,1/2+*         ,4,1952, B+=100
123,541,123Xe,m ,-85063       ,  10       ,  185.18    ,   0.11    ,  , , ,   5.49  ,us, 0.26   ,7/2-          ,4,1981, IT=100
123,550,123Cs,  ,-81044       ,  12       ,            ,           ,  , , ,   5.88  , m, 0.03   ,1/2+*         ,4,1954, B+=100
123,551,123Cs,m ,-80888       ,  12       ,  156.27    ,   0.05    ,  , , ,   1.64  , s, 0.12   ,11/2-         ,4,1972, IT=100
123,552,123Cs,n ,-80792       ,  13       ,  252       ,   6       ,  , , , 114     ,ns, 5      ,(9/2+)        ,4,2000, IT=100
123,560,123Ba,  ,-75655       ,  12       ,            ,           ,  , , ,   2.7   , m, 0.4    ,5/2+*         ,4,1962, B+=100
123,561,123Ba,m ,-75534       ,  12       ,  120.95    ,   0.08    ,  , , , 830     ,ns, 60     ,1/2+#         ,4,1991, IT=100
123,570,123La,  ,-68650#      , 200#      ,            ,           ,  , , ,  17     , s, 3      ,11/2-#        ,4,1978, B+=100
123,580,123Ce,  ,-60290#      , 300#      ,            ,           ,  , , ,   3.8   , s, 0.2    ,(5/2)(+#)     ,4,1984, B+=100;B+p=?
123,590,123Pr,  ,-50230#      , 400#      ,            ,           ,  , , , 800#    ,ms,        ,3/2+#         ,,, B+ ?;B+p ?
124,440,124Ru,  ,-33590#      , 600#      ,            ,           ,  , , ,  15     ,ms, 3      ,0+            ,15,2010, B-=100;B-n ?;B-2n ?
124,450,124Rh,  ,-44710#      , 400#      ,            ,           ,  , , ,  30     ,ms, 2      ,2+#           ,15,2010, B-=100;B-n<31;B-2n ?
124,460,124Pd,  ,-58400#      , 300#      ,            ,           ,  , , ,  88     ,ms, 15     ,0+            ,14,1997, B-=100;B-n=17 5
124,461,124Pd,m ,-57400#      , 850#      , 1000#      , 800#      ,  , , , >20     ,us,        ,              ,14,2012, IT~100
124,470,124Ag,  ,-66230       , 250       ,            ,           ,  ,*, , 177.9   ,ms, 2.6    ,(2-)          ,15,1984, B-=100;B-n=1.3 9
124,471,124Ag,m ,-66180#      , 260#      ,   50#      ,  50#      ,  ,*, , 144     ,ms, 20     ,9-#           ,15,1995, B-=100;B-n ?
124,472,124Ag,n ,-66070       , 250       ,  155.6     ,   0.5     ,  , , , 140     ,ns, 50     ,(1+)          ,15,2012, IT=100
124,473,124Ag,p ,-66000       , 250       ,  231.1     ,   0.7     ,  , , ,   1.48  ,us, 0.15   ,(1-)          ,15,2012, IT=100
124,480,124Cd,  ,-76699.4     ,   2.6     ,            ,           ,  , , ,   1.25  , s, 0.02   ,0+            ,8,1974, B-=100
124,490,124In,  ,-80870       ,  30       ,            ,           ,  ,*, ,   3.12  , s, 0.09   ,3+*           ,8,1964, B-=100
124,491,124In,m ,-80890       ,  50       ,  -20       ,  60       ,BD,*, ,   3.67  , s, 0.03   ,8-*           ,8,1974, B-~100;IT ?
124,500,124Sn,  ,-88231.5     ,   1.3     ,            ,           ,  , , , stbl    ,  , >100Py ,0+            ,8,1922, IS=5.79 5;2B- ?
124,501,124Sn,m ,-86026.9     ,   1.3     , 2204.620   ,   0.023   ,  , , , 270     ,ns, 60     ,5-            ,8,1979, IT=100
124,502,124Sn,n ,-85906.5     ,   1.3     , 2324.96    ,   0.04    ,  , , ,   3.1   ,us, 0.5    ,7-            ,8,1979, IT=100
124,503,124Sn,p ,-85574.9     ,   1.3     , 2656.6     ,   0.3     ,  , , ,  51     ,us, 3      ,10+           ,8,1992, IT=100
124,504,124Sn,q ,-83679.1     ,   1.3     , 4552.4     ,   0.3     ,  , , , 260     ,ns, 25     ,15-           ,,2012, IT=100
124,510,124Sb,  ,-87619.1     ,   1.4     ,            ,           ,  , , ,  60.20  , d, 0.03   ,3-*           ,8,1939, B-=100
124,511,124Sb,m ,-87608.2     ,   1.4     ,   10.8627  ,   0.0008  ,  , , ,  93     , s, 5      ,5+            ,8,1947, IT=75 5;B-=25 5
124,512,124Sb,n ,-87582.3     ,   1.4     ,   36.8440  ,   0.0014  ,  , , ,  20.2   , m, 0.2    ,(8)-          ,8,1947," IT=100[gs=0,m=100]"
124,513,124Sb,p ,-87578.3     ,   1.4     ,   40.8038  ,   0.0007  ,  , , ,   3.2   ,us, 0.3    ,(3+)          ,8,1989, IT=100
124,520,124Te,  ,-90524.1     ,   1.4     ,            ,           ,  , , , stbl    ,  ,        ,0+            ,8,1932, IS=4.74 14
124,530,124I ,  ,-87364.6     ,   2.3     ,            ,           ,  , , ,   4.1760, d, 0.0003 ,2-*           ,8,1938, B+=100
124,540,124Xe,  ,-87667.4     ,   1.4     ,            ,           ,  , , , stbl    ,  , >200Ty ,0+            ,8,1922, IS=0.095 5;2B+ ?
124,550,124Cs,  ,-81741       ,   9       ,            ,           ,  , , ,  30.9   , s, 0.4    ,1+*           ,8,1969, B+=100
124,551,124Cs,m ,-81278       ,   9       ,  462.63    ,   0.14    ,  , , ,   6.41  , s, 0.07   ,(7)+          ,8,1983, IT=99.89 2;B+=0.11 2
124,560,124Ba,  ,-79090       ,  12       ,            ,           ,  , , ,  11.0   , m, 0.5    ,0+            ,8,1967, B+=100
124,570,124La,  ,-70260       ,  60       ,            ,           ,  ,*,&,  29.21  , s, 0.17   ,"(7,8-)        ",8,1978, B+=100
124,571,124La,m ,-70160#      , 120#      ,  100#      , 100#      ,  ,*,&,  21     , s, 4      ,2-#           ,8,1992, B+=100
124,580,124Ce,  ,-64920#      , 300#      ,            ,           ,  , , ,   9.1   , s, 1.2    ,0+            ,8,1978, B+=100
124,590,124Pr,  ,-53150#      , 400#      ,            ,           ,  , , ,   1.2   , s, 0.2    ,              ,8,1986, B+=100;B+p=?
124,600,124Nd,  ,-44830#      , 500#      ,            ,           ,  , , , 500#    ,ms,        ,0+            ,,, B+ ?;B+p ?
125,440,125Ru,  ,-28370#      , 300#      ,            ,           ,  , , ,  12#    ,ms, >550ns ,3/2+#         ,,2018, B- ?;B-n ?;B-2n ?
125,450,125Rh,  ,-41830#      , 500#      ,            ,           ,  , , ,  26.5   ,ms, 2.0    ,7/2+#         ,15,2010, B-=100;B-n ?;B-2n ?
125,460,125Pd,  ,-53960#      , 400#      ,            ,           ,  , , ,  60     ,ms, 6      ,3/2+#         ,15,2008, B-=100;B-n=12 4
125,461,125Pd,m ,-53860#      , 400#      ,  100#      ,  50#      ,  , , ,  50#    ,ms,        ,11/2-#        ,,2019, B-~100;IT ?
125,462,125Pd,n ,-52160#      , 400#      , 1805.23    ,   0.18    ,  , , , 144     ,ns, 4      ,(23/2+)       ,15,2019, IT=100
125,470,125Ag,  ,-64520       , 430       ,            ,           ,  , , , 160     ,ms, 5      ,(9/2+)*       ,15,1994, B-=100;B-n=11.8 10
125,471,125Ag,m ,-64420       , 430       ,   97.1     ,   0.5     ,  , , ,  50#    ,ms,        ,(1/2-)*       ,,2019, B- ?;IT ?;B-n ?
125,472,125Ag,n ,-63020       , 430       , 1501.2     ,   0.6     ,  , , , 491     ,ns, 20     ,(17/2-)       ,15,2009, IT=100
125,480,125Cd,  ,-73348.1     ,   2.9     ,            ,           ,  , , , 680     ,ms, 40     ,3/2+*         ,11,1986, B-=100
125,481,125Cd,m ,-73162       ,   3       ,  186       ,   4       ,MD, , , 480     ,ms, 30     ,11/2-*        ,11,1986, B-=100
125,482,125Cd,n ,-71700       ,   5       , 1648       ,   4       ,  , , ,  19     ,us, 3      ,(19/2+)       ,,2011, IT=100
125,490,125In,  ,-80412.3     ,   1.8     ,            ,           ,  , , ,   2.36  , s, 0.04   ,9/2+*         ,11,1967, B-=100
125,491,125In,m ,-80060       ,  12       ,  352       ,  12       ,  , , ,  12.2   , s, 0.2    ,1/2-*         ,11,1974, B-=100
125,492,125In,n ,-78402.9     ,   1.9     , 2009.4     ,   0.7     ,  , , ,   9.4   ,us, 0.6    ,(19/2+)       ,11,1998, IT=100
125,493,125In,p ,-78251.1     ,   2.0     , 2161.2     ,   0.9     ,  , , ,   5.0   ,ms, 1.5    ,(23/2-)       ,11,1998, IT=100
125,500,125Sn,  ,-85893.7     ,   1.3     ,            ,           ,  , , ,   9.634 , d, 0.015  ,11/2-*        ,11,1939, B-=100
125,501,125Sn,m ,-85866.2     ,   1.3     ,   27.50    ,   0.14    ,  , , ,   9.77  , m, 0.25   ,3/2+*         ,11,1939, B-=100
125,502,125Sn,n ,-84000.9     ,   1.3     , 1892.8     ,   0.3     ,  , , ,   6.2   ,us, 0.2    ,19/2+         ,11,2000, IT=100
125,503,125Sn,p ,-83834.2     ,   1.4     , 2059.5     ,   0.4     ,  , , , 650     ,ns, 60     ,23/2+         ,11,2008, IT=100
125,504,125Sn,q ,-83270.2     ,   1.4     , 2623.5     ,   0.5     ,  , , , 230     ,ns, 17     ,27/2-         ,11,2000, IT=100
125,510,125Sb,  ,-88255.1     ,   2.5     ,            ,           ,  , , ,   2.7576, y, 0.0011 ,7/2+*         ,11,1951, B-=100
125,511,125Sb,m ,-86283.9     ,   2.5     , 1971.25    ,   0.20    ,  , , ,   4.1   ,us, 0.2    ,15/2-         ,11,2007, IT=100
125,512,125Sb,n ,-86143.0     ,   2.5     , 2112.1     ,   0.3     ,  , , ,  28.5   ,us, 0.5    ,19/2-         ,11,2007, IT=100
125,514,125Sb,q ,-85784.1     ,   2.5     , 2471.0     ,   0.4     ,  , , , 277.0   ,ns, 6.4    ,(23/2)+       ,11,2007, IT=100
125,520,125Te,  ,-89021.8     ,   1.4     ,            ,           ,  , , , stbl    ,  ,        ,1/2+*         ,11,1931, IS=7.07 15
125,521,125Te,m ,-88877.0     ,   1.4     ,  144.775   ,   0.008   ,  , , ,  57.40  , d, 0.15   ,11/2-         ,11,1949, IT=100
125,530,125I ,  ,-88836.0     ,   1.4     ,            ,           ,  , , ,  59.392 , d, 0.008  ,5/2+*         ,11,1947, EC=100
125,540,125Xe,  ,-87199.4     ,   1.4     ,            ,           ,  , , ,  16.87  , h, 0.08   ,1/2+*         ,11,1950, B+=100
125,541,125Xe,m ,-86946.8     ,   1.4     ,  252.61    ,   0.14    ,  , , ,  56.9   , s, 0.9    ,9/2-*         ,11,1954, IT=100
125,542,125Xe,n ,-86903.5     ,   1.4     ,  295.89    ,   0.15    ,  , , , 140     ,ns, 30     ,7/2+          ,11,1979, IT=100
125,550,125Cs,  ,-84090       ,   8       ,            ,           ,  , , ,  44.35  , m, 0.29   ,1/2+*         ,11,1954, B+=100
125,551,125Cs,m ,-83824       ,   8       ,  266.1     ,   1.1     ,  , , , 900     ,us, 30     ,(11/2-)       ,11,1998, IT=100
125,560,125Ba,  ,-79669       ,  11       ,            ,           ,  , , ,   3.3   , m, 0.3    ,1/2+*         ,11,1968, B+=100
125,561,125Ba,m ,-79549#      ,  23#      ,  120#      ,  20#      ,  , , ,   2.76  ,us, 0.14   ,(7/2-)        ,11,1989, IT=100
125,570,125La,  ,-73759       ,  26       ,            ,           ,  , ,&,  64.8   , s, 1.2    ,11/2-#        ,11,1973, B+=100
125,571,125La,m ,-73652       ,  26       ,  107.00    ,   0.10    ,  , ,&, 390     ,ms, 40     ,(3/2+)        ,11,1998, IT=100
125,580,125Ce,  ,-66660#      , 200#      ,            ,           ,  , , ,   9.7   , s, 0.3    ,(7/2-)        ,11,1978, B+=100;B+p=?
125,581,125Ce,m ,-66570#      , 200#      ,   93.6     ,   0.4     ,  , , ,  13     , s, 10     ,(1/2+)        ,11,2007, IT=100
125,590,125Pr,  ,-58070#      , 300#      ,            ,           ,  , , ,   3.3   , s, 0.7    ,3/2+#         ,11,2002, B+=100;B+p ?
125,600,125Nd,  ,-48070#      , 400#      ,            ,           ,  , , , 650     ,ms, 150    ,(5/2)(+#)     ,11,1999, B+=100;B+p>0
126,450,126Rh,  ,-37200#      , 500#      ,            ,           ,  , , ,  19     ,ms, 3      ,1-#           ,15,2010, B-=100;B-n ?;B-2n ?
126,460,126Pd,  ,-51790#      , 400#      ,            ,           ,  , , ,  48.6   ,ms, 0.8    ,0+            ,15,2008, B-=100;B-n=22 9
126,461,126Pd,m ,-49770#      , 400#      , 2023.5     ,   0.7     ,  , , , 330     ,ns, 40     ,(5-)          ,15,2013, IT=100
126,462,126Pd,n ,-49680#      , 400#      , 2109.7     ,   0.9     ,  , , , 440     ,ns, 30     ,(7-)          ,15,2013, IT=100
126,463,126Pd,p ,-49380#      , 400#      , 2406.0     ,   1.0     ,  , , ,  23.0   ,ms, 0.8    ,(10+)         ,15,2014, B=72 8;IT=28 8
126,470,126Ag,  ,-60720#      , 200#      ,            ,           ,  , , ,  52     ,ms, 10     ,3+#           ,15,1994, B-=100;B-n=13.7 11
126,471,126Ag,m ,-60620#      , 220#      ,  100#      , 100#      ,  , , , 108.4   ,ms, 2.4    ,9-#           ,15,1995, B-=100;IT ?;B-n ?
126,472,126Ag,n ,-60470#      , 200#      ,  254.8     ,   0.5     ,  , , ,  27     ,us, 6      ,1-#           ,15,2012, IT=100
126,480,126Cd,  ,-72255.7     ,   2.3     ,            ,           ,  , , , 512     ,ms, 5      ,0+            ,3,1978, B-=100
126,490,126In,  ,-77809       ,   4       ,            ,           ,  , , ,   1.53  , s, 0.01   ,3+*           ,3,1974, B-=100
126,491,126In,m ,-77719       ,   5       ,   90       ,   7       ,MD, , ,   1.64  , s, 0.05   ,8-*           ,3,1970, B-=100
126,492,126In,n ,-77566       ,   4       ,  243.3     ,   0.2     ,  , , ,  22     ,us, 2      ,1-            ,,2003, IT=100
126,500,126Sn,  ,-86015       ,  11       ,            ,           ,  , , , 230     ,ky, 14     ,0+            ,3,1962, B-=100
126,501,126Sn,m ,-83796       ,  11       , 2218.99    ,   0.08    ,  , , ,   6.1   ,us, 0.7    ,7-            ,3,1979, IT=100
126,502,126Sn,n ,-83451       ,  11       , 2564.5     ,   0.5     ,  , , ,   7.6   ,us, 0.3    ,10+           ,3,2000, IT=100
126,503,126Sn,p ,-81668       ,  11       , 4347.4     ,   0.4     ,  , , , 114     ,ns, 2      ,15-           ,,2012, IT=100
126,510,126Sb,  ,-86390       ,  30       ,            ,           ,  , , ,  12.35  , d, 0.06   ,8-            ,3,1956, B-=100
126,511,126Sb,m ,-86370       ,  30       ,   17.7     ,   0.3     ,  , , ,  19.15  , m, 0.08   ,5+            ,3,1956, B-=86 4;IT=14 4
126,512,126Sb,n ,-86350       ,  30       ,   40.4     ,   0.3     ,  , , , ~11     , s,        ,3-            ,3,1976," IT=100[gs=0,m=100]"
126,513,126Sb,p ,-86290       ,  30       ,  104.6     ,   0.3     ,  , , , 553     ,ns, 5      ,3+            ,3,1976, IT=100
126,514,126Sb,q ,-84580       ,  30       , 1810.7     ,   1.7     ,  , , ,  90     ,ns, 16     ,(13+)         ,,2019, IT=100
126,520,126Te,  ,-90064.2     ,   1.4     ,            ,           ,  , , , stbl    ,  ,        ,0+            ,3,1924, IS=18.84 25
126,530,126I ,  ,-87910       ,   4       ,            ,           ,  , , ,  12.93  , d, 0.05   ,2-*           ,3,1938, B+=52.7 5;B-=47.3 5
126,531,126I ,m ,-87799       ,   4       ,  111.00    ,   0.23    ,  , , , 128     ,ns,        ,3+            ,,2012, IT=100
126,540,126Xe,  ,-89146.387   ,   0.006   ,            ,           ,  , , , stbl    ,  ,        ,0+            ,3,1922, IS=0.089 3;2B+ ?
126,550,126Cs,  ,-84351       ,  10       ,            ,           ,  , , ,   1.64  , m, 0.02   ,1+*           ,3,1954, B+=100
126,551,126Cs,m ,-84078       ,  10       ,  273.0     ,   0.7     ,  , , ,  ~1     ,us,        ,(4-)          ,3,1993, IT=100
126,552,126Cs,n ,-83755       ,  10       ,  596.1     ,   1.1     ,  , , , 171     ,us, 14     ,8-#           ,3,1993, IT=100
126,560,126Ba,  ,-82670       ,  12       ,            ,           ,  , , , 100     , m, 2      ,0+            ,3,1954, B+=100
126,570,126La,  ,-74970       ,  90       ,            ,           ,  ,*, ,  54     , s, 2      ,5-#           ,3,1961, B+=100
126,571,126La,m ,-74760       , 400       ,  210       , 410       ,BD,*, ,  20     , s, 20     ,1-#           ,3,1997, B+=100
126,580,126Ce,  ,-70821       ,  28       ,            ,           ,  , , ,  51.0   , s, 0.3    ,0+            ,3,1978, B+=100
126,590,126Pr,  ,-60320#      , 200#      ,            ,           ,  , , ,   3.12  , s, 0.18   ,"(4,5)         ",3,1983, B+=100;B+p=?
126,600,126Nd,  ,-53380#      , 300#      ,            ,           ,  , , ,   1#    , s, >200ns ,0+            ,3,2000, B+ ?;B+p ?
126,610,126Pm,  ,-39750#      , 500#      ,            ,           ,  , , , 500#    ,ms,        ,              ,,, B+ ?;B+p ?
127,450,127Rh,  ,-33730#      , 600#      ,            ,           ,  , , ,  28     ,ms, 14     ,7/2+#         ,15,2015, B-=100;B-n ?;B-2n ?
127,460,127Pd,  ,-47220#      , 500#      ,            ,           ,  , , ,  38     ,ms, 2      ,11/2-#        ,15,2010, B-=100;B-n<19;B-2n ?
127,461,127Pd,m ,-45500#      , 500#      , 1717.91    ,   0.23    ,  , , ,  39     ,us, 6      ,(19/2+)       ,15,2019, IT=100
127,470,127Ag,  ,-58650#      , 200#      ,            ,           ,  ,*, ,  89     ,ms, 2      ,(9/2+)*       ,11,1995, B-=100;B-n=14.6 15
127,471,127Ag,m ,-58630#      , 200#      ,   20#      ,  20#      ,  ,*, ,  20#    ,ms,        ,(1/2-)*       ,,, B- ?;IT ?
127,472,127Ag,n ,-56710#      , 200#      , 1938       ,  17       ,  , , ,  67.5   ,ms, 0.9    ,(27/2+)       ,,2021, B-=91.2 8;IT=8.8 8
127,480,127Cd,  ,-68741       ,   6       ,            ,           ,  , , , 480     ,ms, 100    ,3/2+*         ,11,1986, B-=100;B-n ?
127,481,127Cd,m ,-68456       ,   4       ,  285       ,   8       ,MD, , , 360     ,ms, 40     ,11/2-*        ,,2019, B-=100
127,482,127Cd,n ,-66896       ,  10       , 1845       ,   8       ,  , , ,  17.5   ,us, 0.3    ,(19/2+)       ,,2010, IT=100
127,490,127In,  ,-76880       ,  10       ,            ,           ,  , , ,   1.086 , s, 0.007  ,9/2+*         ,11,1975, B-=100;B-n<0.03
127,491,127In,m ,-76486       ,  15       ,  394       ,  18       ,  , , ,   3.618 , s, 0.021  ,1/2-#         ,11,1974, B-=100;B-n=0.70 4
127,492,127In,n ,-75110       ,  40       , 1770       ,  40       ,MD, , ,   1.04  , s, 0.10   ,(21/2-)       ,11,2004, B-=100;B-n ?
127,493,127In,p ,-74515       ,  10       , 2364.7     ,   0.9     ,  , , ,   9     ,us, 2      ,(29/2+)       ,11,2004, IT=100
127,500,127Sn,  ,-83470       ,   9       ,            ,           ,  , , ,   2.10  , h, 0.04   ,11/2-*        ,11,1951, B-=100
127,501,127Sn,m ,-83465       ,   9       ,    5.07    ,   0.06    ,  , , ,   4.13  , m, 0.03   ,3/2+*         ,11,1962, B-=100
127,502,127Sn,n ,-81643       ,   9       , 1826.67    ,   0.16    ,  , , ,   4.52  ,us, 0.15   ,19/2+         ,11,2000, IT=100
127,503,127Sn,p ,-81539       ,   9       , 1930.97    ,   0.17    ,  , , ,   1.26  ,us, 0.15   ,(23/2+)       ,11,2004, IT=100
127,504,127Sn,q ,-80918       ,   9       , 2552.4     ,   1.0     ,  , , , 250     ,ns, 30     ,(27/2-)       ,11,2008, IT=100
127,510,127Sb,  ,-86698       ,   5       ,            ,           ,  , , ,   3.85  , d, 0.05   ,7/2+          ,11,1939, B-=100
127,511,127Sb,m ,-84778       ,   5       , 1920.19    ,   0.21    ,  , , ,  11.7   ,us, 0.1    ,15/2-         ,11,1974, IT=100
127,512,127Sb,n ,-84373       ,   5       , 2324.7     ,   0.4     ,  , , , 269     ,ns, 5      ,23/2+         ,11,2005, IT=100
127,520,127Te,  ,-88280.5     ,   1.4     ,            ,           ,  , , ,   9.35  , h, 0.07   ,3/2+          ,11,1938, B-=100
127,521,127Te,m ,-88192.3     ,   1.4     ,   88.23    ,   0.07    ,  , , , 106.1   , d, 0.7    ,11/2-         ,11,1940, IT=97.86 3;B-=2.14 3
127,530,127I ,  ,-88983       ,   4       ,            ,           ,  , , , stbl    ,  ,        ,5/2+*         ,11,1920, IS=100
127,540,127Xe,  ,-88321       ,   4       ,            ,           ,  , , ,  36.342 , d, 0.003  ,1/2+*         ,11,1950, EC=100
127,541,127Xe,m ,-88024       ,   4       ,  297.10    ,   0.08    ,  , , ,  69.2   , s, 0.9    ,9/2-*         ,11,1940, IT=100
127,550,127Cs,  ,-86240       ,   6       ,            ,           ,  , , ,   6.25  , h, 0.10   ,1/2+*         ,11,1950, B+=100
127,551,127Cs,m ,-85788       ,   6       ,  452.23    ,   0.21    ,  , , ,  55     ,us, 3      ,(11/2)-       ,11,1980, IT=100
127,560,127Ba,  ,-82818       ,  11       ,            ,           ,  , , ,  12.7   , m, 0.4    ,1/2+*         ,11,1952, B+=100
127,561,127Ba,m ,-82738       ,  11       ,   80.32    ,   0.11    ,  , , ,   1.93  , s, 0.07   ,7/2-          ,11,1992, IT=100
127,570,127La,  ,-77896       ,  26       ,            ,           ,  , , ,   5.1   , m, 0.1    ,(11/2-)       ,11,1963, B+=100
127,571,127La,m ,-77882       ,  26       ,   14.2     ,   0.4     ,  , , ,   3.7   , m, 0.4    ,(3/2+)        ,11,1963, B+~100
127,580,127Ce,  ,-71979       ,  29       ,            ,           ,  , , ,  34     , s, 2      ,(1/2+)        ,11,1978, B+=100
127,581,127Ce,m ,-71972       ,  29       ,    7.3     ,   1.1     ,  , , ,  28.6   , s, 0.7    ,(5/2+)        ,11,1978, B+=100
127,582,127Ce,n ,-71942       ,  29       ,   36.9     ,   1.1     ,  , , , >10     ,us,        ,(7/2-)        ,11,1995, IT=100
127,590,127Pr,  ,-64540#      , 200#      ,            ,           ,  , , ,   4.2   , s, 0.3    ,3/2+#         ,11,1995, B+=100
127,591,127Pr,m ,-63940#      , 280#      ,  600#      , 200#      ,  , , ,   2#    ,us,        ,(11/2-)       ,11,1998, IT ?
127,600,127Nd,  ,-55910#      , 300#      ,            ,           ,  , , ,   1.8   , s, 0.4    ,5/2+#         ,11,1983, B+=100;B+p=?
127,610,127Pm,  ,-45310#      , 400#      ,            ,           ,  , , ,   1#    , s,        ,3/2+#         ,,, B+ ?;p ?
128,450,128Rh,  ,-27340#      , 300#      ,            ,           ,  , , ,   8#    ,ms, >550ns ,              ,,2018, B- ?;B-n ?;B-2n ?
128,460,128Pd,  ,-44390#      , 500#      ,            ,           ,  , , ,  35     ,ms, 3      ,0+            ,16,2010, B-=100;B-n ?
128,461,128Pd,m ,-42240#      , 500#      , 2151.0     ,   1.0     ,  , , ,   5.8   ,us, 0.8    ,(8+)          ,16,2013, IT=100
128,470,128Ag,  ,-54710#      , 300#      ,            ,           ,  , , ,  60     ,ms, 3      ,3+#           ,15,2000, B-=100;B-n=20 5;B-2n ?
128,480,128Cd,  ,-67238       ,   6       ,            ,           ,  , , , 246     ,ms, 2      ,0+            ,15,1986, B-=100;B-n ?
128,481,128Cd,m ,-65368       ,   6       , 1870.5     ,   0.3     ,  , , , 270     ,ns, 7      ,(5-)          ,15,2009, IT=100
128,482,128Cd,n ,-64523       ,   6       , 2714.6     ,   0.4     ,  , , ,   3.56  ,us, 0.06   ,(10+)         ,15,2009, IT=100
128,483,128Cd,p ,-62951       ,   6       , 4286.6     ,   1.5     ,  , , ,   6.3   ,ms, 0.8    ,(15-)         ,,2016, IT=100
128,490,128In,  ,-74190.1     ,   1.3     ,            ,           ,  , , , 816     ,ms, 27     ,(3)+          ,15,1975, B-=100;B-n=0.038 3
128,491,128In,m ,-73942.2     ,   1.3     ,  247.87    ,   0.10    ,  , , ,  23     ,us, 2      ,(1)-          ,15,1988, IT=100
128,492,128In,n ,-73905.0     ,   2.0     ,  285.1     ,   2.2     ,MD, , , 720     ,ms, 100    ,(8-)          ,15,1986, B-=100;IT ?;B-n ?
128,493,128In,p ,-72392.5     ,   1.4     , 1797.6     ,   1.6     ,MD, , ,  >0.3   , s,        ,(16+)         ,,2020, B-~100;IT ?;B-n ?
128,500,128Sn,  ,-83361       ,  18       ,            ,           ,  , , ,  59.07  , m, 0.14   ,0+            ,15,1956, B-=100
128,501,128Sn,m ,-81270       ,  18       , 2091.50    ,   0.11    ,  , , ,   6.5   , s, 0.5    ,7-            ,15,1979, IT=100
128,502,128Sn,n ,-80869       ,  18       , 2491.91    ,   0.17    ,  , , ,   2.91  ,us, 0.14   ,10+           ,15,1981, IT=100
128,503,128Sn,p ,-79262       ,  18       , 4099.5     ,   0.4     ,  , , , 220     ,ns, 30     ,(15-)         ,15,2011, IT=100
128,510,128Sb,  ,-84630       ,  19       ,            ,           ,  ,*, ,   9.05  , h, 0.04   ,8-*           ,15,1956, B-=100
128,511,128Sb,m ,-84620       ,  18       ,   10       ,   6       ,  ,*, ,  10.41  , m, 0.18   ,5+            ,15,1955, B-=96.4 10;IT=3.6 10
128,512,128Sb,n ,-83013       ,  19       , 1617.3     ,   0.7     ,  , , , 500     ,ns, 20     ,(11+)         ,,2019, IT=100
128,513,128Sb,p ,-82860       ,  19       , 1769.9     ,   1.2     ,  , , , 217     ,ns, 7      ,(13+)         ,,2019, IT=100
128,520,128Te,  ,-88993.8     ,   0.7     ,            ,           ,  , , ,   2.25  ,Yy, 0.09   ,0+            ,15,1924, IS=31.74 8;2B-=100
128,521,128Te,m ,-86203.0     ,   0.8     , 2790.8     ,   0.3     ,  , , , 363     ,ns, 27     ,(10+)         ,15,1998, IT=100
128,530,128I ,  ,-87738       ,   4       ,            ,           ,  , , ,  24.99  , m, 0.02   ,1+*           ,15,1934, B-=93.1 8;B+=6.9 8
128,531,128I ,m ,-87600       ,   4       ,  137.851   ,   0.003   ,  , , , 845     ,ns, 20     ,4-            ,15,1982, IT=100
128,532,128I ,n ,-87571       ,   4       ,  167.368   ,   0.004   ,  , , , 175     ,ns, 15     ,(6)-          ,15,1991, IT=100
128,540,128Xe,  ,-89860.534   ,   0.005   ,            ,           ,  , , , stbl    ,  ,        ,0+            ,15,1922, IS=1.910 13
128,541,128Xe,m ,-87073.3     ,   0.3     , 2787.2     ,   0.3     ,  , , ,  83     ,ns, 2      ,8-            ,15,1981, IT=100
128,550,128Cs,  ,-85932       ,   5       ,            ,           ,  , , ,   3.640 , m, 0.014  ,1+*           ,15,1951, B+=100
128,560,128Ba,  ,-85369.2     ,   1.6     ,            ,           ,  , , ,   2.43  , d, 0.05   ,0+            ,15,1950, EC=100
128,570,128La,  ,-78630       ,  50       ,            ,           ,  ,*, ,   5.18  , m, 0.14   ,(5+)          ,15,1961, B+=100
128,571,128La,m ,-78530#      , 110#      ,  100#      , 100#      ,  ,*, ,  <1.4   , m,        ,"(1+,2-)       ",15,1995, B+=100;IT ?
128,580,128Ce,  ,-75534       ,  28       ,            ,           ,  , , ,   3.93  , m, 0.02   ,0+            ,15,1968, B+=100
128,590,128Pr,  ,-66331       ,  30       ,            ,           ,  , , ,   2.85  , s, 0.09   ,(3+)          ,15,1985, B+=100;B+p=?
128,600,128Nd,  ,-60530#      , 200#      ,            ,           ,  , , ,   5#    , s,        ,0+            ,15,1985, B+ ?
128,610,128Pm,  ,-48220#      , 300#      ,            ,           ,  , , ,   1.0   , s, 0.3    ,4+#           ,15,1999, B+~100;B+p= ?;p=0
128,620,128Sm,  ,-39150#      , 500#      ,            ,           ,  , , , 500#    ,ms,        ,0+            ,,, B+ ?;B+p ?
129,460,129Pd,  ,-37880#      , 600#      ,            ,           ,  , , ,  31     ,ms, 7      ,7/2-#         ,15,2015, B-=100;B-n ?;B-2n ?
129,470,129Ag,  ,-51870#      , 400#      ,            ,           ,  ,*, ,  49.9   ,ms, 3.5    ,9/2+#         ,14,2000, B-=100;B-n<20
129,471,129Ag,m ,-51850#      , 400#      ,   20#      ,  20#      ,  ,*, ,  10#    ,ms,        ,1/2-#         ,14,, B- ?;B-n ?
129,480,129Cd,  ,-63122       ,   5       ,            ,           ,  , , , 147     ,ms, 3      ,11/2-*        ,14,2003, B-=100;B-n=?
129,481,129Cd,m ,-62779       ,   6       ,  343       ,   8       ,MD, , , 157     ,ms, 8      ,3/2+*         ,14,1986, B-=100;B-n=?
129,482,129Cd,n ,-60839       ,   9       , 2283       ,   8       ,  , , ,   3.6   ,ms, 0.2    ,(21/2+)       ,14,2014, IT=100
129,490,129In,  ,-72834.9     ,   2.0     ,            ,           ,  , , , 570     ,ms, 10     ,9/2+          ,14,1975, B-=100;B-n=0.23 7
129,491,129In,m ,-72384.2     ,   2.0     ,  450.73    ,   0.16    ,  , , ,   1.23  , s, 0.03   ,1/2-          ,14,1976, B-~100;IT ?;B-n=3.6 4
129,492,129In,n ,-71146.9     ,   2.0     , 1687.97    ,   0.25    ,  , , ,  11.2   ,us, 0.2    ,(17/2-)       ,14,2003, IT=100
129,493,129In,p ,-71180       ,  50       , 1650       ,  50       ,BD, , , 670     ,ms, 100    ,(23/2-)       ,14,2004, B-~100;IT ?
129,494,129In,q ,-70890       ,  50       , 1941       ,  50       ,  , , , 110     ,ms, 15     ,(29/2+)       ,14,2004, IT~100;B- ?
129,500,129Sn,  ,-80591       ,  17       ,            ,           ,  , , ,   2.23  , m, 0.04   ,3/2+*         ,14,1962, B-=100
129,501,129Sn,m ,-80556       ,  17       ,   35.15    ,   0.05    ,  , , ,   6.9   , m, 0.1    ,11/2-*        ,14,1962, B-=100
129,502,129Sn,n ,-78829       ,  17       , 1761.6     ,   1.0     ,  , , ,   3.49  ,us, 0.11   ,(19/2+)       ,14,2000, IT=100
129,503,129Sn,p ,-78788       ,  17       , 1802.6     ,   1.0     ,  , , ,   2.22  ,us, 0.13   ,23/2+         ,14,2000, IT=100
129,504,129Sn,q ,-78038       ,  17       , 2552.9     ,   1.1     ,  , , , 221     ,ns, 18     ,(27/2-)       ,14,2008, IT=100
129,510,129Sb,  ,-84629       ,  21       ,            ,           ,  , , ,   4.366 , h, 0.026  ,7/2+          ,14,1939, B-=100
129,511,129Sb,m ,-82778       ,  21       , 1851.31    ,   0.06    ,  , , ,  17.7   , m, 0.1    ,19/2-         ,14,1982, B-=85;IT=15
129,512,129Sb,n ,-82768       ,  21       , 1861.06    ,   0.05    ,  , , ,   2.23  ,us, 0.17   ,15/2-         ,14,1987, IT=100
129,513,129Sb,p ,-82490       ,  21       , 2139.4     ,   0.3     ,  , , ,   0.89  ,us, 0.03   ,23/2+         ,14,2003, IT=100
129,520,129Te,  ,-87004.9     ,   0.7     ,            ,           ,  , , ,  69.6   , m, 0.3    ,3/2+          ,14,1939, B-=100
129,521,129Te,m ,-86899.4     ,   0.7     ,  105.51    ,   0.03    ,  , , ,  33.6   , d, 0.1    ,11/2-         ,14,1940, IT=64 7;B-=36 7
129,530,129I ,  ,-88507       ,   3       ,            ,           ,  , , ,  16.14  ,My, 0.12   ,7/2+*         ,14,1951, B-=100
129,540,129Xe,  ,-88696.070   ,   0.005   ,            ,           ,  , , , stbl    ,  ,        ,1/2+*         ,14,1920, IS=26.401 138
129,541,129Xe,m ,-88459.93    ,   0.03    ,  236.14    ,   0.03    ,  , , ,   8.88  , d, 0.02   ,11/2-*        ,14,1951, IT=100
129,550,129Cs,  ,-87499       ,   5       ,            ,           ,  , , ,  32.06  , h, 0.06   ,1/2+*         ,14,1950, B+=100
129,551,129Cs,m ,-86924       ,   5       ,  575.40    ,   0.14    ,  , , , 718     ,ns, 21     ,(11/2-)       ,14,1977, IT=100
129,560,129Ba,  ,-85061       ,  11       ,            ,           ,  , , ,   2.23  , h, 0.11   ,1/2+          ,14,1950, B+=100
129,561,129Ba,m ,-85053       ,  11       ,    8.42    ,   0.06    ,  , , ,   2.135 , h, 0.010  ,7/2+          ,14,1950, B+~100;IT=?
129,570,129La,  ,-81324       ,  21       ,            ,           ,  , , ,  11.6   , m, 0.2    ,(3/2+)        ,14,1963, B+=100
129,571,129La,m ,-81152       ,  21       ,  172.33    ,   0.20    ,  , , , 560     ,ms, 50     ,(11/2-)       ,14,1969, IT=100
129,580,129Ce,  ,-76288       ,  28       ,            ,           ,  , , ,   3.5   , m, 0.3    ,(5/2+)        ,14,1977, B+=100
129,590,129Pr,  ,-69774       ,  30       ,            ,           ,  , , ,  30     , s, 4      ,(3/2+)        ,14,1977, B+=100
129,591,129Pr,m ,-69390       ,  30       ,  382.57    ,   0.24    ,  , , ,  26#    ,us, 11#    ,(11/2-)       ,14,1997, IT=100
129,600,129Nd,  ,-62380#      , 200#      ,            ,           ,  , , ,   6.8   , s, 0.6    ,7/2-#         ,14,1977, B+=100;B+p=?
129,601,129Nd,m ,-62330#      , 220#      ,   50#      , 100#      ,  , , ,   2.6   , s, 0.4    ,1/2+#         ,14,2010, B+=100;B+p=?
129,610,129Pm,  ,-53180#      , 300#      ,            ,           ,  , , ,   2.4   , s, 0.9    ,5/2+#         ,14,2004, B+=100;B+p ?;p ?
129,620,129Sm,  ,-42330#      , 500#      ,            ,           ,  , , , 550     ,ms, 100    ,"(1/2+,3/2+)   ",14,1999, B+=100;B+p=?
130,460,130Pd,  ,-32730#      , 300#      ,            ,           ,  , , ,  27#    ,ms, >550ns ,0+            ,,2018, B- ?;B-n ?;B-2n ?
130,470,130Ag,  ,-45900#      , 420#      ,            ,           ,  , , ,  40.6   ,ms, 4.5    ,1-#           ,15,2000, B-=100;B-n ?;B-2n ?
130,480,130Cd,  ,-61118       ,  22       ,            ,           ,  , , , 126.8   ,ms, 1.8    ,0+            ,8,1986, B-=100;B-n=3.5 10
130,481,130Cd,m ,-58988       ,  22       , 2129.6     ,   1.0     ,  , , , 240     ,ns, 16     ,(8+)          ,8,2007, IT=100
130,490,130In,  ,-69906.5     ,   1.8     ,            ,           ,  ,*, , 273     ,ms, 5      ,1(-)          ,8,1973, B-=100;B-n=0.93 13
130,491,130In,m ,-69840.0     ,   2.0     ,   66.5     ,   2.7     ,MD,*, , 540     ,ms, 10     ,(10-)         ,8,1973, B-=100;B-n=1.80 7
130,492,130In,n ,-69521.1     ,   2.1     ,  385.4     ,   2.6     ,MD, , , 540     ,ms, 10     ,(5+)          ,8,1986, B-=100;B-n=1.80 7
130,493,130In,p ,-69518.2     ,   1.8     ,  388.3     ,   0.2     ,  , , ,   4.6   ,us, 0.2    ,(3+)          ,8,2003, IT=100
130,500,130Sn,  ,-80132.2     ,   1.9     ,            ,           ,  , , ,   3.72  , m, 0.07   ,0+            ,1,1972, B-=100
130,501,130Sn,m ,-78185.3     ,   1.9     , 1946.88    ,   0.10    ,  , , ,   1.7   , m, 0.1    ,7-            ,1,1974, B-=100
130,502,130Sn,n ,-77697.4     ,   1.9     , 2434.79    ,   0.12    ,  , , ,   1.501 ,us, 0.017  ,(10+)         ,1,1981, IT=100
130,510,130Sb,  ,-82286       ,  14       ,            ,           ,  , , ,  39.5   , m, 0.8    ,8-            ,1,1962, B-=100
130,511,130Sb,m ,-82281       ,  14       ,    4.80    ,   0.20    ,  , , ,   6.3   , m, 0.2    ,4+            ,1,1962, B-=100
130,512,130Sb,n ,-82201       ,  14       ,   84.67    ,   0.04    ,  , , , 800     ,ns, 100    ,6-            ,1,2002, IT=100
130,513,130Sb,p ,-80778       ,  14       , 1508       ,   1       ,  , , , 600     ,ns, 15     ,(11+)         ,,2019, IT=100
130,514,130Sb,q ,-80741       ,  14       , 1544.7     ,   0.5     ,  , , ,   1.25  ,us, 0.01   ,(13+)         ,,2002, IT=100
130,520,130Te,  ,-87352.960   ,   0.011   ,            ,           ,  , , , 791     ,Ey, 21     ,0+            ,1,1924, IS=34.08 62;2B-=100
130,521,130Te,m ,-85206.55    ,   0.04    , 2146.41    ,   0.04    ,  , , , 186     ,ns, 11     ,7-            ,1,1972, IT=100
130,522,130Te,n ,-84685.8     ,   0.8     , 2667.2     ,   0.8     ,  , , ,   1.90  ,us, 0.08   ,(10+)         ,1,1998, IT=100
130,523,130Te,p ,-82979.1     ,   0.9     , 4373.9     ,   0.9     ,  , , ,  53     ,ns, 8      ,(15-)         ,1,1998, IT=100
130,530,130I ,  ,-86936       ,   3       ,            ,           ,  , , ,  12.36  , h, 0.01   ,5+*           ,1,1938, B-=100
130,531,130I ,m ,-86896       ,   3       ,   39.9525  ,   0.0013  ,  , , ,   8.84  , m, 0.06   ,2+            ,1,1966, IT=84 2;B-=16 2
130,532,130I ,n ,-86866       ,   3       ,   69.5865  ,   0.0007  ,  , , , 133     ,ns, 7      ,6-            ,1,1989, IT=100
130,533,130I ,p ,-86854       ,   3       ,   82.3960  ,   0.0019  ,  , , , 315     ,ns, 15     ,(8-)          ,1,1989, IT=100
130,534,130I ,q ,-86851       ,   3       ,   85.1099  ,   0.0010  ,  , , , 254     ,ns, 4      ,6-            ,1,1975, IT=100
130,540,130Xe,  ,-89880.474   ,   0.009   ,            ,           ,  , , , stbl    ,  ,        ,0+            ,1,1922, IS=4.071 22
130,550,130Cs,  ,-86900       ,   8       ,            ,           ,  , , ,  29.21  , m, 0.04   ,1+*           ,1,1952, B+=98.4;B-=1.6
130,551,130Cs,m ,-86737       ,   8       ,  163.25    ,   0.11    ,  , , ,   3.46  , m, 0.06   ,5-*           ,1,1977, IT~100;B+=0.16 2
130,560,130Ba,  ,-87256.78    ,   0.29    ,            ,           ,  , , , stbl    ,  , ~1Zy   ,0+            ,1,1936, IS=0.11 1;2B+ ?
130,561,130Ba,m ,-84781.7     ,   0.3     , 2475.12    ,   0.18    ,  , , ,   9.54  ,ms, 0.14   ,8-            ,1,1969, IT=100
130,570,130La,  ,-81627       ,  26       ,            ,           ,  , , ,   8.7   , m, 0.1    ,3(+)          ,1,1961, B+=100
130,571,130La,m ,-81413       ,  26       ,  214.0     ,   0.5     ,  , , , 742     ,ns, 28     ,(5+)          ,,2012, IT=100
130,580,130Ce,  ,-79423       ,  28       ,            ,           ,  , , ,  22.9   , m, 0.5    ,0+            ,1,1965, B+=100
130,581,130Ce,m ,-76969       ,  28       , 2453.6     ,   0.3     ,  , , , 100     ,ns, 8      ,7-            ,1,1999, IT=100
130,590,130Pr,  ,-71180       ,  60       ,            ,           ,  , , ,  40.0   , s, 0.4    ,"(6,7)(+#)     ",1,1977, B+=100
130,591,130Pr,m ,-71080#      , 120#      ,  100#      , 100#      ,  , , ,  10#    , s,        ,2+#           ,1,1988, B+ ?
130,600,130Nd,  ,-66596       ,  28       ,            ,           ,  , , ,  21     , s, 3      ,0+            ,1,1977, B+=100
130,610,130Pm,  ,-55470#      , 200#      ,            ,           ,  , , ,   2.6   , s, 0.2    ,"(5+,6+,4+)    ",1,1985, B+=100;B+p=?
130,620,130Sm,  ,-47700#      , 400#      ,            ,           ,  , , ,   1#    , s,        ,0+            ,1,1999, B+ ?
130,630,130Eu,  ,-33510#      , 540#      ,            ,           ,  , , ,   1.0   ,ms, 0.4    ,(1+)          ,8,2004, p~100;B+ ?;B+p ?
131,460,131Pd,  ,-25740#      , 300#      ,            ,           ,  , , ,  20#    ,ms, >550ns ,7/2-#         ,,2018, B- ?;B-n ?;B-2n ?
131,470,131Ag,  ,-40750#      , 500#      ,            ,           ,  , , ,  35     ,ms, 8      ,9/2+#         ,15,2013, B-=100;B-n ?;B-2n=10
131,480,131Cd,  ,-55212       ,  19       ,            ,           ,  , , ,  98     ,ms, 2      ,7/2-#         ,6,2000, B-=100;B-n=3.5 10;B-2n ?
131,490,131In,  ,-68024.4     ,   2.2     ,            ,           ,  , , , 261.5   ,ms, 2.8    ,9/2+          ,6,1976, B-=100;B-n=2.25 21
131,491,131In,m ,-67648.4     ,   2.5     ,  376       ,   3       ,MD, , , 328     ,ms, 15     ,1/2-          ,6,1984, B-=100;B-n=2.25 21;IT ?
131,492,131In,n ,-64280       ,  90       , 3750       ,  90       ,BD, , , 322     ,ms, 41     ,(21/2+)       ,6,1984, B-=100;B-n=12 7;IT ?
131,493,131In,p ,-64240.8     ,   2.3     , 3783.6     ,   0.5     ,  , , , 669     ,ns, 34     ,(17/2+)       ,,2009, IT=100
131,500,131Sn,  ,-77265       ,   4       ,            ,           ,  , , ,  56.0   , s, 0.5    ,3/2+*         ,6,1963, B-=100
131,501,131Sn,m ,-77200       ,   4       ,   65.1     ,   0.3     ,  , , ,  58.4   , s, 0.5    ,11/2-*        ,6,1977, B-=100;IT ?
131,502,131Sn,n ,-72595       ,   4       , 4670.0     ,   0.4     ,  , , , 316     ,ns, 5      ,(23/2-)       ,6,2001, IT=100
131,510,131Sb,  ,-81981.4     ,   2.1     ,            ,           ,  , , ,  23.03  , m, 0.04   ,7/2+          ,6,1956, B-=100
131,511,131Sb,m ,-80305.3     ,   2.1     , 1676.06    ,   0.06    ,  , , ,  64.2   ,us, 2.6    ,15/2-         ,6,1969, IT=100
131,512,131Sb,n ,-80294.2     ,   2.3     , 1687.2     ,   0.9     ,  , , ,   4.3   ,us, 0.8    ,19/2-         ,6,2000, IT=100
131,513,131Sb,p ,-79815.8     ,   2.6     , 2165.6     ,   1.5     ,  , , ,   0.97  ,us, 0.03   ,23/2+         ,6,2000, IT=100
131,520,131Te,  ,-85211.02    ,   0.06    ,            ,           ,  , , ,  25.0   , m, 0.1    ,3/2+          ,6,1939, B-=100
131,521,131Te,m ,-85028.76    ,   0.06    ,  182.258   ,   0.018   ,  , , ,  32.48  , h, 0.11   ,11/2-         ,6,1940, B-=74.1 5;IT=25.9 5
131,522,131Te,n ,-83271.0     ,   0.4     , 1940.0     ,   0.4     ,  , , ,  93     ,ms, 12     ,(23/2+)       ,6,1998, IT=100
131,530,131I ,  ,-87442.7     ,   0.6     ,            ,           ,  , , ,   8.0249, d, 0.0006 ,7/2+*         ,6,1939, B-=100
131,531,131I ,m ,-85524.3     ,   0.7     , 1918.4     ,   0.4     ,  , , ,  24     ,us, 1      ,19/2-         ,,2009, IT=100
131,540,131Xe,  ,-88413.575   ,   0.005   ,            ,           ,  , , , stbl    ,  ,        ,3/2+*         ,6,1920, IS=21.232 51
131,541,131Xe,m ,-88249.645   ,   0.009   ,  163.930   ,   0.008   ,  , , ,  11.948 , d, 0.012  ,11/2-*        ,6,1966, IT=100
131,550,131Cs,  ,-88055.57    ,   0.18    ,            ,           ,  , , ,   9.689 , d, 0.016  ,5/2+*         ,6,1947, EC=100
131,560,131Ba,  ,-86679.0     ,   0.4     ,            ,           ,  , , ,  11.52  , d, 0.01   ,1/2+*         ,6,1947, B+=100
131,561,131Ba,m ,-86491.0     ,   0.4     ,  187.995   ,   0.009   ,  , , ,  14.26  , m, 0.09   ,9/2-*         ,6,1963, IT=100
131,570,131La,  ,-83769       ,  28       ,            ,           ,  , , ,  59     , m, 2      ,3/2+*         ,6,1951, B+=100
131,571,131La,m ,-83464       ,  28       ,  304.60    ,   0.24    ,  , , , 170     ,us, 7      ,11/2-         ,6,1966, IT=100
131,580,131Ce,  ,-79710       ,  30       ,            ,           ,  , , ,  10.3   , m, 0.3    ,7/2+          ,6,1966, B+=100
131,581,131Ce,m ,-79650       ,  30       ,   63.09    ,   0.09    ,  , , ,   5.4   , m, 0.4    ,(1/2+)        ,6,1966, B+=100
131,590,131Pr,  ,-74300       ,  50       ,            ,           ,  , , ,   1.50  , m, 0.03   ,(3/2+)        ,6,1977, B+=100
131,591,131Pr,m ,-74150       ,  50       ,  152.4     ,   0.3     ,  , , ,   5.73  , s, 0.20   ,(11/2-)       ,6,1996, IT=96.4 12;B+=3.6 12
131,600,131Nd,  ,-67768       ,  28       ,            ,           ,  , , ,  25.4   , s, 0.9    ,(5/2+)        ,6,1977, B+=100;B+p=?
131,610,131Pm,  ,-59770#      , 200#      ,            ,           ,  , , ,   6.3   , s, 0.8    ,(11/2-)       ,6,1998, B+=100
131,620,131Sm,  ,-50280#      , 400#      ,            ,           ,  , , ,   1.2   , s, 0.2    ,5/2+#         ,6,1986, B+=100;B+p=?
131,630,131Eu,  ,-39460#      , 400#      ,            ,           ,  , , ,  17.8   ,ms, 1.9    ,3/2+          ,6,1998, p=89 9;B+ ?;B+p ?
132,470,132Ag,  ,-34400#      , 500#      ,            ,           ,  , , ,  30     ,ms, 14     ,6-#           ,15,2015, B-=100;B-n ?;B-2n ?
132,480,132Cd,  ,-50470       ,  60       ,            ,           ,  , , ,  84     ,ms, 5      ,0+            ,18,2000, B-=100;B-n=60 15;B-2n ?
132,490,132In,  ,-62410       ,  60       ,            ,           ,  , , , 202.2   ,ms, 0.2    ,(7-)          ,18,1973, B-=100;B-n=12.3 4;B-2n ?
132,500,132Sn,  ,-76546.6     ,   2.0     ,            ,           ,  , , ,  39.7   , s, 0.8    ,0+            ,18,1963, B-=100
132,501,132Sn,m ,-71698.1     ,   2.0     , 4848.52    ,   0.20    ,  , , ,   2.080 ,us, 0.016  ,8+            ,18,1986, IT=100
132,510,132Sb,  ,-79635.3     ,   2.5     ,            ,           ,  , , ,   2.79  , m, 0.07   ,(4)+          ,18,1956, B-=100
132,511,132Sb,m ,-79490#      ,  50#      ,  150#      ,  50#      ,  , , ,   4.10  , m, 0.05   ,(8-)          ,18,1956, B-=100
132,512,132Sb,n ,-79380.8     ,   2.5     ,  254.5     ,   0.3     ,  , , , 102     ,ns, 4      ,(6-)          ,18,1974, IT=100
132,520,132Te,  ,-85188       ,   3       ,            ,           ,  , , ,   3.204 , d, 0.013  ,0+            ,5,1948, B-=100
132,521,132Te,m ,-83413       ,   3       , 1774.80    ,   0.09    ,  , , , 145     ,ns, 8      ,6+            ,5,1973, IT=100
132,522,132Te,n ,-83263       ,   3       , 1925.47    ,   0.09    ,  , , ,  28.5   ,us, 0.9    ,7-            ,5,1979, IT=100
132,523,132Te,p ,-82465       ,   3       , 2723.3     ,   0.8     ,  , , ,   3.62  ,us, 0.06   ,(10+)         ,5,1979, IT=100
132,530,132I ,  ,-85704       ,   4       ,            ,           ,  , , ,   2.295 , h, 0.013  ,4+*           ,5,1948, B-=100
132,531,132I ,m ,-85594       ,  10       ,  110       ,  11       ,BD, , ,   1.387 , h, 0.015  ,(8-)          ,5,1973, IT=86 2;B-=14 2
132,540,132Xe,  ,-89278.975   ,   0.005   ,            ,           ,  , , , stbl    ,  ,        ,0+            ,5,1920, IS=26.909 55
132,541,132Xe,m ,-86526.77    ,   0.17    , 2752.21    ,   0.17    ,  , , ,   8.39  ,ms, 0.11   ,(10+)         ,5,1976, IT=100
132,550,132Cs,  ,-87152.7     ,   1.0     ,            ,           ,  , , ,   6.480 , d, 0.006  ,2+*           ,5,1953, B+=98.13 9;B-=1.87 9
132,560,132Ba,  ,-88434.9     ,   1.1     ,            ,           ,  , , , stbl    ,  , >300Ey ,0+            ,5,1936, IS=0.10 1;2B+ ?
132,570,132La,  ,-83720       ,  40       ,            ,           ,  , , ,   4.59  , h, 0.04   ,2-*           ,5,1951, B+=100
132,571,132La,m ,-83530       ,  40       ,  188.20    ,   0.11    ,  , , ,  24.3   , m, 0.5    ,6-*           ,5,1969, IT=76;B+=24
132,580,132Ce,  ,-82469       ,  20       ,            ,           ,  , , ,   3.51  , h, 0.11   ,0+            ,5,1960, B+=100
132,581,132Ce,m ,-80128       ,  20       , 2341.15    ,   0.21    ,  , , ,   9.4   ,ms, 0.3    ,8-            ,5,1969, IT=100
132,590,132Pr,  ,-75227       ,  29       ,            ,           ,  ,*, ,   1.49  , m, 0.11   ,(2+)          ,5,1974, B+=100
132,591,132Pr,m ,-75200#      ,  40#      ,   30#      ,  30#      ,  ,*, ,   1#    , s,        ,(5+)          ,5,1990, B+ ?;IT ?
132,592,132Pr,n ,-74980#      ,  40#      ,  250#      ,  30#      ,  , , ,   2.46  ,us, 0.04   ,(8+)          ,,2012, IT=100
132,593,132Pr,p ,-74930#      ,  40#      ,  300#      ,  30#      ,  , , , 486     ,ns, 70     ,(8-)          ,,2012, IT=100
132,600,132Nd,  ,-71426       ,  24       ,            ,           ,  , , ,   1.56  , m, 0.10   ,0+            ,5,1977, B+=100
132,610,132Pm,  ,-61630#      , 150#      ,            ,           ,  , , ,   6.2   , s, 0.6    ,(3+)          ,5,1977, B+=100;B+p~5e-5
132,620,132Sm,  ,-55140#      , 300#      ,            ,           ,  , , ,   4.0   , s, 0.3    ,0+            ,5,1989, B+=100;B+p ?
132,630,132Eu,  ,-42200#      , 400#      ,            ,           ,  , , , 100#    ,ms,        ,1+#           ,5,, B+ ?;B+p ?;p=0
133,470,133Ag,  ,-29080#      , 500#      ,            ,           ,  , , ,         ,  ,        ,9/2+#         ,,, B- ?;B-n ?
133,480,133Cd,  ,-44140#      , 200#      ,            ,           ,  , , ,  61     ,ms, 6      ,7/2-#         ,11,2010, B-=100;B-n=?;B-2n ?
133,490,133In,  ,-57690#      , 200#      ,            ,           ,  , , , 163.0   ,ms, 1.6    ,(9/2+)        ,11,1996, B-=100;B-n=90 3;B-2n ?
133,491,133In,m ,-57360#      , 200#      ,  330#      ,  40#      ,  , , , 167     ,ms, 11     ,(1/2-)        ,11,1996, B-=100;B-n=93 3
133,500,133Sn,  ,-70873.9     ,   1.9     ,            ,           ,  , , ,   1.37  , s, 0.07   ,7/2-*         ,11,1973, B-=100;B-n=0.0294 24
133,510,133Sb,  ,-78924       ,   3       ,            ,           ,  , , ,   2.34  , m, 0.05   ,(7/2+)        ,11,1966, B-=100
133,511,133Sb,m ,-74383       ,   9       , 4541       ,   9       ,  , , ,  16.54  ,us, 0.19   ,(21/2+)       ,11,1978, IT=100
133,520,133Te,  ,-82937.1     ,   2.1     ,            ,           ,  , , ,  12.5   , m, 0.3    ,3/2+#         ,11,1940, B-=100
133,521,133Te,m ,-82602.8     ,   2.1     ,  334.26    ,   0.04    ,  , , ,  55.4   , m, 0.4    ,(11/2-)       ,11,1957, B-=83.5 20;IT=16.5 20
133,522,133Te,n ,-81326.7     ,   2.2     , 1610.4     ,   0.5     ,  , , , 100     ,ns, 5      ,(19/2-)       ,11,2001, IT=100
133,530,133I ,  ,-85857       ,   6       ,            ,           ,  , , ,  20.83  , h, 0.08   ,7/2+*         ,11,1940, B-=100
133,531,133I ,m ,-84223       ,   6       , 1634.148   ,   0.010   ,  , , ,   9     , s, 2      ,(19/2-)       ,11,1970, IT=100
133,532,133I ,n ,-84128       ,   6       , 1729.137   ,   0.010   ,  , , ,~170     ,ns,        ,(15/2-)       ,11,1984, IT=100
133,533,133I ,p ,-83363       ,   6       , 2493.7     ,   0.4     ,  , , , 469     ,ns, 15     ,(23/2+)       ,11,2009, IT=100
133,540,133Xe,  ,-87643.6     ,   2.4     ,            ,           ,  , , ,   5.2474, d, 0.0005 ,3/2+*         ,11,1940, B-=100
133,541,133Xe,m ,-87410.4     ,   2.4     ,  233.221   ,   0.015   ,  , , ,   2.198 , d, 0.013  ,11/2-*        ,11,1951, IT=100
133,542,133Xe,n ,-85497#      ,  20#      , 2147#      ,  20#      ,  , , ,   8.64  ,ms, 0.13   ,(23/2+)       ,11,2017, IT=100
133,550,133Cs,  ,-88070.943   ,   0.008   ,            ,           ,  , , , stbl    ,  ,        ,7/2+*         ,11,1921, IS=100
133,560,133Ba,  ,-87553.5     ,   1.0     ,            ,           ,  , , ,  10.5379, y, 0.0016 ,1/2+*         ,11,1941, EC=100
133,561,133Ba,m ,-87265.2     ,   1.0     ,  288.252   ,   0.009   ,  , , ,  38.90  , h, 0.06   ,11/2-*        ,11,1941, IT=99.9896 4;EC=0.0104 5
133,570,133La,  ,-85494       ,  28       ,            ,           ,  , , ,   3.912 , h, 0.008  ,5/2+*         ,11,1950, B+=100
133,580,133Ce,  ,-82418       ,  16       ,            ,           ,  , , ,  97     , m, 4      ,1/2+*         ,11,1951, B+=100
133,581,133Ce,m ,-82381       ,  16       ,   37.2     ,   0.7     ,  , , ,   5.1   , h, 0.3    ,9/2-*         ,11,1951, B+=100
133,590,133Pr,  ,-77938       ,  12       ,            ,           ,  , , ,   6.5   , m, 0.3    ,5/2+*         ,11,1970, B+=100
133,591,133Pr,m ,-77746       ,  12       ,  192.12    ,   0.14    ,  , , ,   1.1   , s, 0.2    ,(11/2-)       ,11,1995, IT=100
133,600,133Nd,  ,-72330       ,  50       ,            ,           ,  , , ,  70     , s, 10     ,(7/2+)        ,11,1977, B+=100
133,601,133Nd,m ,-72200       ,  50       ,  127.97    ,   0.12    ,  , , , ~70     , s,        ,(1/2)+        ,11,1993, B+=?;IT=?
133,602,133Nd,n ,-72150       ,  50       ,  176.10    ,   0.10    ,  , , , 301     ,ns, 18     ,(9/2-)        ,11,1993, IT=100
133,610,133Pm,  ,-65410       ,  50       ,            ,           ,  , , ,  13.5   , s, 2.1    ,(3/2+)        ,11,1977, B+=100
133,611,133Pm,m ,-65280       ,  50       ,  129.7     ,   0.7     ,  , , ,   8#    , s,        ,(11/2-)       ,11,1996, B+ ?;IT ?
133,620,133Sm,  ,-57230#      , 300#      ,            ,           ,  , , ,   2.89  , s, 0.16   ,(5/2+)        ,11,1977, B+=100;B+p=?
133,621,133Sm,m ,-57110#      , 310#      ,  120#      ,  60#      ,  , , ,   3.5   , s, 0.4    ,(1/2-)        ,11,1993, B+=?;IT ?;B+p ?
133,630,133Eu,  ,-47240#      , 300#      ,            ,           ,  , , , 200#    ,ms,        ,5/2+#         ,,, B+ ?;B+p ?
133,640,133Gd,  ,-36060#      , 500#      ,            ,           ,  , , ,  10#    ,ms,        ,5/2+#         ,,, B+ ?;B+p ?
134,480,134Cd,  ,-39460#      , 300#      ,            ,           ,  , , ,  65     ,ms, 15     ,0+            ,15,2015, B-=100;B-n ?;B-2n ?
134,490,134In,  ,-51970#      , 200#      ,            ,           ,  , , , 136     ,ms, 4      ,7-#           ,4,1996, B-=100;B-n~65;B-2n<4
134,491,134In,m ,-51910#      , 200#      ,   56.7     ,   0.1     ,  , , ,   3.5   ,us, 0.4    ,(5-)          ,,2019, IT=100
134,500,134Sn,  ,-66434       ,   3       ,            ,           ,  , , ,   0.93  , s, 0.08   ,0+            ,4,1974, B-=100;B-n=17 13
134,501,134Sn,m ,-65187       ,   3       , 1247.4     ,   0.5     ,  , , ,  87     ,ns, 8      ,6+            ,4,2000, IT=100
134,510,134Sb,  ,-74019       ,   3       ,            ,           ,  , , , 674     ,ms, 4      ,(0-)          ,11,1967, B-=100;B-n ?
134,511,134Sb,m ,-73740       ,   3       ,  279       ,   1       ,  , , ,  10.01  , s, 0.04   ,(7-)          ,11,1968, B-=100;B-n=0.088 4
134,520,134Te,  ,-82533.8     ,   2.7     ,            ,           ,  , , ,  41.8   , m, 0.8    ,0+            ,4,1948, B-=100
134,521,134Te,m ,-80842.5     ,   2.7     , 1691.34    ,   0.16    ,  , , , 164.5   ,ns, 0.7    ,6+            ,4,1970, IT=100
134,530,134I ,  ,-84043       ,   5       ,            ,           ,  , , ,  52.5   , m, 0.2    ,(4)+          ,4,1948, B-=100
134,531,134I ,m ,-83727       ,   5       ,  316.49    ,   0.22    ,  , , ,   3.52  , m, 0.04   ,(8)-          ,4,1970, IT=97.7 10;B-=2.3 10
134,540,134Xe,  ,-88125.834   ,   0.006   ,            ,           ,  , , , stbl    ,  , >11Py  ,0+            ,4,1920, IS=10.436 35;2B- ?
134,541,134Xe,m ,-86160.3     ,   0.5     , 1965.5     ,   0.5     ,  , , , 290     ,ms, 17     , 7-           ,4,1968, IT=100
134,542,134Xe,n ,-85100.6     ,   1.5     , 3025.2     ,   1.5     ,  , , ,   5     ,us, 1      ,(10+)         ,4,2001, IT=100
134,550,134Cs,  ,-86891.165   ,   0.016   ,            ,           ,  , , ,   2.0650, y, 0.0004 ,4+*           ,4,1940, B-=100;EC=0.00030 12
134,551,134Cs,m ,-86752.421   ,   0.016   ,  138.7441  ,   0.0026  ,  , , ,   2.912 , h, 0.002  ,8-*           ,4,1975, IT=100
134,560,134Ba,  ,-88950.00    ,   0.25    ,            ,           ,  , , , stbl    ,  ,        ,0+            ,4,1936, IS=2.42 15
134,561,134Ba,m ,-85992.8     ,   0.6     , 2957.2     ,   0.5     ,  , , ,   2.61  ,us, 0.13   ,10+           ,4,1982, IT=100
134,570,134La,  ,-85219       ,  20       ,            ,           ,  , , ,   6.45  , m, 0.16   ,1+            ,4,1951, B+=100
134,571,134La,m ,-84780#      , 100#      ,  440#      , 100#      ,  , , ,  29     ,us, 4      ,(6-)          ,4,1985, IT=100
134,580,134Ce,  ,-84833       ,  20       ,            ,           ,  , , ,   3.16  , d, 0.04   ,0+            ,4,1951, EC=100
134,581,134Ce,m ,-81624       ,  20       , 3208.6     ,   0.4     ,  , , , 308     ,ns, 5      ,10+           ,4,1980, IT=100
134,590,134Pr,  ,-78528       ,  20       ,            ,           ,  , , ,  17     , m, 2      ,2-*           ,4,1967, B+=100
134,591,134Pr,m ,-78460       ,  20       ,   67.7     ,   0.4     ,  , , , ~11     , m,        ,6-            ,4,1973, B+=100
134,600,134Nd,  ,-75646       ,  12       ,            ,           ,  , , ,   8.5   , m, 1.5    ,0+            ,4,1970, B+=100
134,601,134Nd,m ,-73353       ,  12       , 2293.0     ,   0.4     ,  , , , 389     ,us, 17     ,8-            ,4,1969, IT=100
134,610,134Pm,  ,-66760       ,  40       ,            ,           ,  ,*,&,  22     , s, 1      ,(5+)          ,4,1977, B+=100
134,611,134Pm,m ,-66710#      ,  60#      ,   50#      ,  50#      ,  ,*,&,  ~5     , s,        ,(2+)          ,4,1988, B+=100
134,612,134Pm,n ,-66640#      ,  60#      ,  120#      ,  50#      ,  , , ,  20     ,us, 1      ,(7-)          ,,2009, IT=100
134,620,134Sm,  ,-61380#      , 200#      ,            ,           ,  , , ,   9.5   , s, 0.8    ,0+            ,4,1977, B+=100
134,630,134Eu,  ,-49800#      , 300#      ,            ,           ,  , , , 500     ,ms, 200    ,              ,4,1989, B+=100;B+p=?
134,640,134Gd,  ,-41530#      , 400#      ,            ,           ,  , , , 400#    ,ms,        ,0+            ,4,, B+ ?;B+p ?
135,480,135Cd,  ,-32820#      , 400#      ,            ,           ,  , , ,         ,  ,        ,5/2-#         ,,, B- ?;B-n ?
135,490,135In,  ,-47110#      , 300#      ,            ,           ,  , , , 103     ,ms, 3      ,9/2+#         ,16,2002, B-=100;B-n= ?;B-2n ?
135,500,135Sn,  ,-60632       ,   3       ,            ,           ,  , , , 515     ,ms, 5      ,7/2-#         ,16,1994, B-=100;B-n=21 3;B-2n ?
135,510,135Sb,  ,-69690.3     ,   2.6     ,            ,           ,  , , ,   1.668 , s, 0.009  ,(7/2+)        ,16,1964, B-=100;B-n=19.1 5
135,520,135Te,  ,-77728.8     ,   1.7     ,            ,           ,  , , ,  19.0   , s, 0.2    ,(7/2-)        ,8,1969, B-=100
135,521,135Te,m ,-76173.9     ,   1.7     , 1554.89    ,   0.16    ,  , , , 511     ,ns, 20     ,(19/2-)       ,8,1980, IT=100
135,530,135I ,  ,-83779.2     ,   2.1     ,            ,           ,  , , ,   6.58  , h, 0.03   ,7/2+*         ,8,1940, B-=100
135,540,135Xe,  ,-86413       ,   4       ,            ,           ,  , , ,   9.14  , h, 0.02   ,3/2+          ,8,1940, B-=100
135,541,135Xe,m ,-85886       ,   4       ,  526.551   ,   0.013   ,  , , ,  15.29  , m, 0.05   ,11/2-*        ,8,1960, IT~100;B-=0.30 17
135,550,135Cs,  ,-87582.0     ,   0.4     ,            ,           ,  , , ,   1.33  ,My, 0.19   ,7/2+*         ,8,1949, B-=100
135,551,135Cs,m ,-85949.1     ,   1.6     , 1632.9     ,   1.5     ,  , , ,  53     , m, 2      ,19/2-*        ,8,1962, IT=100
135,560,135Ba,  ,-87850.65    ,   0.25    ,            ,           ,  , , , stbl    ,  ,        ,3/2+*         ,8,1932, IS=6.59 10
135,561,135Ba,m ,-87582.43    ,   0.25    ,  268.218   ,   0.020   ,  , , ,  28.11  , h, 0.02   ,11/2-         ,8,1948, IT=100
135,562,135Ba,n ,-85462.7     ,   0.6     , 2388.0     ,   0.5     ,  , , ,   1.06  ,ms, 0.04   ,(23/2+)       ,,2018, IT=100
135,570,135La,  ,-86643       ,   9       ,            ,           ,  , , ,  18.91  , h, 0.02   ,5/2+*         ,8,1948, B+=100
135,580,135Ce,  ,-84616       ,  10       ,            ,           ,  , , ,  17.7   , h, 0.3    ,1/2+*         ,8,1948, B+=100
135,581,135Ce,m ,-84170       ,  10       ,  445.81    ,   0.21    ,  , , ,  20     , s, 1      ,(11/2-)       ,8,1963, IT=100
135,590,135Pr,  ,-80936       ,  12       ,            ,           ,  , , ,  24     , m, 1      ,3/2+*         ,8,1954, B+=100
135,591,135Pr,m ,-80578       ,  12       ,  358.06    ,   0.06    ,  , , , 105     ,us, 10     ,(11/2-)       ,8,1973, IT=100
135,600,135Nd,  ,-76214       ,  19       ,            ,           ,  , , ,  12.4   , m, 0.6    ,9/2-*         ,8,1970, B+=100
135,601,135Nd,m ,-76149       ,  19       ,   64.95    ,   0.24    ,  , , ,   5.5   , m, 0.5    ,(1/2+)        ,8,1970, B+~100;IT ?
135,610,135Pm,  ,-70060       ,  80       ,            ,           ,  , , ,  49     , s, 3      ,"(3/2+,5/2+)   ",8,1975, B+=100
135,611,135Pm,m ,-69830#      ,  50#      ,  240#      , 100#      ,  , , ,  40     , s, 3      ,(11/2-)       ,8,1989, B+=100
135,620,135Sm,  ,-62860       , 150       ,            ,           ,  , , ,  10.3   , s, 0.5    ,(7/2+)        ,8,1977, B+=100;B+p=0.02 1
135,630,135Eu,  ,-54150#      , 200#      ,            ,           ,  , , ,   1.5   , s, 0.2    ,5/2+#         ,16,1989, B+=100;B+p ?
135,640,135Gd,  ,-44250#      , 400#      ,            ,           ,  , , ,   1.1   , s, 0.2    ,(5/2+)        ,16,1996, B+=100;B+p~2
135,650,135Tb,  ,-33050#      , 400#      ,            ,           ,  , , ,   1.01  ,ms, 0.28   ,(7/2-)        ,16,2004, p~100;B+ ?
136,490,136In,  ,-40970#      , 300#      ,            ,           ,  , , ,  86     ,ms, 9      ,7-#           ,18,2015, B-=100;B-n ?;B-2n ?
136,500,136Sn,  ,-56170#      , 200#      ,            ,           ,  , , , 355     ,ms, 18     ,0+            ,18,1994, B-=100;B-n=28 3;B-2n ?
136,510,136Sb,  ,-64507       ,   6       ,            ,           ,  , , , 923     ,ms, 14     ,(1-)          ,18,1976, B-=100;B-n=24.7 5;B-2n=0.14 3
136,511,136Sb,m ,-64238       ,   6       ,  269.3     ,   0.5     ,  , , , 570     ,ns, 5      ,(6-)          ,18,2001, IT=100
136,520,136Te,  ,-74425.3     ,   2.3     ,            ,           ,  , , ,  17.63  , s, 0.09   ,0+            ,18,1974, B-=100;B-n=1.37 4
136,530,136I ,  ,-79545       ,  14       ,            ,           ,  , , ,  83.4   , s, 0.4    ,(1-)          ,18,1949, B-=100
136,531,136I ,m ,-79339       ,   5       ,  206       ,  15       ,BD, , ,  46.6   , s, 1.1    ,(6-)          ,18,1959, B-=100
136,540,136Xe,  ,-86429.170   ,   0.007   ,            ,           ,  , , ,   2.18  ,Zy, 0.05   ,0+            ,18,1920, IS=8.857 72;2B-=100
136,541,136Xe,m ,-84537.43    ,   0.07    , 1891.74    ,   0.07    ,  , , ,   2.92  ,us, 0.03   ,6+            ,18,1969, IT=100
136,550,136Cs,  ,-86338.9     ,   1.9     ,            ,           ,  , , ,  13.01  , d, 0.05   ,5+*           ,18,1951, B-=100
136,551,136Cs,m ,-85821.0     ,   1.9     ,  517.9     ,   0.1     ,  , , ,  17.5   , s, 0.2    ,8-*           ,18,1981, IT=?;B- ?
136,560,136Ba,  ,-88887.08    ,   0.24    ,            ,           ,  , , , stbl    ,  ,        ,0+            ,18,1932, IS=7.85 24
136,561,136Ba,m ,-86856.55    ,   0.24    , 2030.535   ,   0.018   ,  , , , 308.4   ,ms, 1.9    ,7-            ,19,1965, IT=100
136,562,136Ba,n ,-85529.9     ,   0.3     , 3357.19    ,   0.25    ,  , , ,  91     ,ns, 2      ,10+           ,19,2004, IT=100
136,570,136La,  ,-86040       ,  50       ,            ,           ,  , , ,   9.87  , m, 0.03   ,1+*           ,19,1950, B+=100
136,571,136La,m ,-85780       ,  50       ,  259.5     ,   0.3     ,  , , , 114     ,ms, 5      ,(7-)          ,19,1966, IT=100
136,572,136La,n ,-83520       ,  50       , 2520.6     ,   0.4     ,  , , , 187     ,ns, 27     ,(14+)         ,19,2015, IT=100
136,580,136Ce,  ,-86508.5     ,   0.3     ,            ,           ,  , , , stbl    ,  , >32Py  ,0+            ,19,1936, IS=0.186 2;2B+ ?
136,581,136Ce,m ,-83413.5     ,   0.7     , 3095.0     ,   0.6     ,  , , ,   1.96  ,us, 0.09   ,10+           ,19,1991, IT=100
136,590,136Pr,  ,-81340       ,  11       ,            ,           ,  , , ,  13.1   , m, 0.1    ,2+*           ,19,1968, B+=100
136,600,136Nd,  ,-79199       ,  12       ,            ,           ,  , , ,  50.65  , m, 0.33   ,0+            ,19,1968, B+=100
136,610,136Pm,  ,-71170       ,  70       ,            ,           ,  ,*, , 107     , s, 6      ,7+#           ,19,1988, B+=100
136,611,136Pm,m ,-71070       ,  90       ,  100       , 120       ,MD,*, ,  90     , s, 35     ,2+#           ,19,1982, B+=100
136,612,136Pm,n ,-71130       ,  70       ,   42.7     ,   0.2     ,  , , ,   1.5   ,us, 0.1    ,7-#           ,19,1987, IT=100
136,620,136Sm,  ,-66811       ,  12       ,            ,           ,  , , ,  47     , s, 2      ,0+            ,19,1982, B+=100
136,621,136Sm,m ,-64546       ,  12       , 2264.7     ,   1.1     ,  , , ,  15     ,us, 1      ,(8-)          ,19,1994, IT=100
136,630,136Eu,  ,-56240#      , 200#      ,            ,           ,  ,*, ,   3.3   , s, 0.3    ,6+#           ,19,1987, B+=100;B+p~0.09
136,631,136Eu,m ,-56140#      , 220#      ,  100#      , 100#      ,  ,*, ,   3.8   , s, 0.3    ,1+#           ,19,1987, B+=100;B+p~0.09
136,640,136Gd,  ,-49090#      , 300#      ,            ,           ,  , , ,   1#    , s, >200ns ,0+            ,19,2000, B+ ?;B+p ?
136,650,136Tb,  ,-35900#      , 500#      ,            ,           ,  , , , 200#    ,ms,        ,5-#           ,19,, B+ ?;B+p ?
137,490,137In,  ,-35830#      , 400#      ,            ,           ,  , , ,  70     ,ms, 40     ,9/2+#         ,15,2015, B-=100;B-n ?;B-2n ?
137,500,137Sn,  ,-50150#      , 300#      ,            ,           ,  , , , 249     ,ms, 15     ,5/2-#         ,7,1994, B-=100;B-n=48 6;B-2n ?
137,510,137Sb,  ,-60060       ,  50       ,            ,           ,  , , , 497     ,ms, 21     ,7/2+#         ,7,1994, B-=100;B-n=49 6;B-2n ?
137,520,137Te,  ,-69303.8     ,   2.1     ,            ,           ,  , , ,   2.49  , s, 0.05   ,3/2-#         ,7,1975, B-=100;B-n=2.94 14
137,530,137I ,  ,-76356       ,   8       ,            ,           ,  , , ,  24.13  , s, 0.12   ,7/2+#         ,7,1943, B-=100;B-n=7.51 11
137,540,137Xe,  ,-82383.41    ,   0.10    ,            ,           ,  , , ,   3.818 , m, 0.013  ,7/2-*         ,7,1943, B-=100
137,550,137Cs,  ,-86545.8     ,   0.3     ,            ,           ,  , , ,  30.04  , y, 0.04   ,7/2+*         ,7,1951, B-=100
137,560,137Ba,  ,-87721.40    ,   0.25    ,            ,           ,  , , , stbl    ,  ,        ,3/2+*         ,7,1932, IS=11.23 23
137,561,137Ba,m ,-87059.74    ,   0.25    ,  661.659   ,   0.003   ,  , , ,   2.552 , m, 0.001  ,11/2-*        ,7,1965, IT=100
137,562,137Ba,n ,-85372.3     ,   0.6     , 2349.1     ,   0.5     ,  , , , 589     ,ns, 20     ,(19/2-)       ,7,1973, IT=100
137,570,137La,  ,-87140.9     ,   1.6     ,            ,           ,  , , ,  60     ,ky, 20     ,7/2+*         ,7,1948, EC=100
137,571,137La,m ,-85271.4     ,   1.6     , 1869.50    ,   0.21    ,  , , , 342     ,ns, 25     ,19/2-         ,7,1982, IT=100
137,580,137Ce,  ,-85918.8     ,   0.4     ,            ,           ,  , , ,   9.0   , h, 0.3    ,3/2+*         ,7,1948, B+=100
137,581,137Ce,m ,-85664.5     ,   0.4     ,  254.29    ,   0.05    ,  , , ,  34.4   , h, 0.3    ,11/2-*        ,7,1958, IT=99.21 4;B+=0.79 4
137,590,137Pr,  ,-83202       ,   8       ,            ,           ,  , , ,   1.28  , h, 0.03   ,5/2+*         ,7,1958, B+=100
137,591,137Pr,m ,-82641       ,   8       ,  561.22    ,   0.23    ,  , , ,   2.66  ,us, 0.07   ,11/2-         ,7,1987, IT=100
137,600,137Nd,  ,-79584       ,  12       ,            ,           ,  , , ,  38.5   , m, 1.5    ,1/2+*         ,7,1970, B+=100
137,601,137Nd,m ,-79065       ,  12       ,  519.43    ,   0.20    ,  , , ,   1.60  , s, 0.15   ,11/2-         ,7,1970, IT=100
137,610,137Pm,  ,-74073       ,  13       ,            ,           ,  , ,&,   2#    , m,        ,5/2-#         ,,1975, B+ ?
137,611,137Pm,m ,-73910       ,  40       ,  160       ,  50       ,BD, ,&,   2.4   , m, 0.1    ,11/2-         ,7,1973, B+=100
137,620,137Sm,  ,-67992       ,  29       ,            ,           ,  , , ,  45     , s, 1      ,(9/2-)        ,7,1986, B+=100
137,621,137Sm,m ,-67890#      ,  60#      ,  100#      ,  50#      ,  , , ,  20#    , s,        ,1/2+#         ,,, B+ ?
137,630,137Eu,  ,-60146       ,   4       ,            ,           ,  , , ,   8.4   , s, 0.5    ,5/2+#         ,7,1982, B+=100
137,640,137Gd,  ,-51210#      , 300#      ,            ,           ,  , , ,   2.2   , s, 0.2    ,(7/2)(+#)     ,7,1999, B+=100;B+p=?
137,650,137Tb,  ,-40970#      , 400#      ,            ,           ,  , , , 600#    ,ms,        ,3/2+#         ,,, p ?;B+ ?
138,500,138Sn,  ,-45510#      , 400#      ,            ,           ,  , , , 148     ,ms, 9      ,0+            ,17,2010, B-=100;B-n=36 12;B-2n ?
138,501,138Sn,m ,-44170#      , 400#      , 1344       ,   2       ,  , , , 210     ,ns, 45     ,(6+)          ,17,2014, IT=100
138,510,138Sb,  ,-54650#      , 300#      ,            ,           ,  , , , 333     ,ms, 7      ,(3-)          ,17,1994, B-=100;B-n=72 8;B-2n ?
138,520,138Te,  ,-65696       ,   4       ,            ,           ,  , , ,   1.46  , s, 0.25   ,0+            ,17,1975, B-=100;B-n=4.80 23
138,530,138I ,  ,-71980       ,   6       ,            ,           ,  , , ,   6.26  , s, 0.03   ,(1-)          ,17,1949, B-=100;B-n=5.33 11
138,531,138I ,m ,-71912       ,   6       ,   67.9     ,   0.3     ,  , , ,   1.26  ,us, 0.16   ,(3-)          ,17,2007, IT=100
138,540,138Xe,  ,-79972.2     ,   2.8     ,            ,           ,  , , ,  14.14  , m, 0.07   ,0+            ,17,1943, B-=100
138,550,138Cs,  ,-82887       ,   9       ,            ,           ,  , , ,  33.5   , m, 0.2    ,3-*           ,17,1943, B-=100
138,551,138Cs,m ,-82807       ,   9       ,   79.9     ,   0.3     ,  , , ,   2.91  , m, 0.10   ,6-*           ,17,1971, IT=81 3;B-=19 3
138,560,138Ba,  ,-88261.81    ,   0.25    ,            ,           ,  , , , stbl    ,  ,        ,0+            ,17,1925, IS=71.70 29
138,561,138Ba,m ,-86171.27    ,   0.25    , 2090.536   ,   0.021   ,  , , , 850     ,ns, 100    ,6+            ,17,1971, IT=100
138,570,138La,  ,-86513.4     ,   0.4     ,            ,           ,  , , , 103     ,Gy, 1      ,5+*           ,17,1947, IS=0.08881 71;B+=65.5 4;B-=34.5 4
138,571,138La,m ,-86440.8     ,   0.4     ,   72.57    ,   0.03    ,  , , , 116     ,ns, 5      ,(3)+          ,17,1975, IT=100
138,572,138La,n ,-85774.6     ,   0.4     ,  738.80    ,   0.20    ,  , , ,   2.0   ,us, 0.3    ,7-            ,17,2014, IT=100
138,580,138Ce,  ,-87565.9     ,   0.5     ,            ,           ,  , , , stbl    ,  , >44Py  ,0+            ,17,1936, IS=0.251 2;2B+ ?
138,581,138Ce,m ,-85436.6     ,   0.5     , 2129.28    ,   0.12    ,  , , ,   8.73  ,ms, 0.20   ,7-            ,17,1960, IT=100
138,590,138Pr,  ,-83129       ,  10       ,            ,           ,  , , ,   1.45  , m, 0.05   ,1+            ,17,1951, B+=100
138,591,138Pr,m ,-82779       ,  16       ,  350       ,  19       ,BD, , ,   2.12  , h, 0.04   ,7-*           ,17,1958, B+=100
138,600,138Nd,  ,-82017       ,  12       ,            ,           ,  , , ,   5.04  , h, 0.09   ,0+            ,17,1965, B+=100
138,601,138Nd,m ,-78843       ,  12       , 3174.5     ,   0.4     ,  , , , 370     ,ns, 5      ,10+           ,17,1975, IT=100
138,610,138Pm,  ,-74914       ,  12       ,            ,           ,  , , ,   3.24  , m, 0.05   ,3-#           ,17,1973, B+=100
138,611,138Pm,m ,             ,           , non-exist  ,           ,EU, , ,  10     , s, 2      ,1+#           ,17,, B+=100
138,620,138Sm,  ,-71498       ,  12       ,            ,           ,  , , ,   3.1   , m, 0.2    ,0+            ,17,1982, B+=100
138,630,138Eu,  ,-61750       ,  28       ,            ,           ,  ,*,&,   5#    , s,        ,2-#           ,17,1982, B+ ?
138,631,138Eu,m ,-61650#      ,  60#      ,  100#      ,  50#      ,  ,*,&,  12.1   , s, 0.6    ,7-#           ,17,1982, B+=100
138,640,138Gd,  ,-55660#      , 200#      ,            ,           ,  , , ,   4.7   , s, 0.9    ,0+            ,17,1985, B+=100
138,641,138Gd,m ,-53430#      , 200#      , 2232.6     ,   1.1     ,  , , ,   6.2   ,us, 0.2    ,(8-)          ,17,1997, IT=100
138,650,138Tb,  ,-43600#      , 300#      ,            ,           ,  , , , 800#    ,ms, >200ns ,2+#           ,17,1993, B+ ?;B+p ?;p=0
138,660,138Dy,  ,-34930#      , 500#      ,            ,           ,  , , , 200#    ,ms,        ,0+            ,,, B+ ?;B+p ?
139,500,139Sn,  ,-39310#      , 400#      ,            ,           ,  , , , 120     ,ms, 38     ,5/2-#         ,16,2015, B-=100;B-n ?;B-2n ?
139,510,139Sb,  ,-50050#      , 400#      ,            ,           ,  , , , 182     ,ms, 9      ,7/2+#         ,16,1994, B-=100;B-n=90 10;B-2n ?
139,520,139Te,  ,-60205       ,   4       ,            ,           ,  , , , 724     ,ms, 81     ,5/2-#         ,16,1994, B-=100;B-n ?
139,530,139I ,  ,-68471       ,   4       ,            ,           ,  , , ,   2.280 , s, 0.011  ,7/2+#         ,16,1949, B-=100;B-n=9.74 24
139,540,139Xe,  ,-75644.6     ,   2.1     ,            ,           ,  , , ,  39.68  , s, 0.14   ,3/2-*         ,16,1951, B-=100
139,550,139Cs,  ,-80701       ,   3       ,            ,           ,  , , ,   9.27  , m, 0.05   ,7/2+*         ,16,1939, B-=100
139,560,139Ba,  ,-84913.92    ,   0.25    ,            ,           ,  , , ,  82.93  , m, 0.09   ,7/2-*         ,16,1937, B-=100
139,570,139La,  ,-87222.4     ,   0.6     ,            ,           ,  , , , stbl    ,  ,        ,7/2+*         ,16,1924, IS=99.91119 71
139,571,139La,m ,-85422.0     ,   0.7     , 1800.4     ,   0.4     ,  , , , 315     ,ns, 35     ,(17/2+)       ,,2012, IT=100
139,580,139Ce,  ,-86957.7     ,   2.1     ,            ,           ,  , , , 137.642 , d, 0.020  ,3/2+*         ,16,1948, EC=100
139,581,139Ce,m ,-86203.5     ,   2.1     ,  754.24    ,   0.08    ,  , , ,  57.58  , s, 0.32   ,11/2-         ,16,1967, IT=100
139,590,139Pr,  ,-84829       ,   4       ,            ,           ,  , , ,   4.41  , h, 0.04   ,5/2+*         ,16,1951, B+=100
139,600,139Nd,  ,-82017       ,  28       ,            ,           ,  , , ,  29.7   , m, 0.5    ,3/2+*         ,16,1951, B+=100
139,601,139Nd,m ,-81786       ,  28       ,  231.16    ,   0.05    ,  , , ,   5.50  , h, 0.20   ,11/2-*        ,16,1951, B+=87.0 10;IT=13.0 10
139,602,139Nd,n ,-79400       ,  28       , 2616.9     ,   0.6     ,  , , , 276.8   ,ns, 1.8    ,23/2+         ,16,1980, IT=100
139,610,139Pm,  ,-77501       ,  14       ,            ,           ,  , , ,   4.15  , m, 0.05   ,(5/2)+        ,16,1967, B+=100
139,611,139Pm,m ,-77312       ,  14       ,  188.7     ,   0.3     ,  , , , 180     ,ms, 20     ,(11/2)-       ,16,1975, IT~100;B+ ?
139,620,139Sm,  ,-72380       ,  11       ,            ,           ,  , , ,   2.57  , m, 0.10   ,1/2+*         ,16,1971, B+=100
139,621,139Sm,m ,-71923       ,  11       ,  457.38    ,   0.23    ,  , , ,  10.7   , s, 0.6    ,11/2-         ,16,1973, IT=93.7 5;B+=6.3 5
139,630,139Eu,  ,-65398       ,  13       ,            ,           ,  , , ,  17.9   , s, 0.6    ,(11/2)-       ,16,1975, B+=100
139,631,139Eu,m ,-65250       ,  13       ,  148.3     ,   0.3     ,  , , ,  10     ,us, 2      ,(7/2+)        ,16,2011, IT=100
139,640,139Gd,  ,-57630#      , 200#      ,            ,           ,  ,*, ,   5.7   , s, 0.3    ,9/2-#         ,16,1983, B+=100;B+p=?
139,641,139Gd,m ,-57380#      , 250#      ,  250#      , 150#      ,  ,*, ,   4.8   , s, 0.9    ,1/2+#         ,16,1983, B+=100;B+p=?
139,650,139Tb,  ,-48130#      , 300#      ,            ,           ,  , , ,   1.6   , s, 0.2    ,5/2-#         ,16,1999, B+=100;B+p ?
139,660,139Dy,  ,-37700#      , 500#      ,            ,           ,  , , , 600     ,ms, 200    ,(7/2+)        ,1,1999, B+=100;B+p~11
140,500,140Sn,  ,-34490#      , 300#      ,            ,           ,  , , ,  50#    ,ms, >550ns ,0+            ,,2018, B- ?;B-n ?;B-2n ?
140,510,140Sb,  ,-44390#      , 600#      ,            ,           ,  , , , 170     ,ms, 6      ,(3-)          ,18,2010, B-=100;B-n=23 4;B-2n=7.6 25
140,511,140Sb,m ,-44060#      , 600#      ,  330#      ,  30#      ,  , , ,  41     ,us, 8      ,"(6-,7-)       ",18,2016, IT=100
140,520,140Te,  ,-56367       ,  14       ,            ,           ,  , , , 351     ,ms,  5     ,0+            ,18,1994, B-=100;B-n=?
140,530,140I ,  ,-63606       ,  12       ,            ,           ,  , , , 588     ,ms, 10     ,(2-)          ,18,1972, B-=100;B-n=7.60 28;B-2n ?
140,540,140Xe,  ,-72986.5     ,   2.3     ,            ,           ,  , , ,  13.60  , s, 0.10   ,0+            ,18,1951, B-=100
140,550,140Cs,  ,-77050       ,   8       ,            ,           ,  , , ,  63.7   , s, 0.3    ,1-*           ,18,1950, B-=100
140,551,140Cs,m ,-77036       ,   8       ,   13.931   ,   0.021   ,  , , , 471     ,ns, 51     ,(2)-          ,18,1974, IT=100
140,560,140Ba,  ,-83268       ,   8       ,            ,           ,  , , ,  12.7534, d, 0.0021 ,0+            ,18,1939, B-=100
140,570,140La,  ,-84312.1     ,   0.6     ,            ,           ,  , , ,  40.289 , h, 0.004  ,3-*           ,18,1935, B-=100
140,580,140Ce,  ,-88074.2     ,   1.3     ,            ,           ,  , , , stbl    ,  ,        ,0+            ,18,1925, IS=88.449 51
140,581,140Ce,m ,-85966.3     ,   1.3     , 2107.854   ,   0.024   ,  , , ,   7.3   ,us, 1.5    ,6+            ,18,1966, IT=100
140,590,140Pr,  ,-84686       ,   6       ,            ,           ,  , , ,   3.39  , m, 0.01   ,1+*           ,18,1938, B+=100;e+=48.7 22;EC=51.3 22
140,591,140Pr,m ,-84558       ,   6       ,  127.8     ,   0.3     ,  , , , 350     ,ns, 20     ,5+            ,18,1964, IT=100
140,592,140Pr,n ,-83922       ,   6       ,  763.7     ,   0.5     ,  , , ,   3.05  ,us, 0.20   ,(7)-          ,18,1964, IT=100
140,600,140Nd,  ,-84257       ,   3       ,            ,           ,  , , ,   3.37  , d, 0.02   ,0+            ,18,1949, EC=100
140,601,140Nd,m ,-82035       ,   3       , 2221.65    ,   0.09    ,  , , , 600     ,us, 50     ,7-            ,18,1962, IT=100
140,602,140Nd,n ,-76822       ,   3       , 7435.1     ,   0.4     ,  , , ,   1.22  ,us, 0.06   ,20+           ,,2008, IT=100
140,610,140Pm,  ,-78212       ,  24       ,            ,           ,  , , ,   9.2   , s, 0.2    ,1+            ,18,1966, B+=100
140,611,140Pm,m ,-77783       ,  13       ,  429       ,  28       ,BD, , ,   5.95  , m, 0.05   ,8-            ,18,1966, B+=100
140,620,140Sm,  ,-75456       ,  12       ,            ,           ,  , , ,  14.82  , m, 0.12   ,0+            ,18,1967, B+=100
140,630,140Eu,  ,-66990       ,  50       ,            ,           ,  , , ,   1.51  , s, 0.02   ,1+            ,18,1982, B+=100;e+=95.1 7;EC=4.9 7
140,631,140Eu,m ,-66780       ,  50       ,  210       ,  14       ,  , , , 125     ,ms, 2      ,(5-)          ,18,1988, IT~100;B+<1
140,632,140Eu,n ,-66320       ,  50       ,  669       ,  14       ,  , , , 299.8   ,ns, 2.1    ,(8+)          ,18,2002, IT=100
140,640,140Gd,  ,-61782       ,  28       ,            ,           ,  , , ,  15.8   , s, 0.4    ,0+            ,18,1985, B+=100;e+=67 8;EC=33 8
140,650,140Tb,  ,-50480       , 800       ,            ,           ,  , , ,   2.29  , s, 0.15   ,(7+)          ,18,1986, B+=100;EC<3;B+p=0.26 13
140,660,140Dy,  ,-42830#      , 400#      ,            ,           ,  , , , 700#    ,ms,        ,0+            ,18,2002, B+ ?;B+p ?
140,661,140Dy,m ,-40660#      , 400#      , 2166.1     ,   0.5     ,  , , ,   7.0   ,us, 0.5    ,8-            ,18,2002, IT=100
140,670,140Ho,  ,-29320#      , 500#      ,            ,           ,  , , ,   6     ,ms, 3      ,8+#           ,18,1999, p=?;B+ ?;B+p ?
141,510,141Sb,  ,-39540#      , 500#      ,            ,           ,  , , , 103     ,ms, 29     ,7/2+#         ,18,2018, B-=100;B-n ?;B-2n ?
141,520,141Te,  ,-50670#      , 400#      ,            ,           ,  , , , 193     ,ms, 16     ,5/2-#         ,14,1994, B-=100;B-n ?;B-2n ?
141,530,141I ,  ,-59927       ,  16       ,            ,           ,  , , , 420     ,ms, 7      ,7/2+#         ,14,1974, B-=100;B-n=21.2 30
141,540,141Xe,  ,-68197.3     ,   2.9     ,            ,           ,  , , ,   1.73  , s, 0.01   ,5/2-*         ,14,1951, B-=100;B-n=0.044 5
141,550,141Cs,  ,-74477       ,   9       ,            ,           ,  , , ,  24.84  , s, 0.16   ,7/2+*         ,14,1962, B-=100;B-n=0.0342 14
141,560,141Ba,  ,-79732       ,   5       ,            ,           ,  , , ,  18.27  , m, 0.07   ,3/2-*         ,14,1945, B-=100
141,570,141La,  ,-82930       ,   4       ,            ,           ,  , , ,   3.92  , h, 0.03   ,(7/2+)        ,14,1951, B-=100
141,580,141Ce,  ,-85431.1     ,   1.3     ,            ,           ,  , , ,  32.505 , d, 0.010  ,7/2-*         ,14,1948, B-=100
141,590,141Pr,  ,-86014.5     ,   1.5     ,            ,           ,  , , , stbl    ,  ,        ,5/2+*         ,14,1924, IS=100
141,600,141Nd,  ,-84192       ,   3       ,            ,           ,  , , ,   2.49  , h, 0.03   ,3/2+*         ,14,1949, B+=100;EC=97.28 16;e+=2.72 16
141,601,141Nd,m ,-83435       ,   3       ,  756.51    ,   0.05    ,  , , ,  62.0   , s, 0.8    ,11/2-         ,14,1960, IT~100;B+=0.032 8
141,610,141Pm,  ,-80523       ,  14       ,            ,           ,  , , ,  20.90  , m, 0.05   ,5/2+*         ,14,1952, B+=100
141,611,141Pm,m ,-79894       ,  14       ,  628.62    ,   0.07    ,  , , , 630     ,ns, 20     ,11/2-         ,14,1970, IT=100
141,612,141Pm,n ,-77992       ,  14       , 2530.75    ,   0.17    ,  , , ,  >2     ,us,        ,(23/2+)       ,14,1985, IT=100
141,620,141Sm,  ,-75934       ,   9       ,            ,           ,  , , ,  10.2   , m, 0.2    ,1/2+*         ,14,1967, B+=100
141,621,141Sm,m ,-75758       ,   9       ,  175.9     ,   0.3     ,  , , ,  22.6   , m, 0.2    ,11/2-*        ,14,1967, B+=99.69 3;IT=0.31 3
141,630,141Eu,  ,-69926       ,  13       ,            ,           ,  , , ,  40.7   , s, 0.7    ,5/2+          ,14,1977, B+=100
141,631,141Eu,m ,-69830       ,  13       ,   96.45    ,   0.07    ,  , , ,   2.7   , s, 0.3    ,11/2-         ,14,1973, IT=86 3;B+=14 3
141,640,141Gd,  ,-63224       ,  20       ,            ,           ,  , , ,  14     , s, 4      ,(1/2+)        ,14,1986, B+=100;B+p=0.03 1
141,641,141Gd,m ,-62846       ,  20       ,  377.76    ,   0.09    ,  , , ,  24.5   , s, 0.5    ,(11/2-)       ,14,1986, B+=89 2;IT=11 2
141,650,141Tb,  ,-54540       , 110       ,            ,           ,  ,*, ,   3.5   , s, 0.2    ,(5/2-)        ,14,1986, B+=100
141,651,141Tb,m ,-54540#      , 230#      ,    0#      , 200#      ,EU,*, ,   7.9   , s, 0.6    ,11/2-#        ,14,1988, B+=100
141,660,141Dy,  ,-45380#      , 300#      ,            ,           ,  , , , 900     ,ms, 140    ,(9/2-)        ,14,1984, B+=100;B+p=?
141,670,141Ho,  ,-34360#      , 400#      ,            ,           ,  , , ,   4.1   ,ms, 0.1    ,(7/2-)        ,14,1998, p~100;B+ ?;B+p ?
141,671,141Ho,m ,-34290#      , 400#      ,   66       ,   2       ,  , , ,   7.3   ,us, 0.3    ,(1/2+)        ,14,1998, p=100
142,510,142Sb,  ,-33610#      , 300#      ,            ,           ,  , , ,  80     ,ms, 50     ,              ,,2018, B-=100;B-n ?;B-2n ?
142,520,142Te,  ,-46550#      , 500#      ,            ,           ,  , , , 147     ,ms, 8      ,0+            ,11,1994, B-=100;B-n ?;B-2n ?
142,530,142I ,  ,-54803       ,   5       ,            ,           ,  , , , 235     ,ms, 11     ,2-#           ,11,1975, B-=100;B-n ?;B-2n ?
142,540,142Xe,  ,-65229.6     ,   2.7     ,            ,           ,  , , ,   1.23  , s, 0.02   ,0+            ,11,1960, B-=100;B-n=0.37 3
142,550,142Cs,  ,-70515       ,   7       ,            ,           ,  , , ,   1.687 , s, 0.010  ,0-*           ,11,1962, B-=100;B-n=0.089 3
142,560,142Ba,  ,-77842       ,   6       ,            ,           ,  , , ,  10.6   , m, 0.2    ,0+            ,11,1959, B-=100
142,570,142La,  ,-80024       ,   6       ,            ,           ,  , , ,  91.1   , m, 0.5    ,2-            ,11,1953, B-=100
142,571,142La,m ,-79878       ,   6       ,  145.82    ,   0.08    ,  , , , 870     ,ns, 170    ,(4)-          ,11,1983, IT=100
142,580,142Ce,  ,-84532.9     ,   2.4     ,            ,           ,  , , , stbl    ,  , >2.9Ey ,0+            ,11,1925, IS=11.114 51;A ?;2B- ?
142,590,142Pr,  ,-83786.4     ,   1.5     ,            ,           ,  , , ,  19.12  , h, 0.04   ,2-*           ,11,1935, B-~100;EC=0.0164 8
142,591,142Pr,m ,-83782.7     ,   1.5     ,    3.694   ,   0.003   ,  , , ,  14.6   , m, 0.5    ,5-*           ,11,1967, IT=100
142,600,142Nd,  ,-85950.1     ,   1.3     ,            ,           ,  , , , stbl    ,  ,        ,0+            ,11,1924, IS=27.153 40
142,601,142Nd,m ,             ,           , non-exist  ,           ,EU, , ,  16.5   ,us,        ,6+            ,14,1964, IT=100
142,610,142Pm,  ,-81142       ,  24       ,            ,           ,  , , ,  40.5   , s, 0.5    ,1+            ,11,1959, B+=100;e+=77.1 27;EC=22.9 27
142,611,142Pm,m ,-80259       ,  24       ,  883.17    ,   0.16    ,  , , ,   2.0   ,ms, 0.2    ,(8)-          ,11,1971, IT=100
142,612,142Pm,n ,-78313       ,  24       , 2828.7     ,   0.6     ,  , , ,  67     ,us, 5      ,(13-)         ,11,1974, IT=100
142,620,142Sm,  ,-78981.9     ,   1.9     ,            ,           ,  , , ,  72.49  , m, 0.05   ,0+            ,11,1959, B+=100;e+<5
142,621,142Sm,m ,-76609.8     ,   1.9     , 2372.1     ,   0.4     ,  , , , 170     ,ns, 2      ,7-            ,11,1975, IT=100
142,622,142Sm,n ,-75319.7     ,   2.0     , 3662.2     ,   0.7     ,  , , , 480     ,ns, 60     ,10+           ,11,1979, IT=100
142,630,142Eu,  ,-71310       ,  30       ,            ,           ,  , , ,   2.36  , s, 0.10   ,1+            ,11,1966, B+=100;e+=89.9 16;EC=10.1 16
142,631,142Eu,m ,-70856       ,  12       ,  450       ,  30       ,BD, , ,   1.223 , m, 0.008  ,8-            ,11,1966, B+=100
142,640,142Gd,  ,-66960       ,  28       ,            ,           ,  , , ,  70.2   , s, 0.6    ,0+            ,11,1986, B+=100;EC=52 5;e+=48 5
142,650,142Tb,  ,-56560       , 700       ,            ,           ,  , , , 597     ,ms, 17     ,1+            ,11,1991, B+=100;e+=96.8 4;EC=3.2 4;B+p=0.0022 11
142,651,142Tb,m ,-56280       , 700       ,  279.7     ,   0.4     ,  , , , 303     ,ms, 17     ,5-            ,11,1986, IT=100
142,652,142Tb,n ,-55910       , 700       ,  652.1     ,   0.6     ,  , , ,  26     ,us, 1      ,8+            ,11,1989, IT=100
142,660,142Dy,  ,-50120#      , 730#      ,            ,           ,  , , ,   2.3   , s, 0.3    ,0+            ,11,1986, B+=100;e+=90 4;EC=10 4;B+p=0.06 3
142,670,142Ho,  ,-37250#      , 400#      ,            ,           ,  , , , 400     ,ms, 100    ,"(7-,8+)       ",11,2001, B+~100;B+p=?;p~0
142,680,142Er,  ,-27930#      , 500#      ,            ,           ,  , , ,  10#    ,us,        ,0+            ,,, p ?
143,520,143Te,  ,-40530#      , 500#      ,            ,           ,  , , , 120     ,ms, 8      ,7/2+#         ,12,2010, B-=100;B-n ?;B-2n ?
143,530,143I ,  ,-50790#      , 200#      ,            ,           ,  , , , 182     ,ms, 8      ,7/2+#         ,12,1994, B-=100;B-n ?;B-2n ?
143,540,143Xe,  ,-60203       ,   5       ,            ,           ,  , , , 511     ,ms, 6      ,5/2-*         ,12,1951, B-=100;B-n=1.00 15
143,550,143Cs,  ,-67676       ,   8       ,            ,           ,  , , ,   1.802 , s, 0.008  ,3/2+*         ,12,1962, B-=100;B-n=1.62 6
143,560,143Ba,  ,-73937       ,   7       ,            ,           ,  , , ,  14.5   , s, 0.3    ,5/2-*         ,12,1962, B-=100
143,570,143La,  ,-78171       ,   7       ,            ,           ,  , , ,  14.2   , m, 0.1    ,(7/2)+        ,12,1951, B-=100
143,580,143Ce,  ,-81606.4     ,   2.4     ,            ,           ,  , , ,  33.039 , h, 0.006  ,3/2-*         ,12,1948, B-=100
143,590,143Pr,  ,-83068.2     ,   1.8     ,            ,           ,  , , ,  13.57  , d, 0.02   ,7/2+*         ,12,1948, B-=100
143,600,143Nd,  ,-84002.3     ,   1.3     ,            ,           ,  , , , stbl    ,  , >3.1Ey ,7/2-*         ,12,1933, IS=12.173 26
143,610,143Pm,  ,-82960.7     ,   2.9     ,            ,           ,  , , , 265     , d, 7      ,5/2+          ,12,1952, EC=100;e+<5.7e-6
143,620,143Sm,  ,-79517.1     ,   2.7     ,            ,           ,  , , ,   8.75  , m, 0.06   ,3/2+*         ,12,1956, B+=100;e+=40.0 20;EC=60.0 20
143,621,143Sm,m ,-78763.1     ,   2.7     ,  753.99    ,   0.16    ,  , , ,  66     , s, 2      ,11/2-         ,12,1960, IT~100;B+=0.24 5
143,622,143Sm,n ,-76723.3     ,   3.0     , 2793.8     ,   1.3     ,  , , ,  30     ,ms, 3      ,23/2-         ,12,1969, IT=100
143,630,143Eu,  ,-74241       ,  11       ,            ,           ,  , , ,   2.59  , m, 0.02   ,5/2+*         ,12,1965, B+=100
143,631,143Eu,m ,-73851       ,  11       ,  389.51    ,   0.04    ,  , , ,  50.0   ,us, 0.5    ,11/2-         ,12,1978, IT=100
143,640,143Gd,  ,-68230       , 200       ,            ,           ,  , , ,  39     , s, 2      ,1/2+          ,12,1975, B+=100;B+p=?;B+A=?
143,641,143Gd,m ,-68080       , 200       ,  152.6     ,   0.5     ,  , , , 110.0   , s, 1.4    ,11/2-         ,12,1973, B+=100;B+p=?;B+A=?
143,650,143Tb,  ,-60420       ,  50       ,            ,           ,  ,*, ,  12     , s, 1      ,(11/2-)       ,12,1985, B+=100
143,651,143Tb,m ,-60420#      , 110#      ,    0#      , 100#      ,  ,*, ,  17     , s, 4      ,5/2+#         ,12,1986, B+ ?
143,660,143Dy,  ,-52169       ,  13       ,            ,           ,  , , ,   5.6   , s, 1.0    ,(1/2+)        ,12,1983, B+=100;B+p=?
143,661,143Dy,m ,-51858       ,  13       ,  310.7     ,   0.6     ,  , , ,   3.0   , s, 0.3    ,(11/2-)       ,12,2003, B+=100;B+p=?
143,662,143Dy,n ,-51763       ,  13       ,  406.3     ,   0.8     ,  , , ,   1.2   ,us, 0.3    ,(7/2-)        ,12,2005, IT=100
143,670,143Ho,  ,-42050#      , 300#      ,            ,           ,  , , , 300#    ,ms, >200ns ,11/2-#        ,12,2000, B+ ?;B+p ?
143,680,143Er,  ,-31160#      , 400#      ,            ,           ,  , , , 200#    ,ms,        ,9/2-#         ,12,2005, B+ ?;B+p ?
144,520,144Te,  ,-36220#      , 300#      ,            ,           ,  , , ,  93     ,ms, 60     ,0+            ,18,2015, B-=100;B-n ?;B-2n ?
144,530,144I ,  ,-45330#      , 400#      ,            ,           ,  , , ,  94     ,ms, 8      ,1-#           ,1,1994, B-=100;B-n ?;B-2n ?
144,540,144Xe,  ,-56872       ,   5       ,            ,           ,  , , , 388     ,ms, 7      ,0+            ,1,2003, B-=100;B-n=3.0 3
144,550,144Cs,  ,-63271       ,  20       ,            ,           ,  , , , 994     ,ms, 6      ,1-*           ,10,1967, B-=100;B-n=2.98 6
144,551,144Cs,m ,-63179       ,  20       ,   92.2     ,   0.5     ,  , , ,   1.1   ,us, 0.1    ,(4-)          ,10,2009, IT=100
144,552,144Cs,n ,             ,           , non-exist  ,           ,EU, , ,  <1     , s,        ,(>3-)         ,10,1978, B-=?;IT ?;B-n ?
144,560,144Ba,  ,-71767       ,   7       ,            ,           ,  , , ,  11.73  , s, 0.08   ,0+            ,1,1967, B-=100
144,570,144La,  ,-74850       ,  13       ,            ,           ,  , , ,  44.0   , s, 0.7    ,(3-)          ,1,1967, B-=100
144,580,144Ce,  ,-80431.9     ,   2.8     ,            ,           ,  , , , 284.886 , d, 0.025  ,0+            ,1,1945, B-=100
144,590,144Pr,  ,-80750.6     ,   2.7     ,            ,           ,  , , ,  17.28  , m, 0.05   ,0-            ,1,1951, B-=100
144,591,144Pr,m ,-80691.6     ,   2.7     ,   59.03    ,   0.03    ,  , , ,   7.2   , m, 0.3    ,3-            ,1,1970, IT~100;B-~0.07
144,600,144Nd,  ,-83748.0     ,   1.3     ,            ,           ,  , , ,   2.29  ,Py, 0.16   ,0+            ,1,1924, IS=23.798 19;A=100
144,610,144Pm,  ,-81416.1     ,   2.9     ,            ,           ,  , , , 363     , d, 14     ,5-            ,1,1952, EC=100;e+<8e-5
144,611,144Pm,m ,-80575.2     ,   2.9     ,  840.90    ,   0.05    ,  , , , 780     ,ns, 200    ,(9)+          ,1,1993, IT=100
144,612,144Pm,n ,-72820       ,   4       , 8595.8     ,   2.2     ,  , , ,  ~2.7   ,us,        ,(27+)         ,1,1994, IT=100
144,620,144Sm,  ,-81965.6     ,   1.5     ,            ,           ,  , , , stbl    ,  ,        ,0+            ,1,1933, IS=3.08 4;2B+ ?
144,621,144Sm,m ,-79642.0     ,   1.5     , 2323.60    ,   0.08    ,  , , , 880     ,ns, 25     ,6+            ,1,1972, IT=100
144,630,144Eu,  ,-75619       ,  11       ,            ,           ,  , , ,  10.2   , s, 0.1    ,1+            ,1,1965, B+=100
144,631,144Eu,m ,-74491       ,  11       , 1127.6     ,   0.6     ,  , , ,   1.0   ,us, 0.1    ,8-            ,1,1976, IT=100
144,640,144Gd,  ,-71760       ,  28       ,            ,           ,  , , ,   4.47  , m, 0.06   ,0+            ,1,1968, B+=100
144,641,144Gd,m ,-68327       ,  28       , 3433.1     ,   0.5     ,  , , , 145     ,ns, 30     ,(10+)         ,1,1978, IT=100
144,650,144Tb,  ,-62368       ,  28       ,            ,           ,  , , ,  ~1     , s,        ,1+            ,1,1982, B+=100
144,651,144Tb,m ,-61971       ,  28       ,  396.9     ,   0.5     ,  , , ,   4.25  , s, 0.15   ,6-            ,1,1982, IT=66;B+=34
144,652,144Tb,n ,-61892       ,  28       ,  476.2     ,   0.5     ,  , , ,   2.8   ,us, 0.3    ,(8-)          ,1,1996, IT=100
144,653,144Tb,p ,-61851       ,  28       ,  517.1     ,   0.5     ,  , , , 670     ,ns, 60     ,(9+)          ,1,1996, IT=100
144,654,144Tb,q ,-61824       ,  28       ,  544.5     ,   0.6     ,  , , ,<300     ,ns,        ,(10+)         ,1,1996, IT=100
144,660,144Dy,  ,-56570       ,   7       ,            ,           ,  , , ,   9.1   , s, 0.4    ,0+            ,1,1986, B+=100;B+p=?
144,670,144Ho,  ,-44610       ,   8       ,            ,           ,  , , , 700     ,ms, 100    ,(5-)          ,8,1986, B+=100;B+p=?
144,671,144Ho,m ,-44345       ,   8       ,  265.3     ,   0.3     ,  , , , 519     ,ns, 5      ,(8+)          ,8,2001, IT=100
144,680,144Er,  ,-36610#      , 200#      ,            ,           ,  , , , 400#    ,ms, >200ns ,0+            ,6,2003, B+ ?
144,690,144Tm,  ,-22160#      , 400#      ,            ,           ,  , , ,   2.3   ,us, 0.9    ,(10+)         ,8,2005, p=?;B+ ?
145,520,145Te,  ,-30010#      , 300#      ,            ,           ,  , , ,  75#    ,ms, >550ns ,0+            ,18,2018, B- ?;B-n ?;B-2n ?
145,530,145I ,  ,-41130#      , 500#      ,            ,           ,  , , ,  89.7   ,ms, 9.3    ,7/2+#         ,10,2010, B-=100;B-n ?;B-2n ?
145,540,145Xe,  ,-51493       ,  11       ,            ,           ,  , , , 188     ,ms, 4      ,3/2-#         ,9,2003, B-=100;B-n=5.0 6;B-2n ?
145,550,145Cs,  ,-60054       ,   9       ,            ,           ,  , , , 582     ,ms, 4      ,3/2+*         ,9,1971, B-=100;B-n=12.8 3
145,551,145Cs,m ,-59291       ,   9       ,  762.9     ,   0.4     ,  , , , 500     ,ns, 100    ,13/2#         ,,2015, IT=100
145,560,145Ba,  ,-67516       ,   8       ,            ,           ,  , , ,   4.31  , s, 0.16   ,5/2-*         ,9,1974, B-=100
145,570,145La,  ,-72835       ,  12       ,            ,           ,  , , ,  24.8   , s, 2.0    ,(5/2+)        ,9,1974, B-=100
145,580,145Ce,  ,-77070       ,  30       ,            ,           ,  , , ,   3.01  , m, 0.06   ,5/2-#         ,9,1954, B-=100
145,590,145Pr,  ,-79626       ,   7       ,            ,           ,  , , ,   5.984 , h, 0.010  ,7/2+          ,9,1954, B-=100
145,600,145Nd,  ,-81432.0     ,   1.3     ,            ,           ,  , , , stbl    ,  , >60Py  ,7/2-*         ,9,1933, IS=8.293 12;A ?
145,610,145Pm,  ,-81267.5     ,   2.8     ,            ,           ,  , , ,  17.7   , y, 0.4    ,5/2+          ,9,1951, EC=100;A=2.8e-7
145,620,145Sm,  ,-80651.4     ,   1.5     ,            ,           ,  , , , 340     , d, 3      ,7/2-          ,9,1947, EC=100
145,621,145Sm,m ,-71836.4     ,   1.8     , 8815       ,   1       ,  , , ,   3.52  ,us, 0.16   ,49/2+         ,9,1993, IT=100
145,630,145Eu,  ,-77992       ,   3       ,            ,           ,  , , ,   5.93  , d, 0.04   ,5/2+*         ,9,1951, B+=100
145,631,145Eu,m ,-77276       ,   3       ,  716.0     ,   0.3     ,  , , , 490     ,ns, 30     ,11/2-         ,9,1975, IT=100
145,640,145Gd,  ,-72927       ,  20       ,            ,           ,  , , ,  23.0   , m, 0.4    ,1/2+*         ,9,1959, B+=100
145,641,145Gd,m ,-72178       ,  20       ,  749.1     ,   0.2     ,  , , ,  85     , s, 3      ,11/2-         ,9,1969, IT=94.3 5;B+=5.7 5
145,650,145Tb,  ,-66400       , 110       ,            ,           ,  ,*,&,  30.9   , s, 0.6    ,(11/2-)       ,9,1981, B+=100
145,651,145Tb,m ,-65540       , 200       ,  860       , 230       ,BD,*,&,         ,  ,        ,(3/2+)        ,9,1993, B+ ?
145,660,145Dy,  ,-58243       ,   7       ,            ,           ,  , , ,   9.5   , s, 1.0    ,(1/2+)        ,9,1982, B+=100;B+p=?
145,661,145Dy,m ,-58125       ,   7       ,  118.2     ,   0.2     ,  , , ,  14.1   , s, 0.7    ,(11/2-)       ,9,1982, B+=100;B+p~50
145,670,145Ho,  ,-49120       ,   7       ,            ,           ,  ,*, ,   2.4   , s, 0.1    ,(11/2-)       ,9,1987, B+=100
145,671,145Ho,m ,-49020#      , 100#      ,  100#      , 100#      ,  ,*, , 100#    ,ms,        ,5/2+#         ,,, B+ ?;IT ?
145,680,145Er,  ,-39240#      , 200#      ,            ,           ,  , , , 900     ,ms, 200    ,(1/2+)        ,9,1989, B+=100;B+p=?
145,681,145Er,m ,-39040#      , 200#      ,  205       ,   4       ,p , , ,   1.0   , s, 0.3    ,(11/2-)       ,,2010, B+=100;IT ?;B+p=?
145,690,145Tm,  ,-27580#      , 200#      ,            ,           ,  , , ,   3.17  ,us, 0.20   ,(11/2-)       ,9,1998, p=100
146,530,146I ,  ,-35540#      , 300#      ,            ,           ,  , , ,  94     ,ms, 26     ,              ,,2018, B-=100;B-n ?;B-2n ?
146,540,146Xe,  ,-47955       ,  24       ,            ,           ,  , , , 146     ,ms, 6      ,0+            ,16,1989, B-=100;B-n=6.9 15
146,550,146Cs,  ,-55310.4     ,   2.9     ,            ,           ,  , , , 321.6   ,ms, 0.9    ,1-*           ,16,1971, B-=100;B-n=14.2 4;B-2n ?
146,551,146Cs,m ,-55263.7     ,   2.9     ,   46.7     ,   0.1     ,  , , ,   1.25  ,us, 0.05   ,4-#           ,16,2015, IT=100
146,560,146Ba,  ,-64866.3     ,   1.8     ,            ,           ,  , , ,   2.15  , s, 0.04   ,0+            ,16,1970, B-=100
146,570,146La,  ,-69221.2     ,   1.7     ,            ,           ,  ,*,&,   9.9   , s, 0.1    ,(5-)          ,16,1970, B-=100
146,571,146La,m ,-69079.7     ,   1.7     ,  141.5     ,   2.4     ,MD,*,&,   6.08  , s, 0.22   ,"(1-,2-)       ",16,1969, B-=100
146,580,146Ce,  ,-75626       ,  15       ,            ,           ,  , , ,  13.49  , m, 0.16   ,0+            ,16,1953, B-=100
146,590,146Pr,  ,-76670       ,  30       ,            ,           ,  , , ,  24.09  , m, 0.10   ,(2-)          ,16,1953, B-=100
146,600,146Nd,  ,-80925.9     ,   1.3     ,            ,           ,  , , , stbl    ,  , >1.6Ey ,0+            ,16,1924, IS=17.189 32;2B- ?;A ?
146,610,146Pm,  ,-79454       ,   4       ,            ,           ,  , , ,   5.53  , y, 0.05   ,3-            ,16,1960, EC=66.0 13;B-=34.0 13
146,620,146Sm,  ,-80996       ,   3       ,            ,           ,  , , ,  68     ,My, 7      ,0+            ,16,1953, A=100
146,630,146Eu,  ,-77118       ,   6       ,            ,           ,  , , ,   4.61  , d, 0.03   ,4-*           ,16,1957, B+=100
146,631,146Eu,m ,-76452       ,   6       ,  666.33    ,   0.11    ,  , , , 235     ,us, 3      ,9+            ,16,1962, IT=100
146,640,146Gd,  ,-76086       ,   4       ,            ,           ,  , , ,  48.27  , d, 0.09   ,0+            ,16,1957, EC=100
146,650,146Tb,  ,-67760       ,  40       ,            ,           ,  ,*, ,   8     , s, 4      ,1+            ,16,1974, B+=100
146,651,146Tb,m ,-67610#      , 110#      ,  150#      , 100#      ,  ,*, ,  24.1   , s, 0.5    ,5-            ,16,1974, B+=100
146,652,146Tb,n ,-66830#      , 110#      ,  930#      , 100#      ,  , , ,   1.18  ,ms, 0.02   ,10+           ,16,1989, IT=100
146,660,146Dy,  ,-62555       ,   7       ,            ,           ,  , , ,  33.2   , s, 0.7    ,0+            ,16,1981, B+=100
146,661,146Dy,m ,-59621       ,   7       , 2934.5     ,   0.4     ,  , , , 150     ,ms, 20     ,10+           ,16,1982, IT=100
146,670,146Ho,  ,-51238       ,   7       ,            ,           ,  , , ,   3.32  , s, 0.22   ,(6-)          ,16,1982, B+=100;B+p=?
146,680,146Er,  ,-44322       ,   7       ,            ,           ,  , , ,   1.7   , s, 0.6    ,0+            ,16,1993, B+=100;B+p=?
146,690,146Tm,  ,-31060#      , 200#      ,            ,           ,  , , , 155     ,ms, 20     ,(1+)          ,,1993, p~100;B+ ?;B+p ?
146,691,146Tm,m ,-30750#      , 200#      ,  304       ,   6       ,p , , ,  73     ,ms, 7      ,(5-)          ,16,1993, p=100;B+ ?;B+p ?
146,692,146Tm,n ,-30620#      , 200#      ,  437       ,   7       ,p , , , 200     ,ms, 3      ,(10+)         ,16,1993, p=?;B+ ?;B+p ?
147,530,147I ,  ,-31200#      , 300#      ,            ,           ,  , , ,  60#    ,ms, >550ns ,3/2-#         ,,2018, B- ?;B-n ?;B-2n ?
147,540,147Xe,  ,-42400#      , 200#      ,            ,           ,  , , ,  88     ,ms, 14     ,3/2-#         ,9,1994, B-=100;B-n<8;B-2n ?
147,550,147Cs,  ,-51920       ,   8       ,            ,           ,  , , , 230.5   ,ms, 0.9    ,(3/2+)        ,9,1978, B-=100;B-n=28.5 15
147,551,147Cs,m ,-51219       ,   8       ,  701.4     ,   0.4     ,  , , , 190     ,ns, 20     ,13/2#         ,,2015, IT=100
147,560,147Ba,  ,-60264       ,  20       ,            ,           ,  , , , 893     ,ms, 1      ,5/2-          ,9,1978, B-=100;B-n=0.07 5
147,570,147La,  ,-66678       ,  11       ,            ,           ,  , , ,   4.026 , s, 0.020  ,(5/2+)        ,9,1979, B-=100;B-n=0.041 3
147,580,147Ce,  ,-72014       ,   9       ,            ,           ,  , , ,  56.4   , s, 1.0    ,(5/2-)        ,9,1964, B-=100
147,590,147Pr,  ,-75444       ,  16       ,            ,           ,  , , ,  13.39  , m, 0.04   ,3/2+          ,9,1964, B-=100
147,600,147Nd,  ,-78146.8     ,   1.3     ,            ,           ,  , , ,  10.98  , d, 0.01   ,5/2-*         ,9,1947, B-=100
147,610,147Pm,  ,-79042.0     ,   1.3     ,            ,           ,  , , ,   2.6234, y, 0.0002 ,7/2+*         ,9,1947, B-=100
147,620,147Sm,  ,-79266.0     ,   1.3     ,            ,           ,  , , , 106.6   ,Gy, 0.5    ,7/2-*         ,9,1933, IS=15.00 14;A=100
147,630,147Eu,  ,-77544.6     ,   2.6     ,            ,           ,  , , ,  24.1   , d, 0.6    ,5/2+*         ,9,1951, B+~100;A=0.0022 6
147,631,147Eu,m ,-76919.3     ,   2.6     ,  625.27    ,   0.05    ,  , , , 765     ,ns, 15     ,11/2-         ,9,1970, IT=100
147,640,147Gd,  ,-75356.9     ,   1.9     ,            ,           ,  , , ,  38.06  , h, 0.12   ,7/2-*         ,9,1957, B+=100
147,641,147Gd,m ,-66769.1     ,   2.0     , 8587.8     ,   0.5     ,  , , , 510     ,ns, 20     ,49/2+         ,9,1982, IT=100
147,650,147Tb,  ,-70743       ,   8       ,            ,           ,  , , ,   1.64  , h, 0.03   ,(1/2+)        ,9,1969, B+=100
147,651,147Tb,m ,-70692       ,   8       ,   50.6     ,   0.9     ,  , , ,   1.87  , m, 0.05   ,(11/2-)       ,9,1987, B+=100
147,660,147Dy,  ,-64196       ,   9       ,            ,           ,  , , ,  67     , s, 7      ,(1/2+)        ,9,1975, B+=100;B+p~0.05
147,661,147Dy,m ,-63446       ,   9       ,  750.5     ,   0.4     ,  , , ,  55.2   , s, 0.5    ,(11/2-)       ,9,1976, B+=68.9 23;IT=31.1 23
147,662,147Dy,n ,-60789       ,   9       , 3407.2     ,   0.8     ,  , , , 400     ,ns, 10     ,(27/2-)       ,9,1985, IT=100
147,670,147Ho,  ,-55757       ,   5       ,            ,           ,  , , ,   5.8   , s, 0.4    ,(11/2-)       ,9,1982, B+=100
147,671,147Ho,m ,-53070       ,   5       , 2687.1     ,   0.4     ,  , , , 315     ,ns, 30     ,(27/2-)       ,9,1982, IT=100
147,680,147Er,  ,-46610       ,  40       ,            ,           ,  ,*, ,   3.2   , s, 1.2    ,(1/2+)        ,9,1992, B+=100;B+p=?
147,681,147Er,m ,-46510#      ,  60#      ,  100#      ,  50#      ,  ,*, ,   1.6   , s, 0.2    ,(11/2-)       ,9,1982, B+=100;B+p=?
147,690,147Tm,  ,-35974       ,   7       ,            ,           ,  , , , 580     ,ms, 30     ,11/2-         ,9,1982, B+=85 5;p=15 5
147,691,147Tm,m ,-35913       ,   7       ,   62       ,   5       ,p , , , 360     ,us, 40     ,3/2+          ,9,1984, p=100
148,540,148Xe,  ,-38650#      , 300#      ,            ,           ,  , , ,  85     ,ms, 15     ,0+            ,14,2010, B-=100;B-n ?;B-2n ?
148,550,148Cs,  ,-46911       ,  13       ,            ,           ,  , , , 151.8   ,ms, 1.0    ,(2-)          ,14,1978, B-=100;B-n=28.7 21;B-2n ?
148,551,148Cs,m ,-46866       ,  13       ,   45.2     ,   0.1     ,  , , ,   4.8   ,us, 0.2    ,4-#           ,,2015, IT=100
148,560,148Ba,  ,-57544.9     ,   1.5     ,            ,           ,  , , , 620     ,ms, 5      ,0+            ,14,1979, B-=100;B-n=0.4 3
148,570,148La,  ,-62709       ,  19       ,            ,           ,  , , ,   1.414 , s, 0.025  ,(2-)          ,14,1969, B-=100;B-n=0.18 7
148,580,148Ce,  ,-70398       ,  11       ,            ,           ,  , , ,  56.8   , s, 0.3    ,0+            ,14,1964, B-=100
148,590,148Pr,  ,-72535       ,  15       ,            ,           ,  , , ,   2.29  , m, 0.02   ,1-            ,14,1964, B-=100
148,591,148Pr,m ,-72458       ,  15       ,   76.80    ,   0.20    ,  , , ,   2.01  , m, 0.07   ,(4)           ,14,1964, B-=64 10;IT=36 10
148,600,148Nd,  ,-77408.1     ,   2.1     ,            ,           ,  , , , stbl    ,  , >3.0Ey ,0+            ,14,1937, IS=5.756 21;2B- ?;A ?
148,610,148Pm,  ,-76866       ,   6       ,            ,           ,  , , ,   5.368 , d, 0.007  ,1-*           ,14,1947, B-=100
148,611,148Pm,m ,-76728       ,   6       ,  137.9     ,   0.3     ,  , , ,  41.29  , d, 0.11   ,"5-,6-         ",14,1951, B-=95.8 6;IT=4.2 6
148,620,148Sm,  ,-79336.1     ,   1.2     ,            ,           ,  , , ,   6.3   ,Py, 1.3    ,0+            ,14,1933, IS=11.25 9;A=100
148,630,148Eu,  ,-76297       ,  10       ,            ,           ,  , , ,  54.5   , d, 0.5    ,5-*           ,14,1951, B+=100;A=9.4e-7 28
148,631,148Eu,m ,-75577       ,  10       ,  720.4     ,   0.3     ,  , , , 162     ,ns, 8      ,9+            ,14,1980, IT=100
148,640,148Gd,  ,-76269.4     ,   1.5     ,            ,           ,  , , ,  71.3   , y, 1.0    ,0+            ,14,1953, A=100;2B+ ?
148,650,148Tb,  ,-70537       ,  12       ,            ,           ,  , , ,  60     , m, 1      ,2-            ,14,1960, B+=100
148,651,148Tb,m ,-70447       ,  12       ,   90.1     ,   0.3     ,  , , ,   2.20  , m, 0.05   ,(9)+          ,14,1973, B+=100
148,652,148Tb,n ,-61918       ,  12       , 8618.6     ,   1.0     ,  , , ,   1.310 ,us, 0.007  ,(27+)         ,14,1980, IT=100
148,660,148Dy,  ,-67859       ,   9       ,            ,           ,  , , ,   3.3   , m, 0.2    ,0+            ,14,1974, B+=100
148,661,148Dy,m ,-64940       ,   9       , 2919.1     ,   1.0     ,  , , , 471     ,ns, 20     ,10+           ,14,1978, IT=100
148,670,148Ho,  ,-57990       ,  80       ,            ,           ,  , , ,   2.2   , s, 1.1    ,(1+)          ,14,1979, B+=100
148,671,148Ho,m ,-57740#      , 130#      ,  250#      , 100#      ,  , , ,   9.49  , s, 0.12   ,(5-)          ,14,1979, B+=100;B+p=0.08 1
148,672,148Ho,n ,-57050#      , 130#      ,  940#      , 100#      ,  , , ,   2.36  ,ms, 0.06   ,(10)+         ,14,1984," IT=100[gs=0,m=100]"
148,680,148Er,  ,-51479       ,  10       ,            ,           ,  , , ,   4.6   , s, 0.2    ,0+            ,14,1982, B+=100;B+p~0.15
148,681,148Er,m ,-48566       ,  10       , 2913.2     ,   0.4     ,  , , ,  13     ,us, 3      ,(10+)         ,14,1982, IT=100
148,690,148Tm,  ,-38765       ,  10       ,            ,           ,  , , , 700     ,ms, 200    ,(10+)         ,14,1982, B+=100;B+p ?
148,700,148Yb,  ,-30230#      , 400#      ,            ,           ,  , , , 250#    ,ms,        ,0+            ,,, B+ ?;B+p ?
149,540,149Xe,  ,-33000#      , 300#      ,            ,           ,  , , ,  50#    ,ms, >550ns ,3/2-#         ,,2018, B- ?;B-n ?;B-2n ?
149,550,149Cs,  ,-43300#      , 400#      ,            ,           ,  , , , 112.3   ,ms, 2.5    ,3/2+#         ,17,1979, B-=100;B-n=25 4;B-2n ?
149,560,149Ba,  ,-52830.6     ,   2.5     ,            ,           ,  , , , 349     ,ms, 4      ,3/2-#         ,4,1993, B-=100;B-n=3.9 12
149,570,149La,  ,-60220       , 200       ,            ,           ,  , , ,   1.071 , s, 0.022  ,(3/2-)        ,7,1979, B-=100;B-n=1.43 28
149,580,149Ce,  ,-66670       ,  10       ,            ,           ,  , , ,   4.94  , s, 0.04   ,3/2-#         ,4,1974, B-=100
149,590,149Pr,  ,-71039       ,  10       ,            ,           ,  , , ,   2.26  , m, 0.07   ,(5/2+)        ,4,1964, B-=100
149,600,149Nd,  ,-74375.5     ,   2.1     ,            ,           ,  , , ,   1.728 , h, 0.001  ,5/2-*         ,4,1938, B-=100
149,610,149Pm,  ,-76064.4     ,   2.2     ,            ,           ,  , , ,  53.08  , h, 0.05   ,7/2+*         ,4,1947, B-=100
149,611,149Pm,m ,-75824.2     ,   2.2     ,  240.214   ,   0.007   ,  , , ,  35     ,us, 3      ,11/2-         ,4,1966, IT=100
149,620,149Sm,  ,-77135.9     ,   1.2     ,            ,           ,  , , , stbl    ,  , >2Py   ,7/2-*         ,4,1933, IS=13.82 10;A ?
149,630,149Eu,  ,-76441       ,   4       ,            ,           ,  , , ,  93.1   , d, 0.4    ,5/2+*         ,4,1959, EC=100
149,631,149Eu,m ,-75945       ,   4       ,  496.386   ,   0.002   ,  , , ,   2.45  ,us, 0.05   ,11/2-         ,4,1961, IT=100
149,640,149Gd,  ,-75127       ,   3       ,            ,           ,  , , ,   9.28  , d, 0.10   ,7/2-*         ,4,1951, B+=100;A=4.3e-4 10
149,650,149Tb,  ,-71489       ,   4       ,            ,           ,  , , ,   4.118 , h, 0.025  ,1/2+          ,4,1950, B+=83.3 17;A=16.7 17
149,651,149Tb,m ,-71453       ,   4       ,   35.78    ,   0.13    ,  , , ,   4.16  , m, 0.04   ,11/2-         ,4,1962, B+~100;A=0.022 3
149,660,149Dy,  ,-67694       ,   9       ,            ,           ,  , , ,   4.20  , m, 0.14   ,7/2-          ,4,1958, B+=100
149,661,149Dy,m ,-65033       ,   9       , 2661.1     ,   0.4     ,  , , , 490     ,ms, 15     ,27/2-         ,4,1976, IT=99.3 3;B+=0.7 3
149,670,149Ho,  ,-61646       ,  12       ,            ,           ,  , , ,  21.1   , s, 0.2    ,(11/2-)       ,4,1979, B+=100
149,671,149Ho,m ,-61597       ,  12       ,   48.80    ,   0.20    ,  , , ,  56     , s, 3      ,(1/2+)        ,4,1988, B+=100
149,680,149Er,  ,-53742       ,  28       ,            ,           ,  , , ,   4     , s, 2      ,(1/2+)        ,4,1984, B+=100;B+p=7 2
149,681,149Er,m ,-53000       ,  28       ,  741.8     ,   0.2     ,  , , ,   8.9   , s, 0.2    ,(11/2-)       ,4,1984, B+=96.5 7;IT=3.5 7;B+p=0.18 7
149,682,149Er,n ,-51131       ,  28       , 2611.1     ,   0.3     ,  , , , 610     ,ns, 80     ,(19/2+)       ,4,1987, IT=100
149,683,149Er,p ,-50440       ,  30       , 3302       ,  17       ,  , , ,   4.8   ,us, 0.1    ,(27/2-)       ,4,1987, IT=100
149,690,149Tm,  ,-43940#      , 200#      ,            ,           ,  , , , 900     ,ms, 200    ,11/2-         ,4,1987, B+=100;B+p=0.26 15
149,691,149Tm,m ,-43840#      , 210#      ,  100#      ,  50#      ,  , , , 500#    ,ms,        ,1/2+#         ,,, B+ ?;B+p ?
149,700,149Yb,  ,-33330#      , 300#      ,            ,           ,  , , , 700     ,ms, 200    ,(1/2+)        ,4,2001, B+=100;B+p~100
150,540,150Xe,  ,-28990#      , 300#      ,            ,           ,  , , ,  40#    ,ms, >550ns ,0+            ,,2018, B- ?;B-n ?;B-2n ?
150,550,150Cs,  ,-38170#      , 400#      ,            ,           ,  , , ,  81.0   ,ms, 2.6    ,(2-)          ,17,1979, B-=100;B-n~44;B-2n ?
150,560,150Ba,  ,-49890       ,   6       ,            ,           ,  , , , 258     ,ms, 5      ,0+            ,17,1994, B-=100;B-n=1.0 5
150,570,150La,  ,-56311.1     ,   2.5     ,            ,           ,  , , , 504     ,ms, 15     ,(3+)          ,13,1993, B-=100;B-n=2.7 3
150,580,150Ce,  ,-64847       ,  12       ,            ,           ,  , , ,   6.05  , s, 0.07   ,0+            ,13,1970, B-=100
150,590,150Pr,  ,-68301       ,   9       ,            ,           ,  , , ,   6.19  , s, 0.16   ,1-            ,13,1970, B-=100
150,600,150Nd,  ,-73680.0     ,   1.1     ,            ,           ,  , , ,   9.3   ,Ey, 0.7    ,0+            ,13,1937, IS=5.638 28;2B-=100
150,610,150Pm,  ,-73597       ,  20       ,            ,           ,  , , ,   2.698 , h, 0.015  ,(1-)          ,13,1952, B-=100
150,620,150Sm,  ,-77051.3     ,   1.1     ,            ,           ,  , , , stbl    ,  ,        ,0+            ,13,1934, IS=7.37 9
150,630,150Eu,  ,-74792       ,   6       ,            ,           ,  , , ,  36.9   , y, 0.9    ,5-            ,13,1950, B+=100
150,631,150Eu,m ,-74750       ,   6       ,   41.7     ,   1.0     ,  , , ,  12.8   , h, 0.1    ,0-*           ,13,1953, B-=89 2;B+=11 2;IT ?
150,640,150Gd,  ,-75764       ,   6       ,            ,           ,  , , ,   1.79  ,My, 0.08   ,0+            ,13,1953, A=100;2B+ ?
150,650,150Tb,  ,-71106       ,   7       ,            ,           ,  , , ,   3.48  , h, 0.16   ,(2)-          ,13,1959, B+~100;A ?
150,651,150Tb,m ,-70645       ,  26       ,  461       ,  27       ,MD, , ,   5.8   , m, 0.2    ,9+            ,13,1993, B+~100;IT ?
150,660,150Dy,  ,-69310       ,   4       ,            ,           ,  , , ,   7.17  , m, 0.05   ,0+            ,13,1959, B+=66.4 18;A=33.6 18
150,670,150Ho,  ,-61946       ,  14       ,            ,           ,  ,*, ,  76.8   , s, 1.8    ,(2)-          ,13,1963, B+=100
150,671,150Ho,m ,-61950       ,  50       ,    0       ,  50       ,BD,*, ,  23.3   , s, 0.3    ,(9)+          ,13,1980, B+=100
150,672,150Ho,n ,-54050       ,  50       , 7900       ,  50       ,  , , , 787     ,ns, 36     ,(28-)         ,13,2006, IT=100
150,680,150Er,  ,-57831       ,  17       ,            ,           ,  , , ,  18.5   , s, 0.7    ,0+            ,13,1982, B+=100
150,681,150Er,m ,-55035       ,  17       , 2796.5     ,   0.5     ,  , , ,   2.55  ,us, 0.10   ,10+           ,13,1984, IT=100
150,690,150Tm,  ,-46490#      , 200#      ,            ,           ,  ,*,&,   3#    , s,        ,(1+)          ,,1982, B+=100
150,691,150Tm,m ,-46350#      , 240#      ,  140#      , 140#      ,  ,*,&,   2.20  , s, 0.06   ,(6-)          ,13,1981, B+=100;B+p=1.1 3
150,692,150Tm,n ,-45680#      , 240#      ,  811#      , 140#      ,  , , ,   5.2   ,ms, 0.3    ,10+#          ,13,1984," IT=100[gs=0,m=100]"
150,700,150Yb,  ,-38830#      , 300#      ,            ,           ,  , , , 700#    ,ms, >200ns ,0+            ,13,2000, B+ ?
150,710,150Lu,  ,-24770#      , 300#      ,            ,           ,  , , ,  45     ,ms, 3      ,(5-)          ,13,1993, p~100;B+ ?
150,711,150Lu,m ,-24750#      , 300#      ,   22       ,   5       ,p , , ,  40     ,us, 7      ,(8+)          ,13,1998, p=100
151,550,151Cs,  ,-34280#      , 500#      ,            ,           ,  , , ,  59     ,ms, 19     ,3/2+#         ,17,1979, B-=100;B-n ?;B-2n ?
151,560,151Ba,  ,-44940#      , 400#      ,            ,           ,  , , , 167     ,ms, 5      ,3/2-#         ,17,1994, B-=100;B-n ?
151,570,151La,  ,-53310       , 440       ,            ,           ,  , , , 465     ,ms, 24     ,1/2+#         ,17,1994, B-=100;B-n ?
151,580,151Ce,  ,-61225       ,  18       ,            ,           ,  , , ,   1.76  , s, 0.06   ,(3/2-)        ,9,1997, B-=100
151,590,151Pr,  ,-66780       ,  12       ,            ,           ,  , , ,  18.90  , s, 0.07   ,(3/2-)        ,9,1990, B-=100
151,591,151Pr,m ,-66745       ,  12       ,   35.10    ,   0.10    ,  , , ,  50     ,us, 8      ,(7/2+)        ,9,2006, IT=100
151,600,151Nd,  ,-70943.2     ,   1.1     ,            ,           ,  , , ,  12.44  , m, 0.07   ,3/2+          ,9,1938, B-=100
151,610,151Pm,  ,-73386       ,   5       ,            ,           ,  , , ,  28.40  , h, 0.04   ,5/2+*         ,9,1952, B-=100
151,620,151Sm,  ,-74576.5     ,   1.1     ,            ,           ,  , , ,  94.6   , y, 0.6    ,5/2-*         ,9,1947, B-=100
151,621,151Sm,m ,-74315.4     ,   1.1     ,  261.13    ,   0.04    ,  , , ,   1.4   ,us, 0.1    ,(11/2)-       ,9,1973, IT=100
151,630,151Eu,  ,-74653.1     ,   1.2     ,            ,           ,  , , ,   4.6   ,Ey, 1.2    ,5/2+*         ,9,1933, IS=47.81 6;A=100
151,631,151Eu,m ,-74456.9     ,   1.2     ,  196.245   ,   0.010   ,  , , ,  58.9   ,us, 0.5    ,11/2-         ,9,1958, IT=100
151,640,151Gd,  ,-74188.9     ,   3.0     ,            ,           ,  , , , 123.9   , d, 1.0    ,7/2-*         ,9,1950, EC=100;A~1.1e-6 6
151,650,151Tb,  ,-71624       ,   4       ,            ,           ,  , , ,  17.609 , h, 0.001  ,1/2+*         ,9,1953, B+=99.9905 15;A=0.0095 15
151,651,151Tb,m ,-71524       ,   4       ,   99.53    ,   0.05    ,  , , ,  25     , s, 3      ,11/2-         ,9,1978, IT=93.4 20;B+=6.6 20
151,660,151Dy,  ,-68752       ,   3       ,            ,           ,  , , ,  17.9   , m, 0.3    ,7/2-*         ,9,1959, B+=94.4 6;A=5.6 4
151,670,151Ho,  ,-63623       ,   8       ,            ,           ,  , , ,  35.2   , s, 0.1    ,11/2-*        ,9,1963, B+=88 3;A=22 3
151,671,151Ho,m ,-63582       ,   8       ,   41.0     ,   0.2     ,  , , ,  47.2   , s, 1.3    ,1/2+*         ,9,1963, A=77 18;B+=23 18
151,680,151Er,  ,-58266       ,  16       ,            ,           ,  , , ,  23.5   , s, 2.0    ,(7/2-)        ,9,1970, B+=100
151,681,151Er,m ,-55680       ,  16       , 2586.0     ,   0.5     ,  , , , 580     ,ms, 20     ,(27/2-)       ,9,1980, IT=95.3 3;B+=4.7 3
151,682,151Er,n ,-47979       ,  16       ,10286.6     ,   1.0     ,  , , , 420     ,ns, 50     ,"(65/2-,61/2+) ",9,1990, IT=100
151,690,151Tm,  ,-50772       ,  19       ,            ,           ,  , , ,   4.17  , s, 0.11   ,(11/2-)       ,9,1982, B+=100
151,691,151Tm,m ,-50679       ,  20       ,   93       ,   6       ,AD, , ,   6.6   , s, 2.0    ,(1/2+)        ,9,1987, B+=100
151,692,151Tm,n ,-48116       ,  19       , 2655.67    ,   0.22    ,  , , , 451     ,ns, 34     ,(27/2-)       ,9,1982, IT=100
151,700,151Yb,  ,-41540       , 300       ,            ,           ,  , , ,   1.6   , s, 0.5    ,(1/2+)        ,9,1985, B+=100;B+p=?
151,701,151Yb,m ,-40800#      , 320#      ,  740#      , 100#      ,  , , ,   1.6   , s, 0.5    ,(11/2-)       ,9,1986, B+~100;B+p=?;IT ?
151,702,151Yb,n ,-38910#      , 330#      , 2630#      , 141#      ,  , , ,   2.6   ,us, 0.7    ,19/2-#        ,9,1993, IT=100
151,703,151Yb,p ,-38250#      , 330#      , 3287#      , 141#      ,  , , ,  20     ,us, 1      ,27/2-#        ,9,1987, IT=100
151,710,151Lu,  ,-30300#      , 300#      ,            ,           ,  , , ,  78.4   ,ms, 0.9    ,11/2-         ,9,1982, p=?;B+=?
151,711,151Lu,m ,-30240#      , 300#      ,   57       ,   4       ,p , , ,  16.0   ,us, 0.5    ,3/2+          ,9,1998, p=100
152,550,152Cs,  ,-29130#      , 500#      ,            ,           ,  , , ,  17#    ,ms,        ,              ,18,1987, B- ?;B-n ?
152,560,152Ba,  ,-41610#      , 400#      ,            ,           ,  , , , 139     ,ms, 8      ,0+            ,17,2010, B-=100;B-n ?
152,570,152La,  ,-49290#      , 300#      ,            ,           ,  , , , 287     ,ms, 16     ,2-#           ,17,1994, B-=100;B-n ?
152,580,152Ce,  ,-58980#      , 200#      ,            ,           ,  , , ,   1.42  , s, 0.02   ,0+            ,13,1990, B-=100
152,590,152Pr,  ,-63758       ,  19       ,            ,           ,  , , ,   3.57  , s, 0.11   ,4+            ,13,1983, B-=100
152,591,152Pr,m ,-63643       ,  19       ,  115.1     ,   0.3     ,  , , ,   4.16  ,us, 0.10   ,(1+)          ,13,1990, IT=100
152,600,152Nd,  ,-70150       ,  24       ,            ,           ,  , , ,  11.4   , m, 0.2    ,0+            ,13,1969, B-=100
152,610,152Pm,  ,-71254       ,  26       ,            ,           ,  ,*, ,   4.12  , m, 0.08   ,1+            ,13,1958, B-=100
152,611,152Pm,m ,-71110       ,  80       ,  140       ,  90       ,BD,*, ,   7.52  , m, 0.08   ,4(-)          ,13,1971, B-=100
152,612,152Pm,n ,             ,           , non-exist  ,           ,EU, , ,  13.8   , m, 0.2    ,(8)           ,13,1971, B-=100;IT ?
152,620,152Sm,  ,-74763.0     ,   1.0     ,            ,           ,  , , , stbl    ,  ,        ,0+            ,13,1933, IS=26.74 9
152,630,152Eu,  ,-72888.5     ,   1.2     ,            ,           ,  , , ,  13.517 , y, 0.006  ,3-*           ,13,1938, B+=72.08 13;B-=27.92 13
152,631,152Eu,m ,-72842.9     ,   1.2     ,   45.5998  ,   0.0004  ,  , , ,   9.3116, h, 0.0013 ,0-*           ,13,1958, B-=73 3;B+=27 3
152,632,152Eu,n ,-72823.2     ,   1.2     ,   65.2969  ,   0.0004  ,  , , , 940     ,ns, 80     ,1-            ,13,1978, IT=100
152,633,152Eu,p ,-72810.3     ,   1.2     ,   78.2331  ,   0.0004  ,  , , , 165     ,ns, 10     ,1+            ,13,1978, IT=100
152,634,152Eu,q ,-72798.7     ,   1.2     ,   89.8496  ,   0.0004  ,  , , , 384     ,ns, 10     ,4+            ,13,1970, IT=100
152,635,152Eu,r ,-72740.6     ,   1.2     ,  147.86    ,   0.10    ,  , , ,  95.8   , m, 0.4    ,8-            ,13,1963, IT=100
152,640,152Gd,  ,-74707.3     ,   1.0     ,            ,           ,  , , , 108     ,Ty, 8      ,0+            ,13,1938, IS=0.20 3;A=100;2B+ ?
152,650,152Tb,  ,-70720       ,  40       ,            ,           ,  , , ,  17.5   , h, 0.1    ,2-*           ,13,1959, B+=100;A ?
152,651,152Tb,m ,-70380       ,  40       ,  342.15    ,   0.16    ,  , , , 960     ,ns, 10     ,5-            ,13,1972, IT=100
152,652,152Tb,n ,-70220       ,  40       ,  501.74    ,   0.19    ,  , , ,   4.2   , m, 0.1    ,8+            ,13,1971, IT=78.9 6;B+=21.1 6
152,660,152Dy,  ,-70118       ,   5       ,            ,           ,  , , ,   2.38  , h, 0.02   ,0+            ,13,1958, EC=99.900 7;A=0.100 7
152,670,152Ho,  ,-63605       ,  13       ,            ,           ,  , , , 161.8   , s, 0.3    ,2-*           ,13,1963, B+=88 3;A=12 3
152,671,152Ho,m ,-63445       ,  13       ,  160       ,   3       ,AD, , ,  49.8   , s, 0.2    ,9+*           ,13,1963, B+=89.2 17;A=10.8 17
152,672,152Ho,n ,-60585       ,  13       , 3019.59    ,   0.19    ,  , , ,   8.4   ,us, 0.3    ,19-           ,13,1997, IT=100
152,680,152Er,  ,-60500       ,   9       ,            ,           ,  , , ,  10.3   , s, 0.1    ,0+            ,13,1963, A=90 4;B+=10 4
152,690,152Tm,  ,-51720       ,  50       ,            ,           ,  ,*, ,   8.0   , s, 1.0    ,(2)-          ,13,1980, B+=100
152,691,152Tm,m ,-51820       , 240       , -100       , 250       ,  ,*, ,   5.2   , s, 0.6    ,(9)+          ,13,1980, B+=100
152,692,152Tm,n ,-49270       , 250       , 2455       , 250       ,  , , , 301     ,ns, 7      ,(17+)         ,13,1986, IT=100
152,700,152Yb,  ,-46270       , 150       ,            ,           ,  , , ,   3.03  , s, 0.06   ,0+            ,13,1982, B+=100
152,701,152Yb,m ,-43530       , 150       , 2744.5     ,   1.0     ,  , , ,  30     ,us, 1      ,(10+)         ,13,1995, IT=100
152,710,152Lu,  ,-33420#      , 200#      ,            ,           ,  , , , 650     ,ms, 70     ,"(4-,5-,6-)    ",13,1987, B+=100;B+p=15 7
153,560,153Ba,  ,-36470#      , 400#      ,            ,           ,  , , , 113     ,ms, 39     ,5/2-#         ,20,2016, B-=100;B-n ?;B-2n ?
153,570,153La,  ,-46060#      , 300#      ,            ,           ,  , , , 245     ,ms, 18     ,1/2+#         ,20,1994, B-=100;B-n ?;B-2n ?
153,580,153Ce,  ,-54910#      , 200#      ,            ,           ,  , , , 865     ,ms, 25     ,3/2-#         ,20,1994, B-=100;B-n ?
153,590,153Pr,  ,-61568       ,  12       ,            ,           ,  , , ,   4.28  , s, 0.11   ,3/2-#         ,20,1987, B-=100;B-n ?
153,600,153Nd,  ,-67330.4     ,   2.7     ,            ,           ,  , , ,  31.6   , s, 1.0    ,(3/2)-        ,20,1987, B-=100
153,601,153Nd,m ,-67138.7     ,   2.7     ,  191.71    ,   0.16    ,  , , ,   1.10  ,us, 0.04   ,(5/2)+        ,20,1996, IT=100
153,610,153Pm,  ,-70648       ,   9       ,            ,           ,  , , ,   5.25  , m, 0.02   ,5/2-          ,20,1962, B-=100
153,620,153Sm,  ,-72560.1     ,   1.0     ,            ,           ,  , , ,  46.2846, h, 0.0023 ,3/2+*         ,20,1938, B-=100
153,621,153Sm,m ,-72461.7     ,   1.0     ,   98.39    ,   0.10    ,  , , ,  10.6   ,ms, 0.3    ,11/2-         ,20,1971, IT=100
153,630,153Eu,  ,-73367.5     ,   1.2     ,            ,           ,  , , , stbl    ,  , >550Py ,5/2+*         ,20,1933, IS=52.19 6
153,631,153Eu,m ,-71596.5     ,   1.3     , 1771.0     ,   0.4     ,  , , , 475     ,ns, 10     ,19/2-         ,20,2000, IT=100
153,640,153Gd,  ,-72882.9     ,   1.0     ,            ,           ,  , , , 240.6   , d, 0.7    ,3/2-*         ,20,1947, EC=100
153,641,153Gd,m ,-72787.7     ,   1.0     ,   95.1737  ,   0.0008  ,  , , ,   3.5   ,us, 0.4    ,9/2+          ,20,1979, IT=100
153,642,153Gd,n ,-72711.7     ,   1.0     ,  171.188   ,   0.004   ,  , , ,  76.0   ,us, 1.4    ,(11/2-)       ,20,1967, IT=100
153,650,153Tb,  ,-71314       ,   4       ,            ,           ,  , , ,   2.34  , d, 0.01   ,5/2+*         ,20,1957, B+=100
153,651,153Tb,m ,-71151       ,   4       ,  163.175   ,   0.005   ,  , , , 186     ,us, 4      ,11/2-         ,20,1965, IT=100
153,660,153Dy,  ,-69143       ,   4       ,            ,           ,  , , ,   6.4   , h, 0.1    ,7/2-*         ,20,1958, B+=99.9906 14;A=0.0094 14
153,670,153Ho,  ,-65012       ,   5       ,            ,           ,  , , ,   2.01  , m, 0.03   ,11/2-*        ,20,1963, B+=99.949 25;A=0.051 25
153,671,153Ho,m ,-64943       ,   5       ,   68.7     ,   0.3     ,  , , ,   9.3   , m, 0.5    ,1/2+*         ,20,1963, B+=99.82 8;A=0.18 8
153,672,153Ho,n ,-62240       ,   5       , 2772.3     ,   1.4     ,  , , , 229     ,ns, 2      ,31/2+         ,20,1980, IT=100
153,680,153Er,  ,-60467       ,   9       ,            ,           ,  , , ,  37.1   , s, 0.2    ,7/2-*         ,20,1963, A=53 3;B+=47 3
153,681,153Er,m ,-57669       ,   9       , 2798.2     ,   1.0     ,  , , , 373     ,ns, 9      ,(27/2-)       ,20,1979, IT=100
153,682,153Er,n ,-55219       ,   9       , 5248.1     ,   1.0     ,  , , , 248     ,ns, 32     ,(41/2-)       ,20,1979, IT=100
153,690,153Tm,  ,-53973       ,  12       ,            ,           ,  , , ,   1.48  , s, 0.01   ,(11/2-)       ,20,1964, A=91 3;B+=9 3
153,691,153Tm,m ,-53930       ,  12       ,   43.2     ,   0.2     ,  , , ,   2.5   , s, 0.2    ,(1/2+)        ,20,1988, A=92 3;B+=8 3
153,700,153Yb,  ,-47160#      , 200#      ,            ,           ,  , , ,   4.2   , s, 0.2    ,7/2-          ,20,1977, B+=?;A ?;B+p=0.008 2
153,701,153Yb,m ,-44530#      , 210#      , 2630#      ,  50#      ,  , , ,  15     ,us, 1      ,27/2-         ,20,1989, IT=100
153,710,153Lu,  ,-38380       , 150       ,            ,           ,  , , , 900     ,ms, 200    ,11/2-         ,20,1989, A=?;B+ ?;p=0
153,711,153Lu,m ,-38300       , 150       ,   80       ,   5       ,IT, , ,   1#    , s,        ,1/2+          ,20,1997, A ?;B+ ?;IT ?;p=0
153,712,153Lu,n ,-35880       , 150       , 2502.5     ,   0.4     ,  , , ,>100     ,ns,        ,23/2-         ,20,1993, IT=100
153,713,153Lu,p ,-35750       , 150       , 2632.9     ,   0.5     ,  , , ,  15     ,us, 3      ,27/2-         ,20,1993, IT=100
153,720,153Hf,  ,-27300#      , 300#      ,            ,           ,  , , , 400#    ,ms, >200ns ,1/2+#         ,20,2000, B+ ?
153,721,153Hf,m ,-26550#      , 320#      ,  750#      , 100#      ,  , , , 500#    ,ms,        ,11/2-#        ,,, B+ ?;IT ?
154,560,154Ba,  ,-32920#      , 500#      ,            ,           ,  , , ,  53     ,ms, 48     ,0+            ,17,2017, B-=100
154,570,154La,  ,-41530#      , 300#      ,            ,           ,  , , , 161     ,ms, 15     ,2-#           ,17,2017, B-=100;B-n ?;B-2n ?
154,580,154Ce,  ,-52220#      , 200#      ,            ,           ,  , , , 722     ,ms, 14     ,0+            ,17,1994, B-=100;B-n ?
154,590,154Pr,  ,-57860       , 100       ,            ,           ,  , , ,   2.30  , s, 0.09   ,(3+)          ,9,1988, B-=100;B-n ?
154,600,154Nd,  ,-65579.6     ,   1.0     ,            ,           ,  , , ,  25.9   , s, 0.2    ,0+            ,9,1970, B-=100
154,601,154Nd,m ,-64281.7     ,   1.1     , 1297.9     ,   0.4     ,  , , ,   3.2   ,us, 0.3    ,(4-)          ,9,1970, IT=100
154,610,154Pm,  ,-68267       ,  25       ,            ,           ,  ,*, ,   2.68  , m, 0.07   ,(4+)          ,9,1958, B-=100
154,611,154Pm,m ,-68490       ,  40       , -230       ,  50       ,IT,*, ,   1.73  , m, 0.10   ,(1-)          ,9,1958, B-=100
154,620,154Sm,  ,-72455.6     ,   1.3     ,            ,           ,  , , , stbl    ,  , >2.3Ey ,0+            ,9,1933, IS=22.74 14;2B- ?
154,630,154Eu,  ,-71738.4     ,   1.2     ,            ,           ,  , , ,   8.592 , y, 0.003  ,3-*           ,9,1947, B-=99.982 12;EC=0.018 12
154,631,154Eu,m ,-71670.2     ,   1.2     ,   68.1702  ,   0.0004  ,  , , ,   2.2   ,us, 0.1    ,2+            ,9,1964, IT=100
154,632,154Eu,n ,-71593.1     ,   1.2     ,  145.3     ,   0.3     ,  , , ,  46.3   , m, 0.4    ,(8-)          ,9,1975, IT=100
154,640,154Gd,  ,-73706.4     ,   1.0     ,            ,           ,  , , , stbl    ,  ,        ,0+            ,9,1938, IS=2.18 2
154,650,154Tb,  ,-70160       ,  50       ,            ,           ,  ,*,&,   9.994 , h, 0.039  ,3-*           ,9,1972, B+=100;B- ?
154,651,154Tb,m ,-70030#      ,  70#      ,  130#      ,  50#      ,  ,*,&,  21.5   , h, 0.4    ,0-*           ,9,1950, B+~100;IT ?;B- ?
154,652,154Tb,n ,-69960#      , 160#      ,  200#      , 150#      ,  ,*, ,  22.7   , h, 0.5    ,7-            ,9,1972, B+~100;IT ?
154,653,154Tb,p ,-69760#      , 160#      ,  405#      , 150#      ,  , , , 513     ,ns, 42     ,              ,9,1982, IT=100
154,660,154Dy,  ,-70394       ,   7       ,            ,           ,  , , ,   3.0   ,My, 1.5    ,0+            ,9,1961, A=100;2B+ ?
154,670,154Ho,  ,-64639       ,   8       ,            ,           ,  , , ,  11.76  , m, 0.19   ,2-*           ,9,1966, B+=99.981 5;A=0.019 5
154,671,154Ho,m ,-64397       ,  27       ,  243       ,  28       ,AD, , ,   3.10  , m, 0.14   ,8+*           ,9,1968, B+=100;A<0.001;IT~0
154,680,154Er,  ,-62605       ,   5       ,            ,           ,  , , ,   3.73  , m, 0.09   ,0+            ,9,1963, B+~100;A=0.47 13
154,690,154Tm,  ,-54427       ,  14       ,            ,           ,  ,*, ,   8.1   , s, 0.3    ,(2)-          ,9,1964, A=54 5;B+=46 5
154,691,154Tm,m ,-54350       ,  50       ,   70       ,  50       ,BD,*, ,   3.30  , s, 0.07   ,(9)+          ,9,1964, A=58 5;B+=42 5;IT ?
154,700,154Yb,  ,-49932       ,  17       ,            ,           ,  , , , 409     ,ms, 2      ,0+            ,9,1964, A=92.6 12;B+=7.4 12
154,710,154Lu,  ,-39670#      , 200#      ,            ,           ,  , , ,   1#    , s,        ,(2-)          ,9,1981, B+ ?; A ?
154,711,154Lu,m ,-39600#      , 200#      ,   62       ,  12       ,AD, , ,   1.12  , s, 0.08   ,(9+)          ,9,1981, B+~100;B+p=?;B+A=?;A ?
154,712,154Lu,n ,-36950#      , 220#      , 2724#      , 100#      ,  , , ,  35     ,us, 3      ,(17+)         ,9,1990, IT=100
154,720,154Hf,  ,-32730#      , 300#      ,            ,           ,  , , ,   2     , s, 1      ,0+            ,9,1981, B+~100;A~0
154,721,154Hf,m ,-30010#      , 300#      , 2721#      ,  50#      ,  , , ,   9     ,us, 4      ,(10+)         ,9,1989, IT=100
155,570,155La,  ,-37930#      , 400#      ,            ,           ,  , , , 101     ,ms, 28     ,1/2+#         ,19,2016, B-=100;B-n ?;B-2n ?
155,580,155Ce,  ,-47780#      , 300#      ,            ,           ,  , , , 313     ,ms, 7      ,5/2-#         ,19,1994, B-=100;B-n ?
155,590,155Pr,  ,-55415       ,  17       ,            ,           ,  , , ,   1.47  , s, 0.3    ,3/2-#         ,19,1992, B-=100;B-n ?
155,600,155Nd,  ,-62284       ,   9       ,            ,           ,  , , ,   8.9   , s, 0.2    ,(3/2-)        ,19,1986, B-=100
155,610,155Pm,  ,-66940       ,   5       ,            ,           ,  , , ,  41.5   , s, 0.2    ,(5/2-)        ,19,1982, B-=100
155,620,155Sm,  ,-70191.2     ,   1.3     ,            ,           ,  , , ,  22.18  , m, 0.06   ,3/2-*         ,19,1951, B-=100
155,621,155Sm,m ,-70174.7     ,   1.3     ,   16.5467  ,   0.0019  ,  , , ,   2.8   ,us, 0.5    ,5/2+          ,19,2010, IT=100
155,622,155Sm,n ,-69653.2     ,   1.3     ,  538.03    ,   0.19    ,  , , ,   1.00  ,us, 0.08   ,11/2-         ,19,2010, IT=100
155,630,155Eu,  ,-71818.3     ,   1.3     ,            ,           ,  , , ,   4.742 , y, 0.008  ,5/2+*         ,19,1947, B-=100
155,640,155Gd,  ,-72070.3     ,   1.0     ,            ,           ,  , , , stbl    ,  ,        ,3/2-*         ,19,1933, IS=14.80 9
155,641,155Gd,m ,-71949.2     ,   1.0     ,  121.10    ,   0.19    ,  , , ,  31.97  ,ms, 0.27   ,11/2-         ,19,1967, IT=100
155,650,155Tb,  ,-71250       ,  10       ,            ,           ,  , , ,   5.32  , d, 0.06   ,3/2+*         ,19,1957, EC=100
155,660,155Dy,  ,-69156       ,  10       ,            ,           ,  , , ,   9.9   , h, 0.2    ,3/2-*         ,19,1958, B+=100
155,661,155Dy,m ,-68922       ,  10       ,  234.33    ,   0.03    ,  , , ,   6     ,us, 1      ,11/2-         ,19,1970, IT=100
155,670,155Ho,  ,-66040       ,  17       ,            ,           ,  , , ,  48     , m, 2      ,5/2+*         ,19,1959, B+=100
155,671,155Ho,m ,-65898       ,  17       ,  141.87    ,   0.11    ,  , , , 880     ,us, 80     ,11/2-         ,19,1984, IT=100
155,680,155Er,  ,-62209       ,   6       ,            ,           ,  , , ,   5.3   , m, 0.3    ,7/2-          ,19,1969, B+=99.978 7;A=0.022 7
155,690,155Tm,  ,-56626       ,  10       ,            ,           ,  , , ,  21.6   , s, 0.2    ,11/2-         ,19,1971, B+=99.17 17;A=0.83 17
155,691,155Tm,m ,-56585       ,  12       ,   41       ,   6       ,AD, , ,  45     , s, 4      ,1/2+          ,19,1990, B+~100;A ?
155,700,155Yb,  ,-50503       ,  17       ,            ,           ,  , , ,   1.793 , s, 0.020  ,(7/2-)        ,19,1964, A=89 5;B+=11 5
155,710,155Lu,  ,-42545       ,  19       ,            ,           ,  , , ,  68     ,ms, 2      ,11/2-         ,19,1965, A=90 2;B+=10 2
155,711,155Lu,m ,-42524       ,  20       ,   21       ,   4       ,AD, , , 138     ,ms, 9      ,1/2+          ,19,1967, A=76 16;B+=24 16
155,712,155Lu,n ,-40765       ,  19       , 1780.3     ,   1.8     ,AD, , ,   2.69  ,ms, 0.03   ,25/2-#        ,19,1981, A~100;IT ?
155,720,155Hf,  ,-34310#      , 300#      ,            ,           ,  , , , 843     ,ms, 30     ,7/2-#         ,19,1981, B+~100;A ?
155,730,155Ta,  ,-23990#      , 300#      ,            ,           ,  , , ,   3.2   ,ms, 1.3    ,11/2-         ,19,2007, p=100
156,570,156La,  ,-33050#      , 400#      ,            ,           ,  , , ,  84     ,ms, 78     ,4+#           ,17,2017, B-=100;B-n ?
156,580,156Ce,  ,-44820#      , 300#      ,            ,           ,  , , , 233     ,ms, 9      ,0+            ,17,2017, B-=100;B-n ?
156,590,156Pr,  ,-51449.3     ,   1.0     ,            ,           ,  , , , 444     ,ms, 6      ,1+#           ,17,1992, B-=100;B-n ?
156,600,156Nd,  ,-60202.1     ,   1.3     ,            ,           ,  , , ,   5.06  , s, 0.13   ,0+            ,12,1987, B-=100
156,601,156Nd,m ,-58770.8     ,   1.4     , 1431.3     ,   0.4     ,  , , , 365     ,ns, 145    ,(5-)          ,12,1998, IT=100
156,610,156Pm,  ,-64166.8     ,   1.2     ,            ,           ,  , , ,  27.4   , s, 0.5    ,4+            ,12,1986, B-=100
156,611,156Pm,m ,-64016.5     ,   1.2     ,  150.30    ,   0.10    ,  , , ,   2.3   , s, 2.0    ,1+#           ,12,2007, IT~98;B-~2
156,620,156Sm,  ,-69361       ,   9       ,            ,           ,  , , ,   9.4   , h, 0.2    ,0+            ,12,1951, B-=100
156,621,156Sm,m ,-67963       ,   9       , 1397.55    ,   0.09    ,  , , , 185     ,ns, 7      ,5-            ,12,1974, IT=100
156,630,156Eu,  ,-70083       ,   4       ,            ,           ,  , , ,  15.19  , d, 0.08   ,0+*           ,12,1947, B-=100
156,640,156Gd,  ,-72535.3     ,   1.0     ,            ,           ,  , , , stbl    ,  ,        ,0+            ,12,1933, IS=20.47 3
156,641,156Gd,m ,-70397.7     ,   1.0     , 2137.60    ,   0.05    ,  , , ,   1.3   ,us, 0.1    ,7-            ,12,1969, IT=100
156,650,156Tb,  ,-70091       ,   4       ,            ,           ,  , , ,   5.35  , d, 0.10   ,3-*           ,12,1950, B+~100;B- ?
156,651,156Tb,m ,-70003       ,   4       ,   88.4     ,   0.2     ,  , , ,   5.3   , h, 0.2    ,(0+)          ,12,1950, IT=?;B+=?
156,652,156Tb,n ,-69990#      ,  50#      ,  100#      ,  50#      ,  , , ,  24.4   , h, 1.0    ,(7-)          ,12,1970, IT=?;B- ?
156,660,156Dy,  ,-70529.4     ,   1.0     ,            ,           ,  , , , stbl    ,  , >1Ey   ,0+            ,12,1948, IS=0.056 3;A ?;2B+ ?
156,670,156Ho,  ,-65540       ,  40       ,            ,           ,  , , ,  56     , m, 1      ,4-*           ,12,1957, B+=100
156,671,156Ho,m ,-65490       ,  40       ,   52.37    ,   0.30    ,  , , ,   9.5   , s, 1.5    ,1-*           ,12,1995, IT~100;B+ ?
156,672,156Ho,n ,-65304       ,  28       ,  230       ,  50       ,MD, , ,   7.6   , m, 0.3    ,9+            ,12,1975, B+~75;IT ?
156,680,156Er,  ,-64212       ,  25       ,            ,           ,  , , ,  19.5   , m, 1.0    ,0+            ,12,1967, B+=100;A=1.2e-5 3
156,690,156Tm,  ,-56834       ,  14       ,            ,           ,  , , ,  83.8   , s, 1.8    ,2-            ,12,1971, B+~100;A=0.064 10
156,691,156Tm,m ,-56430#      , 200#      ,  400#      , 200#      ,EU, , ,~400     ,ns,        ,(11-)         ,12,1985, IT=100
156,700,156Yb,  ,-53266       ,   9       ,            ,           ,  , , ,  26.1   , s, 0.7    ,0+            ,12,1970, B+=90 2;A=10 2
156,710,156Lu,  ,-43700       ,  50       ,            ,           ,  ,*, , 494     ,ms, 12     ,(2)-          ,12,1965, A=100;B+ ?
156,711,156Lu,m ,-43680       , 240       ,   10       , 250       ,  ,*, , 198     ,ms, 2      ,10+           ,12,1979, A~100;B+ ?
156,712,156Lu,n ,-41090       , 250       , 2611       , 250       ,  , , , 179     ,ns, 4      ,19-           ,,2018, IT=100
156,720,156Hf,  ,-37820       , 150       ,            ,           ,  , , ,  23     ,ms, 1      ,0+            ,12,1979, A~100;B+ ?
156,721,156Hf,m ,-35860       , 150       , 1958.8     ,   1.0     ,AD, , , 480     ,us, 40     ,(8+)          ,12,1979, A~100;IT ?
156,730,156Ta,  ,-26000#      , 300#      ,            ,           ,  , , , 106     ,ms, 4      ,(2-)          ,12,1992, p=71 3;B+=29 3
156,731,156Ta,m ,-25910#      , 300#      ,   94       ,   8       ,AD, , , 360     ,ms, 40     ,(9+)          ,12,1993, B+=95.8 9;p=4.2 9
157,570,157La,  ,-29070#      , 300#      ,            ,           ,  , , ,  30#    ,ms, >550ns ,1/2+#         ,,2018, B- ?;B-n ?
157,580,157Ce,  ,-39930#      , 400#      ,            ,           ,  , , , 175     ,ms, 41     ,7/2+#         ,17,2017, B-=100;B-n ?
157,590,157Pr,  ,-48435       ,   3       ,            ,           ,  , , , 307     ,ms, 21     ,3/2-#         ,17,2017, B-=100;B-n ?
157,600,157Nd,  ,-56494.1     ,   2.1     ,            ,           ,  , , ,   1.15  , s, 0.03   ,5/2-#         ,17,1992, B-=100
157,610,157Pm,  ,-62297       ,   7       ,            ,           ,  , , ,  10.56  , s, 0.10   ,(5/2-)        ,16,1987, B-=100
157,620,157Sm,  ,-66678       ,   4       ,            ,           ,  , , ,   8.03  , m, 0.07   ,3/2-#         ,16,1973, B-=100
157,630,157Eu,  ,-69459       ,   4       ,            ,           ,  , , ,  15.18  , h, 0.03   ,5/2+*         ,16,1951, B-=100
157,640,157Gd,  ,-70823.9     ,   1.0     ,            ,           ,  , , , stbl    ,  ,        ,3/2-*         ,16,1933, IS=15.65 4
157,641,157Gd,m ,-70760.0     ,   1.0     ,   63.916   ,   0.005   ,  , , , 460     ,ns, 40     ,5/2+          ,16,1964, IT=100
157,642,157Gd,n ,-70397.4     ,   1.0     ,  426.539   ,   0.023   ,  , , ,  18.5   ,us, 2.3    ,11/2-         ,16,1961, IT=100
157,650,157Tb,  ,-70763.8     ,   1.0     ,            ,           ,  , , ,  71     , y, 7      ,3/2+          ,16,1960, EC=100
157,660,157Dy,  ,-69425       ,   5       ,            ,           ,  , , ,   8.14  , h, 0.04   ,3/2-*         ,16,1953, B+=100
157,661,157Dy,m ,-69263       ,   5       ,  161.99    ,   0.03    ,  , , ,   1.3   ,us, 0.2    ,9/2+          ,16,1974, IT=100
157,662,157Dy,n ,-69226       ,   5       ,  199.38    ,   0.07    ,  , , ,  21.6   ,ms, 1.6    ,11/2-         ,16,1970, IT=100
157,670,157Ho,  ,-66833       ,  23       ,            ,           ,  , , ,  12.6   , m, 0.2    ,7/2-*         ,16,1966, B+=100
157,680,157Er,  ,-63414       ,  27       ,            ,           ,  , , ,  18.65  , m, 0.10   ,3/2-*         ,16,1966, B+=100
157,681,157Er,m ,-63259       ,  27       ,  155.4     ,   0.3     ,  , , ,  76     ,ms, 6      ,9/2+          ,16,1971, IT=100
157,690,157Tm,  ,-58709       ,  28       ,            ,           ,  ,*, ,   3.63  , m, 0.09   ,1/2+*         ,16,1974, B+=100;A=7.5e-4 25
157,691,157Tm,m ,-58610#      ,  60#      ,  100#      ,  50#      ,  ,*, ,   1.6   , s,        ,7/2-#         ,,2008, B+ ?; IT ?
157,700,157Yb,  ,-53420       ,  11       ,            ,           ,  , , ,  38.6   , s, 1.0    ,7/2-*         ,16,1970, B+~100;A=?
157,710,157Lu,  ,-46440       ,  12       ,            ,           ,  , , ,   7.7   , s, 2.0    ,(1/2+)        ,16,1977, B+ ?;A=?
157,711,157Lu,m ,-46419       ,  12       ,   20.9     ,   2.0     ,AD, , ,   4.79  , s, 0.12   ,(11/2-)       ,16,1972, B+=92.3 19;A=7.7 19
157,720,157Hf,  ,-38860#      , 200#      ,            ,           ,  , , , 115     ,ms, 1      ,7/2-          ,16,1965, A=94 4;B+=14 4
157,730,157Ta,  ,-29600       , 150       ,            ,           ,  , , ,  10.1   ,ms, 0.4    ,1/2+          ,16,1979, A=96.6 12;p=3.4 12;B+ ?
157,731,157Ta,m ,-29570       , 150       ,   22       ,   5       ,AD, , ,   4.3   ,ms, 0.1    ,11/2-         ,16,1996, A~100;B+ ?;p=0
157,732,157Ta,n ,-28000       , 150       , 1593       ,   9       ,AD, , ,   1.7   ,ms, 0.1    ,25/2-#        ,16,1996, A=100
157,740,157W ,  ,-19690#      , 400#      ,            ,           ,  , , , 275     ,ms, 40     ,(7/2-)        ,16,2010, B+=100;A=0
157,743,157W ,p ,-19370#      , 400#      ,  320       ,  30       ,AD, , ,         ,  ,        ,(9/2-)        ,16,2010, IT ?
158,580,158Ce,  ,-36540#      , 400#      ,            ,           ,  , , ,  99     ,ms, 93     ,0+            ,17,2016, B-=100;B-n ?
158,590,158Pr,  ,-44150#      , 300#      ,            ,           ,  , , , 181     ,ms, 14     ,5-#           ,17,2016, B-=100;B-n ?
158,600,158Nd,  ,-53835.1     ,   1.3     ,            ,           ,  , , , 810     ,ms, 30     ,0+            ,17,1992, B-=100
158,601,158Nd,m ,-52187.0     ,   1.9     , 1648.1     ,   1.4     ,  , , , 339     ,ns, 20     ,(6-)          ,17,2016, IT=100
158,610,158Pm,  ,-59106.1     ,   0.9     ,            ,           ,  , , ,   4.8   , s, 0.5    ,"(0+,1+)#      ",17,1987, B-=100
158,611,158Pm,m ,-58960#      ,  50#      ,  150#      ,  50#      ,  , , , >16     ,us,        ,5+#           ,17,2015, IT=?;B- ?
158,620,158Sm,  ,-65252       ,   5       ,            ,           ,  , , ,   5.30  , m, 0.03   ,0+            ,17,1970, B-=100
158,630,158Eu,  ,-67270.5     ,   2.0     ,            ,           ,  , , ,  45.9   , m, 0.2    ,1-*           ,17,1951, B-=100
158,640,158Gd,  ,-70690.0     ,   1.0     ,            ,           ,  , , , stbl    ,  ,        ,0+            ,17,1933, IS=24.84 8
158,650,158Tb,  ,-69470.9     ,   1.3     ,            ,           ,  , , , 180     , y, 11     ,3-*           ,4,1957, B+=83.4 7;B-=16.6 7
158,651,158Tb,m ,-69360.6     ,   1.8     ,  110.3     ,   1.2     ,  , , ,  10.70  , s, 0.17   ,0-            ,17,1957, IT~100;B- ?;B+ ?
158,652,158Tb,n ,-69082.5     ,   1.3     ,  388.39    ,   0.11    ,  , , , 400     ,us, 40     ,7-            ,17,1961, IT=100
158,660,158Dy,  ,-70407.2     ,   2.3     ,            ,           ,  , , , stbl    ,  ,        ,0+            ,17,1938, IS=0.095 3;A ?;2B+ ?
158,670,158Ho,  ,-66187       ,  27       ,            ,           ,  , , ,  11.3   , m, 0.4    ,5+*           ,17,1961, B+~100;A ?
158,671,158Ho,m ,-66120       ,  27       ,   67.20    ,   0.01    ,  , , ,  28     , m, 2      ,2-*           ,17,1960, IT~91 6;B+~9 6
158,672,158Ho,n ,-66095       ,  27       ,   91.595   ,   0.012   ,  , , , 140     ,ns, 25     ,(2-)          ,17,2005, IT=100
158,673,158Ho,p ,-66010#      ,  80#      ,  180#      ,  70#      ,  , , ,  21.3   , m, 2.3    ,(9+)          ,17,1970, B+~100;IT ?
158,680,158Er,  ,-65304       ,  25       ,            ,           ,  , , ,   2.29  , h, 0.06   ,0+            ,17,1961, EC=100
158,690,158Tm,  ,-58703       ,  25       ,            ,           ,  ,*, ,   3.98  , m, 0.06   ,2-*           ,17,1970, B+=100
158,691,158Tm,m ,-58600#      ,  60#      ,  100#      ,  50#      ,  ,*, , ~20     , s,        ,5-#           ,17,1981, IT ?; EC ?
158,700,158Yb,  ,-56010       ,   8       ,            ,           ,  , , ,   1.49  , m, 0.13   ,0+            ,17,1967, B+~100;A~0.0021 12
158,710,158Lu,  ,-47212       ,  15       ,            ,           ,  , , ,  10.6   , s, 0.3    ,(2)-          ,17,1979, B+=99.09 20;A=0.91 20
158,720,158Hf,  ,-42102       ,  17       ,            ,           ,  , , ,   2.85  , s, 0.07   ,0+            ,17,1965, B+=55.7 19;A=44.3 19
158,730,158Ta,  ,-31120#      , 200#      ,            ,           ,  , , ,  49     ,ms, 4      ,(2)-          ,17,1979, A~100;B+ ?
158,731,158Ta,m ,-30980#      , 200#      ,  141       ,  11       ,AD, , ,  36.0   ,ms, 0.8    ,(9)+          ,17,1979, A=95 5;B+ ?;IT ?
158,732,158Ta,n ,-28310#      , 200#      , 2808       ,  16       ,  , , ,   6.1   ,us, 0.1    ,(19-)         ,17,2014, IT=98.6 2;A=1.4 2
158,740,158W ,  ,-23690#      , 300#      ,            ,           ,  , , ,   1.43  ,ms, 0.18   ,0+            ,17,1981, A=100
158,741,158W ,m ,-21800#      , 300#      , 1889       ,   8       ,AD, , , 143     ,us, 19     ,(8+)          ,17,1995, A=100;IT ?
159,580,159Ce,  ,-31340#      , 500#      ,            ,           ,  , , ,         ,  ,        ,1/2-#         ,,, B- ?;B-n ?
159,590,159Pr,  ,-40770#      , 400#      ,            ,           ,  , , , 134     ,ms, 43     ,3/2-#         ,17,2017, B-=100;B-n ?
159,600,159Nd,  ,-49724       ,  30       ,            ,           ,  , , , 500     ,ms, 30     ,7/2+#         ,17,2012, B-=100;B-n ?
159,610,159Pm,  ,-56554       ,  10       ,            ,           ,  , , ,   1.49  , s, 0.13   ,(5/2-)        ,12,1998, B-=100
159,611,159Pm,m ,-55089       ,  10       , 1465.0     ,   0.5     ,  , , ,   4.42  ,us, 0.17   ,17/2+#        ,,2015, IT=100
159,620,159Sm,  ,-62208       ,   6       ,            ,           ,  , , ,  11.37  , s, 0.15   ,5/2-          ,12,1986, B-=100
159,621,159Sm,m ,-60932       ,   6       , 1276.5     ,   0.8     ,  , , , 116     ,ns, 8      ,(15/2+)       ,12,2009, IT=100
159,630,159Eu,  ,-66043       ,   4       ,            ,           ,  , , ,  18.1   , m, 0.1    ,5/2+*         ,12,1961, B-=100
159,640,159Gd,  ,-68561.9     ,   1.0     ,            ,           ,  , , ,  18.479 , h, 0.004  ,3/2-*         ,12,1949, B-=100
159,650,159Tb,  ,-69532.6     ,   1.1     ,            ,           ,  , , , stbl    ,  ,        ,3/2+*         ,12,1933, IS=100
159,660,159Dy,  ,-69167.2     ,   1.4     ,            ,           ,  , , , 144.4   , d, 0.2    ,3/2-*         ,12,1951, EC=100
159,661,159Dy,m ,-68814.4     ,   1.4     ,  352.77    ,   0.14    ,  , , , 122     ,us, 3      ,11/2-         ,12,1965, IT=100
159,670,159Ho,  ,-67330       ,   3       ,            ,           ,  , , ,  33.05  , m, 0.11   ,7/2-*         ,12,1958, B+=100
159,671,159Ho,m ,-67124       ,   3       ,  205.91    ,   0.05    ,  , , ,   8.30  , s, 0.08   ,1/2+          ,12,1966, IT=100
159,680,159Er,  ,-64561       ,   4       ,            ,           ,  , , ,  36     , m, 1      ,3/2-*         ,12,1962, B+=100
159,681,159Er,m ,-64378       ,   4       ,  182.602   ,   0.024   ,  , , , 337     ,ns, 14     ,9/2+          ,12,1971, IT=100
159,682,159Er,n ,-64132       ,   4       ,  429.05    ,   0.03    ,  , , , 590     ,ns, 60     ,11/2-         ,12,1971, IT=100
159,690,159Tm,  ,-60570       ,  28       ,            ,           ,  , , ,   9.13  , m, 0.16   ,5/2+*         ,12,1971, B+=100
159,700,159Yb,  ,-55834       ,  18       ,            ,           ,  , , ,   1.67  , m, 0.09   ,5/2-*         ,12,1975, B+=100
159,710,159Lu,  ,-49710       ,  40       ,            ,           ,  ,*, ,  12.1   , s, 1.0    ,1/2+          ,12,1980, B+~100;A= ?
159,711,159Lu,m ,-49610#      ,  90#      ,  100#      ,  80#      ,  ,*, ,  10#    , s,        ,11/2-#        ,,, B+ ?;IT ?;A ?
159,720,159Hf,  ,-42853       ,  17       ,            ,           ,  , , ,   5.20  , s, 0.10   ,7/2-          ,12,1973, B+=65 7;A=35 7
159,730,159Ta,  ,-34439       ,  20       ,            ,           ,  , , ,   1.04  , s, 0.09   ,1/2+          ,12,1979, B+=66 5;A=34 5
159,731,159Ta,m ,-34375       ,  19       ,   64       ,   5       ,AD, , , 560     ,ms, 60     ,11/2-         ,12,1994, A=55 1;B+=45 1
159,740,159W ,  ,-25430#      , 300#      ,            ,           ,  , , ,   8.2   ,ms, 0.7    ,7/2-#         ,12,1981, A~100;B+ ?
159,750,159Re,  ,-14810#      , 310#      ,            ,           ,  , , ,  40#    ,us,        ,1/2+#         ,,2006, p ?;A ?
159,751,159Re,m ,-14600#      , 300#      ,  210#      ,  50#      ,  , , ,  20     ,us, 4      ,11/2-         ,12,2006, p=92.5 35;A=7.5 35
160,590,160Pr,  ,-36200#      , 400#      ,            ,           ,  , , , 170     ,ms, 140    ,1+#           ,17,2017, B-=100;B-n ?
160,600,160Nd,  ,-46720       ,  50       ,            ,           ,  , , , 439     ,ms, 37     ,0+            ,17,1985, B-=100;B-n ?
160,601,160Nd,m ,-45610       ,  50       , 1107.9     ,   0.9     ,  , , ,   1.63  ,us, 0.21   ,(4-)          ,17,2016, IT=100
160,610,160Pm,  ,-52894.6     ,   2.0     ,            ,           ,  , , , 725     ,ms, 57     ,6-#           ,17,2012, B-=100;B-n ?
160,611,160Pm,m ,-52704       ,  11       ,  191       ,  11       ,MD, , ,>700     ,ms,        ,1-#           ,,2020, B- ?; IT ?;B-n ?
160,620,160Sm,  ,-60233.2     ,   2.0     ,            ,           ,  , , ,   9.6   , s, 0.3    ,0+            ,5,1986, B-=100
160,621,160Sm,m ,-58871.9     ,   2.0     , 1361.3     ,   0.4     ,  , , , 120     ,ns, 46     ,(5-)          ,,2009, IT=100
160,622,160Sm,n ,-57475.9     ,   2.0     , 2757.3     ,   0.4     ,  , , ,   1.8   ,us, 0.4    ,(11+)         ,,2016, IT=100
160,630,160Eu,  ,-63493.4     ,   0.9     ,            ,           ,  , , ,  42.6   , s, 0.5    ,(5-)          ,5,1973, B-=100
160,631,160Eu,m ,-63400.4     ,   0.8     ,   93.0     ,   1.2     ,MD, , ,  30.8   , s, 0.5    ,(1-)          ,5,2016, B-=100
160,640,160Gd,  ,-67942.1     ,   1.1     ,            ,           ,  , , , stbl    ,  , >31Ey  ,0+            ,5,1933, IS=21.86 3;2B- ?
160,650,160Tb,  ,-67836.5     ,   1.1     ,            ,           ,  , , ,  72.3   , d, 0.2    ,3-*           ,5,1943, B-=100
160,660,160Dy,  ,-69672.4     ,   0.7     ,            ,           ,  , , , stbl    ,  ,        ,0+            ,5,1938, IS=2.329 18
160,670,160Ho,  ,-66382       ,  15       ,            ,           ,  , , ,  25.6   , m, 0.3    ,5+*           ,5,1950, B+=100
160,671,160Ho,m ,-66322       ,  15       ,   59.98    ,   0.03    ,  , , ,   5.02  , h, 0.05   ,2-*           ,5,1955, IT=73 3;B+=27 3
160,672,160Ho,n ,-66185       ,  22       ,  197       ,  16       ,  , , ,  ~3     , s,        ,(9+)          ,5,1988, IT=100
160,680,160Er,  ,-66064       ,  24       ,            ,           ,  , , ,  28.58  , h, 0.09   ,0+            ,5,1954, EC=100
160,690,160Tm,  ,-60300       ,  30       ,            ,           ,  , , ,   9.4   , m, 0.3    ,1-*           ,5,1970, B+=100
160,691,160Tm,m ,-60230       ,  30       ,   67       ,  14       ,  , , ,  74.5   , s, 1.5    ,(5+)          ,5,1983, IT=85 5;B+=15 5
160,692,160Tm,n ,-60090#      ,  60#      ,  215#      ,  52#      ,  , , ,~200     ,ns,        ,(8)           ,5,1986, IT=100
160,700,160Yb,  ,-58163       ,   5       ,            ,           ,  , , ,   4.8   , m, 0.2    ,0+            ,5,1967, B+=100
160,710,160Lu,  ,-50270       ,  60       ,            ,           ,  ,*, ,  36.1   , s, 0.3    ,2-#           ,5,1979, B+=100;A ?
160,711,160Lu,m ,-50270#      , 120#      ,    0#      , 100#      ,  ,*, ,  40     , s, 1      ,              ,5,1980, B+~100;A ?
160,720,160Hf,  ,-45939       ,  10       ,            ,           ,  , , ,  13.6   , s, 0.2    ,0+            ,5,1973, B+=99.3 2;A=0.7 2
160,730,160Ta,  ,-35820       ,  50       ,            ,           ,  ,*,&,   1.70  , s, 0.20   ,(2)-          ,5,1979, B+ ?;A=?
160,731,160Ta,m ,-35710       , 240       ,  110       , 250       ,  ,*,&,   1.55  , s, 0.04   ,"(9,10)+       ",5,1979, B+ ?;A=?
160,740,160W ,  ,-29330       , 150       ,            ,           ,  , , ,  90     ,ms, 5      ,0+            ,5,1979, A=87 8;B+ ?
160,750,160Re,  ,-16880#      , 300#      ,            ,           ,  , , , 611     ,us, 7      ,(4-)          ,5,1992, p=89 1;A=11 1
160,751,160Re,m ,-16700#      , 300#      ,  177       ,  15       ,  , , ,   2.8   ,us, 0.1    ,(9+)          ,,2011, IT=100
161,590,161Pr,  ,-32490#      , 500#      ,            ,           ,  , , ,  90#    ,ms, >550ns ,3/2-#         ,,2018, B- ?;B-n ?
161,600,161Nd,  ,-42230#      , 400#      ,            ,           ,  , , , 215     ,ms, 76     ,1/2-#         ,17,2012, B-=100;B-n ?
161,610,161Pm,  ,-50087       ,   9       ,            ,           ,  , , ,   1.05  , s, 0.15   ,(5/2-)        ,17,2012, B-=100;B-n ?
161,611,161Pm,m ,-49121       ,   9       ,  965.9     ,   0.9     ,  , , ,   0.89  ,us, 0.09   ,(13/2+)       ,17,2015, IT=100
161,620,161Sm,  ,-56672       ,   7       ,            ,           ,  , , ,   4.8   , s, 0.4    ,7/2+#         ,11,1998, B-=100
161,621,161Sm,m ,-55284       ,   7       , 1388.1     ,   0.6     ,  , , ,   2.6   ,us, 0.4    ,(17/2-)       ,,2017, IT=100
161,630,161Eu,  ,-61792       ,  10       ,            ,           ,  , , ,  26.2   , s, 2.3    ,5/2+#         ,11,1986, B-=100
161,640,161Gd,  ,-65506.1     ,   1.5     ,            ,           ,  , , ,   3.646 , m, 0.003  ,5/2-          ,11,1949, B-=100
161,650,161Tb,  ,-67461.8     ,   1.2     ,            ,           ,  , , ,   6.948 , d, 0.005  ,3/2+*         ,11,1949, B-=100
161,660,161Dy,  ,-68055.5     ,   0.7     ,            ,           ,  , , , stbl    ,  ,        ,5/2+*         ,11,1934, IS=18.889 42
161,661,161Dy,m ,-67569.9     ,   0.7     ,  485.56    ,   0.16    ,  , , , 760     ,ns, 170    ,11/2-         ,11,2012, IT=100
161,670,161Ho,  ,-67196.3     ,   2.2     ,            ,           ,  , , ,   2.48  , h, 0.05   ,7/2-*         ,11,1954, EC=100
161,671,161Ho,m ,-66985.2     ,   2.2     ,  211.15    ,   0.03    ,  , , ,   6.76  , s, 0.07   ,1/2+          ,11,1965, IT=100
161,680,161Er,  ,-65201       ,   9       ,            ,           ,  , , ,   3.21  , h, 0.03   ,3/2-*         ,11,1954, B+=100
161,681,161Er,m ,-64805       ,   9       ,  396.44    ,   0.04    ,  , , ,   7.5   ,us, 0.7    ,11/2-         ,11,1969, IT=100
161,690,161Tm,  ,-61899       ,  28       ,            ,           ,  , , ,  30.2   , m, 0.8    ,7/2+*         ,11,1959, B+=100
161,691,161Tm,m ,-61891       ,  28       ,    7.51    ,   0.24    ,  , , ,   5#    , m,        ,(1/2+)        ,11,1981, B+ ?;IT ?
161,692,161Tm,n ,-61821       ,  28       ,   78.20    ,   0.03    ,  , , , 110     ,ns, 3      ,7/2-          ,11,1981, IT=100
161,700,161Yb,  ,-57834       ,  15       ,            ,           ,  , , ,   4.2   , m, 0.2    ,3/2-*         ,11,1974, B+=100
161,710,161Lu,  ,-52562       ,  28       ,            ,           ,  , , ,  77     , s, 2      ,1/2+*         ,11,1973, B+=100
161,711,161Lu,m ,-52380#      ,  28#      ,  182#      ,   5#      ,  , , ,   7.3   ,ms, 0.4    ,(9/2-)        ,11,1973, IT~100;B+ ?
161,720,161Hf,  ,-46316       ,  23       ,            ,           ,  , , ,  18.4   , s, 0.4    ,(7/2-)        ,15,1973, B+=99.71 5;A=0.29 5
161,721,161Hf,m ,-45987       ,  23       ,  329.0     ,   0.5     ,  , , ,   4.8   ,us, 0.2    ,(13/2+)       ,15,2014, IT=100
161,730,161Ta,  ,-38779       ,  24       ,            ,           ,  ,*, ,   3#    , s,        ,(1/2+)        ,11,1979, B+ ?;A ?
161,731,161Ta,m ,-38717       ,  12       ,   61       ,  23       ,AD,*, ,   3.08  , s, 0.11   ,(11/2-)       ,11,1979, B+=93 3;A=7 3
161,740,161W ,  ,-30510#      , 200#      ,            ,           ,  , , , 409     ,ms, 16     ,7/2-#         ,11,1973, A=73 3;B+=27 3
161,750,161Re,  ,-20840       , 150       ,            ,           ,  , , , 440     ,us, 1      ,1/2+          ,11,1979, p~100;A ?
161,751,161Re,m ,-20720       , 150       ,  123.7     ,   1.3     ,IT, , ,  14.7   ,ms, 0.3    ,11/2-         ,11,1979, A=93.0 3;p=7.0 3
161,760,161Os,  ,-10200#      , 400#      ,            ,           ,  , , , 640     ,us, 60     ,(7/2-)        ,11,2010, A~100
162,600,162Nd,  ,-39010#      , 400#      ,            ,           ,  , , , 310     ,ms, 200    ,0+            ,17,2012, B-=100
162,610,162Pm,  ,-46040#      , 300#      ,            ,           ,  , , , 630     ,ms, 180    ,2+#           ,17,2012, B-=100;B-n ?
162,620,162Sm,  ,-54379       ,   4       ,            ,           ,  , , ,   2.7   , s, 0.3    ,0+            ,7,2005, B-=100
162,621,162Sm,m ,-53370       ,   4       , 1009.4     ,   0.5     ,  , , ,   1.78  ,us, 0.07   ,(4-)          ,,2017, IT=100
162,630,162Eu,  ,-58722.9     ,   1.3     ,            ,           ,  , , , ~10     , s,        ,1+#           ,7,1987, B-=100
162,631,162Eu,m ,-58565.0     ,   1.3     ,  158.0     ,   1.7     ,MD, , ,  15.0   , s, 0.5    ,(6+)          ,7,2016, B-=100
162,640,162Gd,  ,-64281       ,   4       ,            ,           ,  , , ,   8.4   , m, 0.2    ,0+            ,7,1967, B-=100
162,650,162Tb,  ,-65879.5     ,   2.0     ,            ,           ,  , , ,   7.60  , m, 0.15   ,(1-)          ,16,1965, B-=100
162,651,162Tb,m ,-65594.0     ,   2.5     ,  286       ,   3       ,  , , ,  10#    , m,        ,4-#           ,,2020, B- ?; IT ?
162,660,162Dy,  ,-68181.2     ,   0.7     ,            ,           ,  , , , stbl    ,  ,        ,0+            ,7,1934, IS=25.475 36
162,661,162Dy,m ,-65993.1     ,   0.8     , 2188.1     ,   0.3     ,  , , ,   8.3   ,us, 0.3    ,8+            ,,2011, IT=100
162,670,162Ho,  ,-66041       ,   3       ,            ,           ,  , , ,  15.0   , m, 1.0    ,1+*           ,7,1957, B+=100
162,671,162Ho,m ,-65935       ,   3       ,  105.87    ,   0.06    ,  , , ,  67.0   , m, 0.7    ,6-*           ,7,1961, IT=62;B+=38
162,680,162Er,  ,-66334.2     ,   0.8     ,            ,           ,  , , , stbl    ,  , >140Ty ,0+            ,7,1938, IS=0.139 5;A ?;2B+ ?
162,681,162Er,m ,-64308.2     ,   0.8     , 2026.01    ,   0.13    ,  , , ,  88     ,ns, 16     ,7(-)          ,7,1974, IT=100
162,690,162Tm,  ,-61477       ,  26       ,            ,           ,  , , ,  21.70  , m, 0.19   ,1-*           ,7,1963, B+=100
162,691,162Tm,m ,-61350       ,  50       ,  130       ,  40       ,  , , ,  24.3   , s, 1.7    ,5+            ,7,1974, IT=81 4;B+=19 4
162,700,162Yb,  ,-59821       ,  15       ,            ,           ,  , , ,  18.87  , m, 0.19   ,0+            ,7,1963, B+=100
162,710,162Lu,  ,-52830       ,  80       ,            ,           ,  ,*, ,   1.37  , m, 0.02   ,1-*           ,7,1978, B+=100
162,711,162Lu,m ,-52710#      , 220#      ,  120#      , 200#      ,  ,*, ,   1.5   , m,        ,4-#           ,7,1980, B+~100;IT ?
162,712,162Lu,n ,-52530#      , 220#      ,  300#      , 200#      ,EU, , ,   1.9   , m,        ,9-#           ,7,1980, B+ ?;IT ?
162,720,162Hf,  ,-49168       ,   9       ,            ,           ,  , , ,  39.4   , s, 0.9    ,0+            ,7,1982, B+=99.992 1;A=0.008 1
162,730,162Ta,  ,-39780       ,  60       ,            ,           ,  ,*, ,   3.57  , s, 0.12   ,3-#           ,16,1985, B+=99.926 10;A=0.074 10
162,731,162Ta,m ,-39660#      ,  80#      ,  120#      ,  50#      ,  ,*, ,   5#    , s,        ,7+#           ,,, B+ ?;IT ?;A ?
162,740,162W ,  ,-33999       ,  18       ,            ,           ,  , , ,   1.19  , s, 0.12   ,0+            ,16,1973, B+ ?;A=45.2 16
162,750,162Re,  ,-22450#      , 200#      ,            ,           ,  , , , 107     ,ms, 13     ,(2)-          ,7,1979, A=94 6;B+ ?
162,751,162Re,m ,-22280#      , 200#      ,  175       ,   9       ,AD, , ,  77     ,ms, 9      ,(9)+          ,7,1979, A=91 5;B+ ?
162,760,162Os,  ,-14500#      , 300#      ,            ,           ,  , , ,   2.1   ,ms, 0.1    ,0+            ,7,1989, A=100
163,600,163Nd,  ,-34080#      , 500#      ,            ,           ,  , , ,  80#    ,ms, >550ns ,5/2-#         ,,2018, B- ?;B-n ?
163,610,163Pm,  ,-42960#      , 400#      ,            ,           ,  , , , 255     ,ms, 25     ,5/2-#         ,17,2012, B-=100;B-n ?
163,620,163Sm,  ,-50600       ,   7       ,            ,           ,  , , ,   1.3   , s, 0.5    ,1/2-#         ,17,2012, B-=100
163,630,163Eu,  ,-56573.8     ,   0.9     ,            ,           ,  , , ,   7.7   , s, 0.4    ,5/2+#         ,10,2007, B-=100
163,631,163Eu,m ,-55609.3     ,   1.0     ,  964.5     ,   0.5     ,  , , , 911     ,ns, 24     ,(13/2-)       ,,2017, IT=100
163,640,163Gd,  ,-61388.6     ,   0.8     ,            ,           ,  , , ,  68     , s, 3      ,7/2+          ,10,1982, B-=100
163,641,163Gd,m ,-61250.4     ,   0.8     ,  138.22    ,   0.20    ,  , , ,  23.5   , s, 1.0    ,1/2-          ,,2014, IT= ?;B- ?
163,650,163Tb,  ,-64596       ,   4       ,            ,           ,  , , ,  19.5   , m, 0.3    ,3/2+          ,10,1966, B-=100
163,660,163Dy,  ,-66380.9     ,   0.7     ,            ,           ,  , , , stbl    ,  ,        ,5/2-*         ,10,1934, IS=24.896 42
163,670,163Ho,  ,-66378.0     ,   0.7     ,            ,           ,  , , ,   4.570 ,ky, 0.025  ,7/2-*         ,10,1957, EC=100
163,671,163Ho,m ,-66080.1     ,   0.7     ,  297.88    ,   0.07    ,  , , ,   1.09  , s, 0.03   ,1/2+          ,10,1957, IT=100
163,672,163Ho,n ,-64268.6     ,   0.8     , 2109.4     ,   0.4     ,  , , , 800     ,ns, 150    ,(23/2+)       ,,2012, IT=100
163,680,163Er,  ,-65167       ,   5       ,            ,           ,  , , ,  75.0   , m, 0.4    ,5/2-*         ,10,1953, B+=100
163,681,163Er,m ,-64722       ,   5       ,  445.5     ,   0.6     ,  , , , 580     ,ns, 100    ,(11/2-)       ,10,1974, IT=100
163,690,163Tm,  ,-62728       ,   6       ,            ,           ,  , , ,   1.810 , h, 0.005  ,1/2+*         ,10,1959, B+=100
163,691,163Tm,m ,-62641       ,   6       ,   86.92    ,   0.05    ,  , , , 380     ,ns, 30     ,(7/2)-        ,10,1975, IT=100
163,700,163Yb,  ,-59294       ,  15       ,            ,           ,  , , ,  11.05  , m, 0.35   ,3/2-*         ,10,1967, B+=100
163,710,163Lu,  ,-54791       ,  28       ,            ,           ,  , , ,   3.97  , m, 0.13   ,1/2+*         ,10,1979, B+=100
163,720,163Hf,  ,-49269       ,  26       ,            ,           ,  , , ,  40.0   , s, 0.6    ,(5/2-)        ,15,1982, B+=100;A ?
163,730,163Ta,  ,-42530       ,  40       ,            ,           ,  , , ,  10.6   , s, 1.8    ,1/2+          ,10,1985, B+~100;A ?
163,731,163Ta,m ,-42400#      ,  40#      ,  138#      ,  18#      ,AD, , ,  10#    , s,        ,9/2-          ,,, B+ ?;A ?;IT ?
163,740,163W ,  ,-34910       ,  60       ,            ,           ,  , , ,   2.63  , s, 0.09   ,7/2-          ,10,1973, B+ ?;A=14 2
163,741,163W ,m ,-34430       ,  60       ,  480.3     ,   0.7     ,  , , , 154     ,ns, 3      ,13/2+         ,10,2010, IT=100
163,750,163Re,  ,-26002       ,  19       ,            ,           ,  , , , 390     ,ms, 70     ,1/2+          ,10,1979, B+ ?;A=32 3
163,751,163Re,m ,-25882       ,  19       ,  120       ,   5       ,AD, , , 214     ,ms, 5      ,11/2-         ,10,1979, A=66 4;B+ ?
163,760,163Os,  ,-16340#      , 300#      ,            ,           ,  , , ,   5.7   ,ms, 0.5    ,7/2-          ,10,1981, A~100;B+ ?
163,770,163Ir,  , -5310#      , 400#      ,            ,           ,  , , ,         ,  ,        ,1/2+#         ,,, p ?
164,610,164Pm,  ,-38360#      , 400#      ,            ,           ,  , , , 300#    ,ms, >550ns ,5-#           ,,2018, B- ?;B-n ?
164,620,164Sm,  ,-47925       ,   4       ,            ,           ,  , , ,   1.43  , s, 0.24   ,0+            ,17,2012, B-=100;B-n ?
164,621,164Sm,m ,-46440       ,   4       , 1485.5     ,   1.2     ,  , , , 600     ,ns, 140    ,(6-)          ,17,2014, IT=100
164,630,164Eu,  ,-53232.1     ,   2.1     ,            ,           ,  , , ,   4.16  , s, 0.19   ,3-#           ,17,2007, B-=100
164,640,164Gd,  ,-59693.7     ,   1.0     ,            ,           ,  , , ,  45     , s, 3      ,0+            ,17,1988, B-=100
164,641,164Gd,m ,-58597.9     ,   1.1     , 1095.8     ,   0.4     ,  , , , 589     ,ns, 18     ,(4-)          ,17,2017, IT=100
164,650,164Tb,  ,-62105.0     ,   1.9     ,            ,           ,  , , ,   3.0   , m, 0.1    ,(5+)          ,17,1968, B-=100
164,651,164Tb,m ,-61960       ,  12       ,  145       ,  12       ,MD, , ,   2#    , m,        ,2+#           ,,2020, B- ?; IT ?
164,660,164Dy,  ,-65967.6     ,   0.7     ,            ,           ,  , , , stbl    ,  ,        ,0+            ,17,1934, IS=28.260 54
164,670,164Ho,  ,-64980.5     ,   1.4     ,            ,           ,  , , ,  28.8   , m, 0.5    ,1+*           ,17,1938, EC=61 1;B+=39 1
164,671,164Ho,m ,-64840.7     ,   1.4     ,  139.78    ,   0.07    ,  , , ,  36.6   , m, 0.3    ,6-*           ,17,1966, IT=100
164,680,164Er,  ,-65942.6     ,   0.7     ,            ,           ,  , , , stbl    ,  ,        ,0+            ,17,1938, IS=1.601 3;A ?;2B+ ?
164,690,164Tm,  ,-61909       ,  25       ,            ,           ,  , , ,   2.0   , m, 0.1    ,1+*           ,17,1960, B+=100;EC=61 1;e+=39 1
164,691,164Tm,m ,-61889       ,  28       ,   20       ,  12       ,  , , ,   5.1   , m, 0.1    ,6-*           ,17,1971, IT~80;B+~20
164,700,164Yb,  ,-61012       ,  15       ,            ,           ,  , , ,  75.8   , m, 1.7    ,0+            ,17,1960, EC=100
164,710,164Lu,  ,-54642       ,  28       ,            ,           ,  , , ,   3.14  , m, 0.03   ,1-*           ,17,1977, B+=100
164,720,164Hf,  ,-51818       ,  16       ,            ,           ,  , , , 111     , s, 8      ,0+            ,17,1981, B+=100
164,730,164Ta,  ,-43283       ,  28       ,            ,           ,  , , ,  14.2   , s, 0.3    ,(3+)          ,17,1982, B+=100
164,740,164W ,  ,-38236       ,  10       ,            ,           ,  , , ,   6.3   , s, 0.2    ,0+            ,17,1973, B+=96.2 12;A=3.8 12
164,750,164Re,  ,-27470       ,  50       ,            ,           ,  ,*, , 719     ,ms, 89     ,(2)-          ,17,1979, A=?;B+ ?
164,751,164Re,m ,-27520       , 240       ,  -50       , 250       ,  ,*, , 890     ,ms, 130    ,"(9,10)+       ",17,2009, B+ ?;A=3 1
164,760,164Os,  ,-20420       , 150       ,            ,           ,  , , ,  21     ,ms, 1      ,0+            ,17,1981, A=96 4;B+ ?
164,770,164Ir,  , -7480#      , 320#      ,            ,           ,  , , ,   1#    ,ms,        ,2-#           ,17,, p ?;A ?;B+ ?
164,771,164Ir,m , -7220#      , 300#      ,  260#      , 100#      ,  , , ,  70     ,us, 10     ,(9+)          ,17,2001, p=?;A=4 2;B+ ?
165,610,165Pm,  ,-34670#      , 500#      ,            ,           ,  , , , 260#    ,ms, >550ns ,5/2-#         ,,2018, B- ?;B-n ?
165,620,165Sm,  ,-43510#      , 400#      ,            ,           ,  , , , 980     ,ms, 210    ,5/2-#         ,17,2012, B-=100;B-n ?
165,630,165Eu,  ,-50729       ,   5       ,            ,           ,  , , ,   2.53  , s, 0.25   ,5/2+#         ,8,2007, B-=100;B-n ?
165,640,165Gd,  ,-56525.8     ,   1.3     ,            ,           ,  , , ,  11.6   , s, 1.0    ,1/2-#         ,6,1998, B-=100
165,650,165Tb,  ,-60588.8     ,   1.5     ,            ,           ,  , , ,   2.11  , m, 0.10   ,(3/2+)        ,6,1983, B-=100
165,651,165Tb,m ,-60382       ,   5       ,  207       ,   5       ,  , , ,   0.81  ,us, 0.08   ,(7/2-)        ,,2017, IT=100
165,660,165Dy,  ,-63612.3     ,   0.7     ,            ,           ,  , , ,   2.332 , h, 0.004  ,7/2+*         ,20,1935, B-=100
165,661,165Dy,m ,-63504.1     ,   0.7     ,  108.1552  ,   0.0013  ,  , , ,   1.257 , m, 0.006  ,1/2-          ,6,1963, IT=97.76 11;B-=2.24 11
165,670,165Ho,  ,-64898.0     ,   0.8     ,            ,           ,  , , , stbl    ,  ,        ,7/2-*         ,6,1934, IS=100
165,671,165Ho,m ,-64536.3     ,   0.8     ,  361.675   ,   0.011   ,  , , ,   1.512 ,us, 0.004  ,3/2+          ,6,1958, IT=100
165,672,165Ho,n ,-64182.7     ,   0.8     ,  715.33    ,   0.02    ,  , , ,<100     ,ns,        ,7/2+          ,6,1958, IT=100
165,680,165Er,  ,-64521.4     ,   0.9     ,            ,           ,  , , ,  10.36  , h, 0.04   ,5/2-*         ,6,1950, EC=100
165,681,165Er,m ,-63970.1     ,   1.1     ,  551.3     ,   0.6     ,  , , , 250     ,ns, 30     ,11/2-         ,6,1970, IT=100
165,682,165Er,n ,-62698.4     ,   1.1     , 1823.0     ,   0.6     ,  , , , 370     ,ns, 40     ,(19/2)        ,,2012, IT=100
165,690,165Tm,  ,-62930.0     ,   1.7     ,            ,           ,  , , ,  30.06  , h, 0.03   ,1/2+*         ,6,1953, B+=100
165,691,165Tm,m ,-62849.6     ,   1.7     ,   80.37    ,   0.06    ,  , , ,  80     ,us, 3      ,7/2+          ,6,1967, IT=100
165,692,165Tm,n ,-62769.5     ,   1.7     ,  160.47    ,   0.06    ,  , , ,   9.0   ,us, 0.5    ,7/2-          ,6,1968, IT=100
165,700,165Yb,  ,-60295       ,  27       ,            ,           ,  , , ,   9.9   , m, 0.3    ,5/2-*         ,6,1964, B+=100
165,701,165Yb,m ,-60168       ,  27       ,  126.80    ,   0.09    ,  , , , 300     ,ns, 30     ,9/2+          ,6,1980, IT=100
165,710,165Lu,  ,-56442       ,  27       ,            ,           ,  , , ,  10.74  , m, 0.10   ,1/2+*         ,6,1973, B+=100
165,720,165Hf,  ,-51636       ,  28       ,            ,           ,  , , ,  76     , s, 4      ,(5/2-)        ,6,1981, B+=100
165,730,165Ta,  ,-45848       ,  14       ,            ,           ,  ,*, ,  31.0   , s, 1.5    ,"(1/2+,3/2+)   ",6,1982, B+=100
165,731,165Ta,m ,-45823       ,  17       ,   24       ,  18       ,AD,*, ,  30#    , s,        ,(9/2-)        ,,, B+ ?; A ?
165,740,165W ,  ,-38861       ,  26       ,            ,           ,  , , ,   5.1   , s, 0.5    ,(5/2-)        ,6,1975, B+=100;A ?
165,750,165Re,  ,-30659       ,  24       ,            ,           ,  ,*, ,   1.6   , s, 0.6    ,(1/2+)        ,15,1981, B+=86 8;A=14 8
165,751,165Re,m ,-30632       ,  12       ,   28       ,  22       ,AD,*, ,   1.74  , s, 0.06   ,(11/2-)       ,15,1978, B+=87 1;A=13 1
165,760,165Os,  ,-21750#      , 200#      ,            ,           ,  , , ,  71     ,ms, 3      ,(7/2-)        ,14,1978, A=90 2;B+=10 2
165,770,165Ir,  ,-11600#      , 160#      ,            ,           ,  , , ,  50#    ,ns,        ,1/2+#         ,6,, p ?;A ?
165,771,165Ir,m ,-11420       , 150       ,  180#      ,  50#      ,  , , , 325     ,us, 33     ,(11/2-)       ,6,1997, p=88 2;A=12 2
165,780,165Pt,  ,  -320#      , 400#      ,            ,           ,  , , , 370     ,us, 180    ,7/2-#         ,,2019, A=100
166,620,166Sm,  ,-40450#      , 400#      ,            ,           ,  , , , 800     ,ms, 630    ,0+            ,17,2017, B-=100
166,630,166Eu,  ,-46750#      , 100#      ,            ,           ,  , , ,   1.24  , s, 0.12   ,0-#           ,14,2007, B-=100;B-n ?
166,640,166Gd,  ,-54370.9     ,   1.6     ,            ,           ,  , , ,   5.1   , s, 0.8    ,0+            ,15,2005, B-=100
166,641,166Gd,m ,-52769.4     ,   1.9     , 1601.5     ,   1.1     ,  , , , 950     ,ns, 60     ,(6-)          ,15,2014, IT=100
166,650,166Tb,  ,-57808.8     ,   1.5     ,            ,           ,  , , ,  27.1   , s, 1.5    ,(1-)          ,8,1996, B-=100
166,651,166Tb,m ,-57649.8     ,   2.1     ,  159.0     ,   1.5     ,  , , ,   3.5   ,us, 0.4    ,4-#           ,,2017, IT=100
166,660,166Dy,  ,-62584.5     ,   0.8     ,            ,           ,  , , ,  81.6   , h, 0.1    ,0+            ,8,1949, B-=100
166,670,166Ho,  ,-63070.3     ,   0.8     ,            ,           ,  , , ,  26.812 , h, 0.007  ,0-*           ,8,1936, B-=100
166,671,166Ho,m ,-63064.3     ,   0.8     ,    5.969   ,   0.012   ,  , , ,   1.1326,ky, 0.0039 ,7-            ,8,1952, B-=100
166,672,166Ho,n ,-62879.4     ,   0.8     ,  190.9021  ,   0.0020  ,  , , , 185     ,us, 15     ,3+            ,8,1960, IT=100
166,680,166Er,  ,-64924.1     ,   0.3     ,            ,           ,  , , , stbl    ,  ,        ,0+            ,8,1934, IS=33.503 36
166,690,166Tm,  ,-61886       ,  12       ,            ,           ,  , , ,   7.70  , h, 0.03   ,2+*           ,8,1948, B+=100
166,691,166Tm,m ,-61764       ,  14       ,  122       ,   7       ,  , , , 348     ,ms, 21     ,(6-)          ,8,1996, IT=100
166,692,166Tm,n ,-61642       ,  14       ,  244       ,   7       ,  , , ,   2     ,us, 1      ,(6-)          ,8,1995, IT=100
166,700,166Yb,  ,-61594       ,   7       ,            ,           ,  , , ,  56.7   , h, 0.1    ,0+            ,8,1954, EC=100
166,710,166Lu,  ,-56021       ,  30       ,            ,           ,  , , ,   2.65  , m, 0.10   ,6-*           ,8,1969, B+=100
166,711,166Lu,m ,-55990       ,  30       ,   34.37    ,   0.22    ,  , , ,   1.41  , m, 0.10   ,3-*           ,8,1974, B+=58 5;IT=42 5
166,712,166Lu,n ,-55980       ,  30       ,   43.0     ,   0.4     ,  , , ,   2.12  , m, 0.10   ,0-*           ,8,1974, B+=90 6;IT ?
166,720,166Hf,  ,-53859       ,  28       ,            ,           ,  , , ,   6.77  , m, 0.30   ,0+            ,8,1965, B+=100
166,730,166Ta,  ,-46098       ,  28       ,            ,           ,  , , ,  34.4   , s, 0.5    ,(2)+          ,8,1977, B+=100
166,740,166W ,  ,-41887       ,   9       ,            ,           ,  , , ,  19.2   , s, 0.6    ,0+            ,8,1975, B+=99.965 12;A=0.035 12
166,750,166Re,  ,-31840       ,  90       ,            ,           ,  , , ,   2.25  , s, 0.21   ,(7+)          ,8,1978, B+=88 7;A=12 7
166,753,166Re,p ,-31560#      , 100#      ,  280#      ,  50#      ,  , , ,   3#    , s,        ,3-#           ,8,, B+ ?;A ?;IT ?
166,760,166Os,  ,-25432       ,  18       ,            ,           ,  , , , 213     ,ms, 5      ,0+            ,16,1977, A=83 4;B+=17 4
166,770,166Ir,  ,-13310#      , 200#      ,            ,           ,  , , ,  10.5   ,ms, 2.2    ,(2)-          ,8,1981, A=93 3;p=7 3
166,771,166Ir,m ,-13130#      , 200#      ,  171       ,   6       ,p , , ,  15.1   ,ms, 0.9    ,(9)+          ,8,1996, A=98.2 6;p=1.8 6
166,780,166Pt,  , -4780#      , 300#      ,            ,           ,  , , , 294     ,us, 62     ,0+            ,8,1996, A=100
167,620,167Sm,  ,-35330#      , 500#      ,            ,           ,  , , , 190#    ,ms, >550ns ,7/2-#         ,,2018, B- ?;B-n ?
167,630,167Eu,  ,-43770#      , 400#      ,            ,           ,  , , ,   1.33  , s, 0.51   ,5/2+#         ,17,2012, B-=100;B-n ?
167,640,167Gd,  ,-50776       ,   5       ,            ,           ,  , , ,   4.2   , s, 0.3    ,5/2-#         ,17,2012, B-=100
167,650,167Tb,  ,-55883.1     ,   1.9     ,            ,           ,  , , ,  18.9   , s, 1.6    ,(3/2+)        ,0,1999, B-=100
167,651,167Tb,m ,-55683       ,   6       ,  200       ,   6       ,  , , ,   1.2   ,us, 0.1    ,(7/2-)        ,,2017, IT=100
167,660,167Dy,  ,-59911       ,   4       ,            ,           ,  , , ,   6.20  , m, 0.08   ,(1/2-)        ,0,1960, B-=100
167,670,167Ho,  ,-62279       ,   5       ,            ,           ,  , , ,   3.1   , h, 0.1    ,7/2-          ,0,1955, B-=100
167,671,167Ho,m ,-62020       ,   5       ,  259.34    ,   0.11    ,  , , ,   6.0   ,us, 1.0    ,3/2+          ,0,1977, IT=100
167,680,167Er,  ,-63289.26    ,   0.29    ,            ,           ,  , , , stbl    ,  ,        ,7/2+*         ,0,1934, IS=22.869 9
167,681,167Er,m ,-63081.46    ,   0.29    ,  207.801   ,   0.005   ,  , , ,   2.269 , s, 0.006  ,1/2-          ,0,1986, IT=100
167,690,167Tm,  ,-62543.1     ,   1.3     ,            ,           ,  , , ,   9.25  , d, 0.02   ,1/2+*         ,0,1948, EC=100
167,691,167Tm,m ,-62363.6     ,   1.3     ,  179.480   ,   0.019   ,  , , ,   1.16  ,us, 0.06   ,7/2+          ,0,1964, IT=100
167,692,167Tm,n ,-62250.3     ,   1.3     ,  292.820   ,   0.020   ,  , , ,   0.9   ,us, 0.1    ,7/2-          ,0,1965, IT=100
167,700,167Yb,  ,-60590       ,   4       ,            ,           ,  , , ,  17.5   , m, 0.2    ,5/2-*         ,0,1954, B+=100
167,701,167Yb,m ,-60018       ,   4       ,  571.548   ,   0.022   ,  , , ,~180     ,ns,        ,11/2-         ,0,1976, IT=100
167,710,167Lu,  ,-57530       ,  40       ,            ,           ,  , , ,  51.5   , m, 1.0    ,7/2+*         ,6,1958, B+=100
167,711,167Lu,m ,-57480#      ,  60#      ,   50#      ,  40#      ,  , , ,  >1     , m,        ,1/2+*         ,6,1998, IT ?;B+ ?
167,720,167Hf,  ,-53468       ,  28       ,            ,           ,  , , ,   2.05  , m, 0.05   ,(5/2)-        ,0,1969, B+=100
167,730,167Ta,  ,-48351       ,  28       ,            ,           ,  , , ,   1.33  , m, 0.07   ,(3/2+)        ,0,1982, B+=100
167,740,167W ,  ,-42093       ,  19       ,            ,           ,  , , ,  19.9   , s, 0.5    ,(5/2-)        ,0,1985, B+=99.96 1;A=0.04 1
167,741,167W ,m ,-41967       ,  19       ,  125.7     ,   2.2     ,  , , ,  >1#    ,us,        ,(13/2+)       ,,, IT ?;B+ ?
167,750,167Re,  ,-34830#      ,  40#      ,            ,           ,  , , ,   3.4   , s, 0.4    ,9/2-          ,0,1992, A~100;B+=?
167,751,167Re,m ,-34700       ,  40       ,  131#      ,  13#      ,  , , ,   5.9   , s, 0.3    ,1/2+          ,0,1984, B+ ?;A=?
167,760,167Os,  ,-26500       ,  80       ,            ,           ,  , , , 839     ,ms, 5      ,7/2-          ,9,1977, A=51 4;B+ ?
167,761,167Os,m ,-26070       ,  80       ,  434.3     ,   1.1     ,  , , , 672     ,ns, 7      ,13/2+         ,9,2009, IT=100
167,770,167Ir,  ,-17072       ,  18       ,            ,           ,  , , ,  29.3   ,ms, 0.6    ,1/2+          ,2,1981, A=43.5 19;p=38.6 12;B+ ?
167,771,167Ir,m ,-16897       ,  18       ,  175.5     ,   2.1     ,p , , ,  28.5   ,ms, 0.5    ,11/2-         ,2,1995, A=89 3;B+ ?;p=0.41 6
167,780,167Pt,  , -6750#      , 310#      ,            ,           ,  , , , 915     ,us, 123    ,7/2-#         ,0,1996, A=100
168,620,168Sm,  ,-31640#      , 300#      ,            ,           ,  , , , 340#    ,ms, >550ns ,0+#           ,,2018, B- ?;B-n ?
168,630,168Eu,  ,-39250#      , 400#      ,            ,           ,  , , , 200     ,ms, 100    ,6-#           ,17,2012, B-=100;B-n ?
168,640,168Gd,  ,-48150#      , 300#      ,            ,           ,  , , ,   3.03  , s, 0.16   ,0+            ,17,1985, B-=100
168,650,168Tb,  ,-52781       ,   4       ,            ,           ,  , , ,   9.4   , s, 0.4    ,(4-)          ,10,1999, B-=100
168,651,168Tb,m ,-52570       ,   4       ,  211       ,   1       ,  , , ,   0.71  ,us, 0.03   ,(6+)          ,,2017, IT=100
168,660,168Dy,  ,-58560       , 140       ,            ,           ,  , , ,   8.7   , m, 0.3    ,0+            ,10,1982, B-=100
168,661,168Dy,m ,-57180       , 140       , 1378.2     ,   0.6     ,  , , ,   0.57  ,us, 0.7    ,(4-)          ,10,2019, IT=100
168,670,168Ho,  ,-60060       ,  30       ,            ,           ,  , , ,   2.99  , m, 0.07   ,3+            ,10,1960, B-=100
168,671,168Ho,m ,-60000       ,  30       ,   59       ,   1       ,  , , , 132     , s, 4      ,(6+)          ,10,1990, IT~100;B- ?
168,672,168Ho,n ,-59920       ,  30       ,  143.43    ,   0.17    ,  , , ,  >4     ,us,        ,(1)-          ,10,1990, IT=100
168,673,168Ho,p ,-59870       ,  30       ,  192.57    ,   0.20    ,  , , , 108     ,ns, 11     ,1+            ,10,1990, IT=100
168,680,168Er,  ,-62989.23    ,   0.26    ,            ,           ,  , , , stbl    ,  ,        ,0+            ,10,1934, IS=26.978 18
168,681,168Er,m ,-61895.19    ,   0.26    , 1094.0383  ,   0.0016  ,  , , , 109.0   ,ns, 0.7    ,4-            ,10,1974, IT=100
168,690,168Tm,  ,-61312.4     ,   1.7     ,            ,           ,  , , ,  93.1   , d, 0.2    ,3+*           ,10,1949, B+~100;B-=0.010 7
168,700,168Yb,  ,-61579.87    ,   0.09    ,            ,           ,  , , , stbl    ,  , >130Ty ,0+            ,10,1938, IS=0.123 3;A ?;2B+ ?
168,710,168Lu,  ,-57070       ,  40       ,            ,           ,  , , ,   5.5   , m, 0.1    ,6-*           ,10,1960, B+=100
168,711,168Lu,m ,-56908       ,   6       ,  160       ,  40       ,  , , ,   6.7   , m, 0.4    ,3+*           ,10,1960, B+~100;IT ?
168,720,168Hf,  ,-55361       ,  28       ,            ,           ,  , , ,  25.95  , m, 0.20   ,0+            ,10,1961, B+=100;EC~98;e+~2
168,730,168Ta,  ,-48394       ,  28       ,            ,           ,  , , ,   2.0   , m, 0.1    ,(3+)          ,10,1969, B+=100
168,740,168W ,  ,-44893       ,  13       ,            ,           ,  , , ,  50.9   , s, 1.9    ,0+            ,10,1971, B+~100;A=0.0032 10
168,750,168Re,  ,-35790       ,  30       ,            ,           ,  , , ,   4.4   , s, 0.1    ,(7+)          ,10,1992, B+~100;A~0.005
168,760,168Os,  ,-29995       ,  10       ,            ,           ,  , , ,   2.1   , s, 0.1    ,0+            ,10,1977, B+=57 4;A=43 4
168,770,168Ir,  ,-18670       ,  60       ,            ,           ,  ,*, , 230     ,ms, 50     ,(2)-          ,10,1978, A~100;B+ ?;B+p ?
168,771,168Ir,m ,-18620       , 240       ,   40       , 250       ,  ,*, , 163     ,ms, 16     ,"(9,10)+       ",10,1996, A=77 9;B+ ?;B+p ?
168,780,168Pt,  ,-11010       , 150       ,            ,           ,  , , ,   2.02  ,ms, 0.10   ,0+            ,10,1981, A~100;B+ ?
168,790,168Au,  ,  2530#      , 400#      ,            ,           ,  , , ,         ,  ,        ,              ,,, p ?
169,630,169Eu,  ,-35660#      , 500#      ,            ,           ,  , , , 420#    ,ms, >550ns ,5/2+#         ,,2018, B- ?
169,640,169Gd,  ,-43890#      , 400#      ,            ,           ,  , , , 750     ,ms, 210    ,7/2-#         ,17,2012, B-=100;B-n ?
169,650,169Tb,  ,-50480#      , 300#      ,            ,           ,  , , ,   5.13  , s, 0.32   ,3/2+#         ,17,2012, B-=100;B-n ?
169,660,169Dy,  ,-55600       , 300       ,            ,           ,  , , ,  39     , s, 8      ,(5/2)-        ,8,1990, B-=100
169,661,169Dy,m ,-55430       , 300       ,  166.1     ,   0.5     ,  , , ,   1.26  ,us, 0.17   ,(1/2-)        ,8,2019, IT=100
169,670,169Ho,  ,-58796       ,  20       ,            ,           ,  , , ,   4.72  , m, 0.10   ,7/2-          ,8,1963, B-=100
169,671,169Ho,m ,-57410       ,  20       , 1386.2     ,   0.4     ,  , , , 118     ,us, 6      ,(19/2+)       ,,2010, IT=100
169,680,169Er,  ,-60921.2     ,   0.3     ,            ,           ,  , , ,   9.392 , d, 0.018  ,1/2-*         ,8,1956, B-=100
169,681,169Er,m ,-60829.2     ,   0.3     ,   92.05    ,   0.10    ,  , , , 285     ,ns, 20     ,(5/2)-        ,8,1969, IT=100
169,682,169Er,n ,-60677.5     ,   0.3     ,  243.69    ,   0.17    ,  , , , 200     ,ns, 10     ,7/2+          ,8,1969, IT=100
169,690,169Tm,  ,-61274.7     ,   0.7     ,            ,           ,  , , , stbl    ,  ,        ,1/2+*         ,8,1934, IS=100
169,691,169Tm,m ,-60958.6     ,   0.7     ,  316.1463  ,   0.0001  ,  , , , 659.9   ,ns, 2.3    ,7/2+          ,8,1950, IT=100
169,700,169Yb,  ,-60375.53    ,   0.18    ,            ,           ,  , , ,  32.014 , d, 0.005  ,7/2+*         ,8,1946, EC=100
169,701,169Yb,m ,-60351.33    ,   0.18    ,   24.1999  ,   0.0016  ,  , , ,  46     , s, 2      ,1/2-*         ,8,1949, IT=100
169,710,169Lu,  ,-58083       ,   3       ,            ,           ,  , , ,  34.06  , h, 0.05   ,7/2+*         ,8,1955, B+=100
169,711,169Lu,m ,-58054       ,   3       ,   29.0     ,   0.5     ,  , , , 160     , s, 10     ,1/2-*         ,8,1965, IT=100
169,720,169Hf,  ,-54717       ,  28       ,            ,           ,  , , ,   3.24  , m, 0.04   ,(5/2-)        ,8,1969, B+=100
169,730,169Ta,  ,-50290       ,  28       ,            ,           ,  , , ,   4.9   , m, 0.4    ,(5/2+)        ,8,1969, B+=100
169,740,169W ,  ,-44918       ,  15       ,            ,           ,  , , ,  74     , s, 6      ,5/2-#         ,8,1985, B+=100
169,750,169Re,  ,-38409       ,  11       ,            ,           ,  , , ,   8.1   , s, 0.5    ,(9/2-)        ,15,1978, B+=?;A=0.005 3
169,751,169Re,m ,-38234       ,  13       ,  175       ,  13       ,AD, , ,  15.1   , s, 1.5    ,"(1/2+,3/2+)   ",15,1984, B+ ?;A= ?;IT ?
169,760,169Os,  ,-30723       ,  26       ,            ,           ,  , , ,   3.46  , s, 0.11   ,(5/2-)        ,8,1972, B+=86.3 8;A=13.7 8
169,770,169Ir,  ,-22093       ,  23       ,            ,           ,  , , , 353     ,ms, 4      ,(1/2+)        ,8,1978, A=53 7;B+ ?
169,771,169Ir,m ,-21940       ,  12       ,  153       ,  22       ,AD, , , 280     ,ms, 1      ,(11/2-)       ,8,1984, A=79 5;B+ ?;p ?
169,780,169Pt,  ,-12460#      , 200#      ,            ,           ,  , , ,   6.99  ,ms, 0.09   ,(7/2-)        ,8,1981, A~100;B+ ?
169,790,169Au,  , -1790#      , 300#      ,            ,           ,  , , , 150#    ,us,        ,1/2+#         ,,, p ?;A ?;B+ ?
170,630,170Eu,  ,-30860#      , 500#      ,            ,           ,  , , ,         ,  ,        ,              ,,, B- ?;B-n ?
170,640,170Gd,  ,-40850#      , 500#      ,            ,           ,  , , , 420     ,ms, 130    ,0+            ,18,2012, B-=100;B-n ?
170,650,170Tb,  ,-46710#      , 300#      ,            ,           ,  , , , 960     ,ms, 78     ,2-#           ,18,2012, B-=100;B-n ?
170,660,170Dy,  ,-53710#      , 200#      ,            ,           ,  , , ,  54.9   , s, 8.0    ,0+            ,18,2010, B-=100
170,661,170Dy,m ,-52070#      , 200#      , 1643.8     ,   0.3     ,  , , ,   0.99  ,us, 0.04   ,(6+)          ,18,2016, IT=100
170,670,170Ho,  ,-56240       ,  50       ,            ,           ,  ,*, ,   2.76  , m, 0.05   ,(6+)          ,18,1960, B-=100
170,671,170Ho,m ,-56140       ,  60       ,  100       ,  80       ,BD,*, ,  43     , s, 2      ,(1+)          ,18,1960, B-=100
170,680,170Er,  ,-60107.5     ,   1.4     ,            ,           ,  , , , stbl    ,  , >410Py ,0+            ,18,1934, IS=14.910 36;2B- ?;A ?
170,690,170Tm,  ,-59795.3     ,   0.7     ,            ,           ,  , , , 128.6   , d, 0.3    ,1-*           ,18,1936, B-=99.869 10;EC=0.131 10
170,691,170Tm,m ,-59612.1     ,   0.7     ,  183.197   ,   0.004   ,  , , ,   4.12  ,us, 0.13   ,3+            ,18,1967, IT=100
170,700,170Yb,  ,-60763.929   ,   0.010   ,            ,           ,  , , , stbl    ,  ,        ,0+            ,18,1938, IS=2.982 39
170,701,170Yb,m ,-59505.47    ,   0.14    , 1258.46    ,   0.14    ,  , , , 370     ,ns, 15     ,4-            ,18,1981, IT=100
170,710,170Lu,  ,-57306       ,  17       ,            ,           ,  , , ,   2.012 , d, 0.030  ,0+*           ,18,1951, B+=100
170,711,170Lu,m ,-57213       ,  17       ,   92.91    ,   0.09    ,  , , , 670     ,ms, 100    ,4-            ,18,1965, IT=100
170,720,170Hf,  ,-56254       ,  28       ,            ,           ,  , , ,  16.01  , h, 0.13   ,0+            ,18,1961, EC=100
170,730,170Ta,  ,-50138       ,  28       ,            ,           ,  , , ,   6.76  , m, 0.06   ,(3+)          ,18,1969, B+=100
170,740,170W ,  ,-47291       ,  13       ,            ,           ,  , , ,   2.42  , m, 0.04   ,0+            ,18,1971, B+=100
170,750,170Re,  ,-38904       ,  11       ,            ,           ,  , ,&,  >1#    , s,        ,"(8-,9-)#      ",,1974, B+=100
170,751,170Re,m ,-38831       ,  12       ,   73       ,  17       ,  , ,&,   9.2   , s, 0.2    ,(5+)          ,18,1974, B+=?;IT ?
170,752,170Re,n ,-38694       ,  11       ,  210.1     ,   0.1     ,  , , , 130     ,ns, 10     ,"(6,7,8,9)     ",18,1974, IT=100
170,760,170Os,  ,-33926       ,  10       ,            ,           ,  , , ,   7.37  , s, 0.18   ,0+            ,18,1972, B+=90.5 10;A=9.5 10
170,770,170Ir,  ,-23180#      , 100#      ,            ,           ,  ,*, , 910     ,ms, 150    ,(3-)          ,18,1977, B+ ?;A=5.2 17
170,771,170Ir,m ,-23140       ,  90       ,   40#      ,  50#      ,  ,*, , 811     ,ms, 18     ,(8+)          ,18,1977, A=38 5;B+ ?;IT ?
170,780,170Pt,  ,-16299       ,  18       ,            ,           ,  , , ,  13.93  ,ms, 0.16   ,0+            ,18,1981, A~100;B+ ?
170,790,170Au,  , -3700#      , 200#      ,            ,           ,  , , , 290     ,us, 50     ,(2)-          ,18,2002, p=89 10;A=11 10
170,791,170Au,m , -3420#      , 200#      ,  280       ,  13       ,p , , , 620     ,us, 50     ,(9)+          ,18,2002, p=58 5;A=42 5
170,800,170Hg,  ,  5420#      , 300#      ,            ,           ,  , , , 310     ,us, 250    ,0+            ,,2019, A=100
171,640,171Gd,  ,-36210#      , 500#      ,            ,           ,  , , , 300#    ,ms, >550ns ,9/2+#         ,,2018, B- ?;B-n ?
171,650,171Tb,  ,-43770#      , 400#      ,            ,           ,  , , ,   1.23  , s, 0.10   ,3/2+#         ,18,2012, B-=100;B-n ?
171,660,171Dy,  ,-50010#      , 200#      ,            ,           ,  , , ,   4.07  , s, 0.40   ,7/2-#         ,18,2012, B-=100
171,670,171Ho,  ,-54520       , 600       ,            ,           ,  , , ,  53     , s, 2      ,7/2-#         ,18,1989, B-=100
171,680,171Er,  ,-57717.8     ,   1.4     ,            ,           ,  , , ,   7.516 , h, 0.002  ,5/2-*         ,18,1938, B-=100
171,681,171Er,m ,-57519.2     ,   1.4     ,  198.61    ,   0.09    ,  , , , 210     ,ns, 10     ,1/2-          ,18,1969, IT=100
171,690,171Tm,  ,-59210.3     ,   1.0     ,            ,           ,  , , ,   1.92  , y, 0.01   ,1/2+*         ,18,1948, B-=100
171,691,171Tm,m ,-58785.3     ,   1.0     ,  424.9557  ,   0.0015  ,  , , ,   2.60  ,us, 0.02   ,7/2-          ,18,1948, IT=100
171,692,171Tm,n ,-57535.9     ,   1.0     , 1674.43    ,   0.13    ,  , , ,   1.7   ,us, 0.2    ,19/2+         ,18,2009, IT=100
171,700,171Yb,  ,-59306.818   ,   0.013   ,            ,           ,  , , , stbl    ,  ,        ,1/2-*         ,18,1934, IS=14.086 140
171,701,171Yb,m ,-59211.536   ,   0.013   ,   95.282   ,   0.002   ,  , , ,   5.25  ,ms, 0.24   ,7/2+          ,18,1968, IT=100
171,702,171Yb,n ,-59184.402   ,   0.013   ,  122.416   ,   0.002   ,  , , , 265     ,ns, 20     ,5/2-          ,18,1968, IT=100
171,710,171Lu,  ,-57828.5     ,   1.9     ,            ,           ,  , , ,   8.247 , d, 0.023  ,7/2+*         ,18,1951, B+=100
171,711,171Lu,m ,-57757.4     ,   1.9     ,   71.13    ,   0.08    ,  , , ,  79     , s, 2      ,1/2-*         ,18,1965, IT=100
171,720,171Hf,  ,-55431       ,  29       ,            ,           ,  , , ,  12.1   , h, 0.4    ,7/2+*         ,18,1951, B+=100
171,721,171Hf,m ,-55409       ,  29       ,   21.93    ,   0.09    ,  , , ,  29.5   , s, 0.9    ,1/2-*         ,18,1997, IT~100;B+ ?
171,730,171Ta,  ,-51720       ,  28       ,            ,           ,  , , ,  23.3   , m, 0.3    ,(5/2+)        ,18,1969, B+=100
171,740,171W ,  ,-47086       ,  28       ,            ,           ,  , , ,   2.38  , m, 0.04   ,(5/2-)        ,18,1983, B+=100
171,750,171Re,  ,-41250       ,  28       ,            ,           ,  , , ,  15.2   , s, 0.4    ,(9/2-)        ,18,1987, B+=100
171,760,171Os,  ,-34297       ,  18       ,            ,           ,  , , ,   8.3   , s, 0.2    ,(5/2-)        ,18,1972, B+ ?;A=1.80 21
171,770,171Ir,  ,-26410       ,  40       ,            ,           ,  , , ,   3.1   , s, 0.3    ,1/2+          ,18,1967, B+ ?;A=15 2
171,771,171Ir,m ,-26250#      ,  40#      ,  164#      ,  11#      ,  , , ,   1.47  , s, 0.06   ,(11/2-)       ,18,1967, A=54 5;B+ ?;p ?
171,780,171Pt,  ,-17470       ,  80       ,            ,           ,  , , ,  45.5   ,ms, 2.5    ,7/2-          ,18,1981, A=86 3; B+ ?
171,781,171Pt,m ,-17060       ,  80       ,  412.6     ,   1.0     ,  , , , 901     ,ns, 9      ,13/2+         ,18,2010, IT=100
171,790,171Au,  , -7562       ,  21       ,            ,           ,  , , ,  22.3   ,us, 2.4    ,1/2+          ,18,1997, p~100;A ?
171,791,171Au,m , -7308       ,  18       ,  255       ,  10       ,p , , ,   1.036 ,ms, 0.016  ,11/2-         ,18,1996, A=60 6;p=40 6
171,800,171Hg,  ,  3340#      , 310#      ,            ,           ,  , , ,  70     ,us, 30     ,3/2-#         ,4,2004, A~100;B+ ?
172,640,172Gd,  ,-32970#      , 300#      ,            ,           ,  , , , 160#    ,ms, >550ns ,0+#           ,,2018, B- ?;B-n ?
172,650,172Tb,  ,-39690#      , 500#      ,            ,           ,  , , , 760     ,ms, 190    ,6+#           ,17,2012, B-=100;B-n ?
172,660,172Dy,  ,-47760#      , 300#      ,            ,           ,  , , ,   3.4   , s, 0.2    ,0+            ,13,2012, B-=100
172,661,172Dy,m ,-46480#      , 300#      , 1278       ,   1       ,  , , , 710     ,ms, 50     ,(8-)          ,,2016, B-=19 3;IT=81 3
172,670,172Ho,  ,-51480#      , 200#      ,            ,           ,  , , ,  25     , s, 3      ,0+#           ,15,1991, B-=100
172,680,172Er,  ,-56483       ,   4       ,            ,           ,  , , ,  49.3   , h, 0.5    ,0+            ,15,1956, B-=100
172,681,172Er,m ,-54982       ,   4       , 1500.9     ,   0.3     ,  , , , 579     ,ns, 62     ,(6+)          ,15,2006, IT=100
172,690,172Tm,  ,-57374       ,   5       ,            ,           ,  , , ,  63.6   , h, 0.3    ,2-            ,15,1956, B-=100
172,691,172Tm,m ,-56898       ,   5       ,  476.2     ,   0.2     ,  , , , 132     ,us, 7      ,(6+)          ,15,2008, IT=100
172,700,172Yb,  ,-59255.456   ,   0.014   ,            ,           ,  , , , stbl    ,  ,        ,0+            ,95,1934, IS=21.686 130
172,701,172Yb,m ,-57705.03    ,   0.06    , 1550.43    ,   0.06    ,  , , ,   3.6   ,us, 0.1    ,6-            ,95,1969, IT=100
172,710,172Lu,  ,-56736.1     ,   2.3     ,            ,           ,  , , ,   6.70  , d, 0.03   ,4-*           ,95,1951, B+=100
172,711,172Lu,m ,-56694.2     ,   2.3     ,   41.86    ,   0.04    ,  , , ,   3.7   , m, 0.5    ,1-*           ,95,1962, IT=100;B+ ?
172,712,172Lu,n ,-56670.3     ,   2.3     ,   65.79    ,   0.04    ,  , , , 332     ,ns, 20     ,(1)+          ,95,1965, IT=100
172,713,172Lu,p ,-56626.7     ,   2.3     ,  109.41    ,   0.10    ,  , , , 440     ,us, 12     ,(1)+          ,95,1965, IT=100
172,714,172Lu,q ,-56522.5     ,   2.3     ,  213.57    ,   0.17    ,  , , , 150     ,ns,        ,(6-)          ,95,1974, IT=100
172,720,172Hf,  ,-56402       ,  24       ,            ,           ,  , , ,   1.87  , y, 0.03   ,0+            ,95,1951, EC=100
172,721,172Hf,m ,-54396       ,  24       , 2005.84    ,   0.11    ,  , , , 163     ,ns, 3      ,(8-)          ,95,1976, IT=100
172,730,172Ta,  ,-51330       ,  28       ,            ,           ,  , , ,  36.8   , m, 0.3    ,(3+)          ,15,1964, B+=100
172,740,172W ,  ,-49097       ,  28       ,            ,           ,  , , ,   6.6   , m, 0.9    ,0+            ,95,1964, B+=100
172,750,172Re,  ,-41570       ,  40       ,            ,           ,  ,*, ,  55     , s, 5      ,(2+)          ,16,1977, B+=100
172,751,172Re,m ,-41460#      ,  60#      ,  110#      ,  50#      ,  ,*, ,  15     , s, 3      ,(7+)          ,16,1972, B+=100
172,760,172Os,  ,-37244       ,  13       ,            ,           ,  , , ,  19.2   , s, 0.9    ,0+            ,95,1971, B+=98.81 17;A=1.19 17
172,770,172Ir,  ,-27380       ,  30       ,            ,           ,  , , ,   4.4   , s, 0.3    ,"(3-,4-)       ",16,1967, B+~98;A~2
172,771,172Ir,m ,-27240       ,  30       ,  139       ,  10       ,AD, , ,   2.19  , s, 0.07   ,(7+)          ,16,1967, B+=90.5 11;A=9.5 11
172,780,172Pt,  ,-21107       ,  10       ,            ,           ,  , , ,  97.6   ,ms, 1.3    ,0+            ,10,1981, A=96 3;B+ ?
172,790,172Au,  , -9320       ,  60       ,            ,           ,  ,*, ,  28     ,ms, 4      ,(2)-          ,10,1993, A~100;p ?;B+ ?
172,791,172Au,m , -9160       , 240       ,  160       , 250       ,AD,*, ,  11.0   ,ms, 1.0    ,"(9,10)+       ",10,1993, A~100;p ?
172,800,172Hg,  , -1060       , 150       ,            ,           ,  , , , 231     ,us, 9      ,0+            ,10,1999, A~100;B+ ?
173,650,173Tb,  ,-36510#      , 500#      ,            ,           ,  , , , 400#    ,ms, >550ns ,3/2+#         ,,2018, B- ?;B-n ?
173,660,173Dy,  ,-43740#      , 400#      ,            ,           ,  , , ,   1.43  , s, 0.20   ,9/2+#         ,17,2012, B-=100;B-n ?
173,670,173Ho,  ,-49350#      , 300#      ,            ,           ,  , , ,   7.1   , s, 0.4    ,7/2-#         ,17,2012, B-=100
173,671,173Ho,m ,-48950#      , 300#      ,  405       ,   1       ,  , , ,   3.7   ,us, 1.2    ,1/2+#         ,17,2020, IT=100
173,680,173Er,  ,-53650#      , 200#      ,            ,           ,  , , ,   1.434 , m, 0.017  ,(7/2-)        ,95,1972, B-=100
173,690,173Tm,  ,-56256       ,   4       ,            ,           ,  , , ,   8.24  , h, 0.08   ,(1/2+)        ,95,1961, B-=100
173,691,173Tm,m ,-55938       ,   4       ,  317.73    ,   0.20    ,  , , ,  10.7   ,us, 1.7    ,7/2-          ,95,1972, IT=100
173,692,173Tm,n ,-54350       ,   4       , 1905.7     ,   0.4     ,  , , , 250     ,ns, 69     ,19/2-         ,95,2012, IT=100
173,693,173Tm,p ,-52208       ,   4       , 4047.9     ,   0.5     ,  , , , 121     ,ns, 28     ,35/2-         ,95,2012, IT=100
173,700,173Yb,  ,-57551.234   ,   0.011   ,            ,           ,  , , , stbl    ,  ,        ,5/2-*         ,95,1934, IS=16.103 63
173,701,173Yb,m ,-57152.3     ,   0.5     ,  398.9     ,   0.5     ,  , , ,   2.9   ,us, 0.1    ,1/2-          ,95,1963, IT=100
173,710,173Lu,  ,-56881.0     ,   1.6     ,            ,           ,  , , ,   1.37  , y, 0.01   ,7/2+*         ,95,1951, EC=100
173,711,173Lu,m ,-56757.3     ,   1.6     ,  123.672   ,   0.013   ,  , , ,  74.2   ,us, 1.0    ,5/2-          ,95,1962, IT=100
173,720,173Hf,  ,-55412       ,  28       ,            ,           ,  , , ,  23.6   , h, 0.1    ,1/2-          ,6,1951, B+=100
173,721,173Hf,m ,-55305       ,  28       ,  107.16    ,   0.05    ,  , , , 180     ,ns, 8      ,5/2-          ,6,1973, IT=100
173,722,173Hf,n ,-55215       ,  28       ,  197.47    ,   0.10    ,  , , , 160     ,ns, 40     ,7/2+          ,6,1973, IT=100
173,730,173Ta,  ,-52397       ,  28       ,            ,           ,  , , ,   3.14  , h, 0.13   ,5/2-          ,95,1960, B+=100
173,731,173Ta,m ,-52224       ,  28       ,  173.10    ,   0.21    ,  , , , 205.2   ,ns, 5.6    ,9/2-          ,95,1977, IT=100
173,732,173Ta,n ,-50680       ,  28       , 1717.2     ,   0.4     ,  , , , 132     ,ns, 3      ,21/2-         ,,2006, IT=100
173,740,173W ,  ,-48727       ,  28       ,            ,           ,  , , ,   7.6   , m, 0.2    ,5/2-          ,95,1963, B+=100
173,750,173Re,  ,-43554       ,  28       ,            ,           ,  , , ,   2.0   , m, 0.3    ,(5/2-)        ,95,1986, B+=100
173,760,173Os,  ,-37438       ,  15       ,            ,           ,  , , ,  22.4   , s, 0.9    ,5/2-          ,15,1971, B+=99.6 2;A=0.4 2
173,770,173Ir,  ,-30268       ,  11       ,            ,           ,  , , ,   9.0   , s, 0.8    ,"(1/2+,3/2+)   ",15,1967, B+=96.5 20;A=3.5 20
173,771,173Ir,m ,-30042       ,  11       ,  226       ,   9       ,AD, , ,   2.20  , s, 0.05   ,11/2-         ,15,1967, B+=88 1;A=12 1
173,780,173Pt,  ,-21940       ,  60       ,            ,           ,  , , , 382     ,ms, 2      ,(5/2-)        ,15,1966, A=86 4;B+ ?
173,790,173Au,  ,-12832       ,  23       ,            ,           ,  , , ,  25.5   ,ms, 0.8    ,(1/2+)        ,15,1983, A=86 13;B+ ?
173,791,173Au,m ,-12618       ,  12       ,  214       ,  21       ,AD, , ,  12.2   ,ms, 0.1    ,(11/2-)       ,15,1984, A=89 11;B+ ?
173,800,173Hg,  , -2660#      , 200#      ,            ,           ,  , , , 800     ,us, 80     ,(7/2-)        ,15,1999, A=100
174,650,174Tb,  ,-31970#      , 500#      ,            ,           ,  , , , 240#    ,ms, >550ns ,2-#           ,,2018, B- ?;B-n ?
174,660,174Dy,  ,-41130#      , 500#      ,            ,           ,  , , ,   1#    , s, >300ns ,0+            ,13,2012, B- ?;B-n ?
174,670,174Ho,  ,-45870#      , 300#      ,            ,           ,  , , ,   3.7   , s, 0.4    ,(8-)          ,17,2012, B-=100
174,680,174Er,  ,-51950#      , 300#      ,            ,           ,  , , ,   3.2   , m, 0.2    ,0+            ,99,1989, B-=100
174,681,174Er,m ,-50840#      , 300#      , 1111.5     ,   0.7     ,  , , ,   3.9   , s, 0.3    ,8-            ,,2006, IT=100
174,690,174Tm,  ,-53860       ,  40       ,            ,           ,  , , ,   5.4   , m, 0.1    ,4-            ,99,1960, B-=100
174,691,174Tm,m ,-53610       ,  40       ,  252.4     ,   0.7     ,  , , ,   2.29  , s, 0.01   ,0+            ,,2006, IT~100; B-<1.5
174,692,174Tm,n ,-51770       ,  40       , 2091.7     ,   0.3     ,  , , , 106     ,us, 7      ,14-           ,,2013, IT=100
174,700,174Yb,  ,-56944.521   ,   0.011   ,            ,           ,  , , , stbl    ,  ,        ,0+            ,99,1934, IS=32.025 80
174,701,174Yb,m ,-55426.373   ,   0.017   , 1518.148   ,   0.013   ,  , , , 830     ,us, 40     ,6+            ,99,1964, IT=100
174,702,174Yb,n ,-55179.3     ,   0.5     , 1765.2     ,   0.5     ,  , , , 256     ,ns, 11     ,7-            ,,2005, IT=100
174,710,174Lu,  ,-55570.3     ,   1.6     ,            ,           ,  , , ,   3.31  , y, 0.05   ,1-*           ,99,1951, B+=100
174,711,174Lu,m ,-55399.5     ,   1.6     ,  170.83    ,   0.05    ,  , , , 142     , d, 2      ,6-*           ,99,1960, IT=99.38 2;EC=0.62 2
174,712,174Lu,n ,-55329.5     ,   1.6     ,  240.818   ,   0.004   ,  , , , 395     ,ns, 15     ,3+            ,99,1980, IT=100
174,713,174Lu,p ,-55205.1     ,   1.6     ,  365.183   ,   0.006   ,  , , , 145     ,ns, 3      ,4-            ,99,1980, IT=100
174,714,174Lu,q ,-53714.6     ,   1.7     , 1855.7     ,   0.5     ,  , , , 194     ,ns, 24     ,13+           ,,2009, IT=100
174,715,174Lu,r ,-51501.9     ,   1.8     , 4068.4     ,   0.9     ,  , , ,  97     ,ns, 10     ,(21+)         ,,2009, IT=100
174,716,174Lu,x ,-49720.7     ,   1.8     , 5849.6     ,   0.9     ,  , , , 242     ,ns, 19     ,(26-)         ,,2009, IT=100
174,720,174Hf,  ,-55844.6     ,   2.3     ,            ,           ,  , , ,   2.0   ,Py, 0.4    ,0+            ,4,1939, IS=0.16 12;A=100;2B+ ?
174,721,174Hf,m ,-54295.3     ,   2.3     , 1549.26    ,   0.04    ,  , , , 138     ,ns, 4      ,6+            ,4,1976, IT=100
174,722,174Hf,n ,-54047.0     ,   2.3     , 1797.59    ,   0.07    ,  , , ,   2.39  ,us, 0.04   ,8-            ,4,1974, IT=100
174,723,174Hf,p ,-52532.5     ,   2.3     , 3312.07    ,   0.06    ,  , , ,   3.7   ,us, 0.2    ,14+           ,4,1974, IT=100
174,730,174Ta,  ,-51741       ,  28       ,            ,           ,  , , ,   1.14  , h, 0.08   ,3+            ,99,1960, B+=100
174,740,174W ,  ,-50227       ,  28       ,            ,           ,  , , ,  33.2   , m, 2.1    ,0+            ,99,1964, B+=100
174,741,174W ,m ,             ,           , non-exist  ,           ,EU, , ,>187     ,ns,        ,              ,99,1976, IT=100
174,742,174W ,n ,             ,           , non-exist  ,           ,EU, , , 187     ,ns, 25     ,              ,99,1976, IT=100
174,743,174W ,p ,-47959       ,  28       , 2267.8     ,   0.4     ,  , , , 158     ,ns, 3      ,8-            ,,2006, IT=100
174,744,174W ,q ,-46711       ,  28       , 3515.6     ,   0.4     ,  , , , 128     ,ns, 8      ,12+           ,,2006, IT=100
174,750,174Re,  ,-43673       ,  28       ,            ,           ,  , , ,   2.40  , m, 0.04   ,3+#           ,99,1972, B+=100
174,751,174Re,m ,-43570#      ,  60#      ,  100#      ,  50#      ,  , , ,   1#    , m, >1us   ,7+#           ,,2012, IT ?;B+ ?
174,760,174Os,  ,-39995       ,  10       ,            ,           ,  , , ,  44     , s, 4      ,0+            ,99,1971, B+~100;A=0.024 7
174,770,174Ir,  ,-30786       ,  11       ,            ,           ,  , , ,   7.9   , s, 0.6    ,"(2+,3-)       ",99,1967, B+=99.5 3;A=0.5 3
174,771,174Ir,m ,-30662       ,  11       ,  124       ,  16       ,AD, , ,   4.9   , s, 0.3    ,"(6,7,8,9)     ",99,1992, B+=97.5 3;A=2.5 3
174,780,174Pt,  ,-25318       ,  10       ,            ,           ,  , , , 862     ,ms, 8      ,0+            ,99,1966, A=74.9 24;B+ ?
174,790,174Au,  ,-14060#      , 100#      ,            ,           ,  , , , 139     ,ms, 3      ,(3-)          ,99,1983, A=90 6;B+ ?
174,791,174Au,m ,-13930       ,  90       ,  130#      ,  50#      ,  , , , 162     ,ms, 2      ,(9+)          ,,1995, A=?;B+ ?
174,800,174Hg,  , -6641       ,  19       ,            ,           ,  , , ,   2.0   ,ms, 0.4    ,0+            ,99,1997, A~100;B+ ?
175,660,175Dy,  ,-36730#      , 500#      ,            ,           ,  , , , 390#    ,ms, >550ns ,1/2-#         ,,2018, B- ?;B-n ?
175,670,175Ho,  ,-43300#      , 400#      ,            ,           ,  , , ,   1.88  , s, 0.55   ,7/2-#         ,17,2012, B-=100;B-n ?
175,680,175Er,  ,-48650#      , 400#      ,            ,           ,  , , ,   1.2   , m, 0.3    ,9/2+#         ,4,1996, B-=100
175,690,175Tm,  ,-52310       ,  50       ,            ,           ,  , , ,  15.2   , m, 0.5    ,(1/2)+        ,4,1961, B-=100
175,691,175Tm,m ,-51870       ,  50       ,  440.0     ,   1.1     ,  , , , 319     ,ns, 35     ,7/2-          ,4,2012, IT=100
175,692,175Tm,n ,-50790       ,  50       , 1517.7     ,   1.2     ,  , , ,  21     ,us, 14     ,23/2+         ,4,2012, IT=100
175,700,175Yb,  ,-54695.56    ,   0.07    ,            ,           ,  , , ,   4.185 , d, 0.001  ,7/2-*         ,4,1945, B-=100
175,701,175Yb,m ,-54180.69    ,   0.07    ,  514.866   ,   0.004   ,  , , ,  68.2   ,ms, 0.3    ,1/2-          ,4,1972, IT=100
175,710,175Lu,  ,-55165.7     ,   1.2     ,            ,           ,  , , , stbl    ,  ,        ,7/2+*         ,4,1934, IS=97.401 13
175,711,175Lu,m ,-54812.2     ,   1.2     ,  353.48    ,   0.13    ,  , , ,   1.49  ,us, 0.07   ,5/2-          ,4,1965, IT=100
175,712,175Lu,n ,-53773.3     ,   1.3     , 1392.4     ,   0.4     ,  , , , 984     ,us, 30     ,19/2+         ,4,1998, IT=100
175,720,175Hf,  ,-54481.8     ,   2.3     ,            ,           ,  , , ,  70.65  , d, 0.19   ,5/2-          ,4,1949, EC=100
175,721,175Hf,m ,-54355.9     ,   2.3     ,  125.89    ,   0.12    ,  , , ,  53.7   ,us, 1.5    ,1/2-          ,4,1964, IT=100
175,722,175Hf,n ,-53048.4     ,   2.3     , 1433.41    ,   0.12    ,  , , ,   1.10  ,us, 0.08   ,19/2+         ,4,1990, IT=100
175,723,175Hf,p ,-51466.2     ,   2.3     , 3015.6     ,   0.4     ,  , , ,   1.21  ,us, 0.15   ,35/2-         ,4,1980, IT=100
175,724,175Hf,q ,-49845.6     ,   2.6     , 4636.2     ,   1.2     ,  , , ,   1.9   ,us, 0.1    ,45/2+         ,4,1990, IT=100
175,730,175Ta,  ,-52409       ,  28       ,            ,           ,  , , ,  10.5   , h, 0.2    ,7/2+*         ,4,1960, B+=100
175,731,175Ta,m ,-52278       ,  28       ,  131.41    ,   0.17    ,  , , , 222     ,ns, 8      ,9/2-          ,4,1972, IT=100
175,732,175Ta,n ,-52070       ,  28       ,  339.2     ,   1.3     ,  , , , 170     ,ns, 20     ,(1/2+)        ,4,1969, IT=100
175,733,175Ta,p ,-50841       ,  28       , 1567.6     ,   0.3     ,  , , ,   1.95  ,us, 0.15   ,21/2-         ,4,1996, IT=100
175,740,175W ,  ,-49633       ,  28       ,            ,           ,  , , ,  35.2   , m, 0.6    ,(1/2-)        ,4,1963, B+=100
175,741,175W ,m ,-49398       ,  28       ,  234.96    ,   0.15    ,  , , , 216     ,ns, 6      ,(7/2+)        ,4,1978, IT=100
175,750,175Re,  ,-45288       ,  28       ,            ,           ,  , , ,   5.89  , m, 0.05   ,5/2-#         ,4,1967, B+=100
175,760,175Os,  ,-40105       ,  12       ,            ,           ,  , , ,   1.4   , m, 0.1    ,(5/2-)        ,4,1972, B+=100
175,770,175Ir,  ,-33395       ,  12       ,            ,           ,  , , ,   9     , s, 2      ,(1/2+)        ,4,1967, B+=99.15 28;A=0.85 28
175,771,175Ir,m ,-33350#      ,  40#      ,   50#      ,  40#      ,  , , ,  33     , s, 4      ,9/2-#         ,4,1967, B+= ?;IT ?
175,772,175Ir,n ,-33298       ,  12       ,   97.4     ,   0.7     ,  , , ,   6.58  ,us, 0.15   ,(5/2-)        ,,2019, IT=100
175,780,175Pt,  ,-25709       ,  19       ,            ,           ,  , , ,   2.43  , s, 0.04   ,(7/2-)        ,4,1966, A=64 5;B+ ?
175,790,175Au,  ,-17400       ,  40       ,            ,           ,  , , , 200     ,ms, 3      ,1/2+          ,4,1975, A=88 4;B+ ?
175,791,175Au,m ,-17240#      ,  40#      ,  164#      ,  11#      ,AD, , , 136     ,ms, 1      ,(11/2-)       ,4,1975, A=75 4;B+ ?
175,800,175Hg,  , -7970       ,  80       ,            ,           ,  , , ,  10.2   ,ms, 0.3    ,(7/2-)        ,9,1983, A~100;B+ ?
175,801,175Hg,m , -7480       ,  80       ,  494       ,   2       ,  , , , 340     ,ns, 30     ,(13/2+)       ,9,2009, IT=100
176,660,176Dy,  ,-33610#      , 500#      ,            ,           ,  , , , 440#    ,ms, >550ns ,0+            ,,2018, B- ?;B-n ?
176,670,176Ho,  ,-39390#      , 500#      ,            ,           ,  , , ,   1#    , s, >300ns ,4+#           ,13,2012, B- ?;B-n ?
176,680,176Er,  ,-46630#      , 400#      ,            ,           ,  , , ,  12#    , s, >300ns ,0+            ,13,2012, B- ?
176,690,176Tm,  ,-49370       , 100       ,            ,           ,  , , ,   1.85  , m, 0.03   ,(4+)          ,6,1961, B-=100
176,700,176Yb,  ,-53491.322   ,   0.014   ,            ,           ,  , , , stbl    ,  , >160Py ,0+            ,6,1934, IS=12.995 83;2B- ?;A ?
176,701,176Yb,m ,-52441.5     ,   0.6     , 1049.8     ,   0.6     ,  , , ,  11.4   , s, 0.3    ,8-*           ,6,1967, IT=?;B-<10#
176,710,176Lu,  ,-53382.3     ,   1.2     ,            ,           ,  , , ,  37.01  ,Gy, 0.17   ,7-*           ,6,1935, IS=2.599 13;B-=100;B+=0.45 26
176,711,176Lu,m ,-53259.5     ,   1.2     ,  122.845   ,   0.004   ,  , , ,   3.664 , h, 0.019  ,1-*           ,6,1935, B-~100;EC=0.095 16
176,712,176Lu,n ,-51867.8     ,   1.3     , 1514.5     ,   0.5     ,  , , , 312     ,ns, 69     ,12+           ,6,2000, IT=100
176,713,176Lu,p ,-51794.5     ,   1.3     , 1587.8     ,   0.6     ,  , , ,  40     ,us, 3      ,14+           ,6,2000, IT=100
176,720,176Hf,  ,-54576.4     ,   1.5     ,            ,           ,  , , , stbl    ,  ,        ,0+            ,6,1934, IS=5.26 70
176,721,176Hf,m ,-53243.3     ,   1.5     , 1333.07    ,   0.07    ,  , , ,   9.6   ,us, 0.3    ,6+            ,6,1964, IT=100
176,722,176Hf,n ,-53017.1     ,   1.5     , 1559.31    ,   0.09    ,  , , ,   9.9   ,us, 0.2    ,8-            ,6,1967, IT=100
176,723,176Hf,p ,-51710.6     ,   1.7     , 2865.8     ,   0.7     ,  , , , 401     ,us, 6      ,14-           ,6,1975, IT=100
176,724,176Hf,q ,-49712.8     ,   1.7     , 4863.6     ,   0.9     ,  , , ,  43     ,us, 4      ,22-           ,6,1976, IT=100
176,730,176Ta,  ,-51370       ,  30       ,            ,           ,  , , ,   8.09  , h, 0.05   ,(1)-          ,6,1948, B+=100
176,731,176Ta,m ,-51270       ,  30       ,  103.0     ,   1.0     ,  , , ,   1.08  ,ms, 0.07   ,7+            ,6,1971, IT=100
176,732,176Ta,n ,-49900       ,  30       , 1474.0     ,   1.4     ,  , , ,   3.8   ,us, 0.4    ,14-           ,6,1978, IT=100
176,733,176Ta,p ,-48500       ,  30       , 2874.0     ,   1.4     ,  , , , 970     ,us, 70     ,20-           ,6,1994, IT=100
176,740,176W ,  ,-50642       ,  28       ,            ,           ,  , , ,   2.5   , h, 0.1    ,0+            ,6,1950, EC=100
176,750,176Re,  ,-45063       ,  28       ,            ,           ,  , , ,   5.3   , m, 0.3    ,(3+)          ,6,1967, B+=100
176,760,176Os,  ,-42131       ,  11       ,            ,           ,  , , ,   3.6   , m, 0.5    ,0+            ,6,1970, B+=100
176,770,176Ir,  ,-33882       ,   8       ,            ,           ,  ,*, ,   8.7   , s, 0.5    ,(3+)          ,6,1967, B+=96.9 6;A=3.1 6
176,771,176Ir,m ,-33830#      ,  50#      ,   50#      ,  50#      ,  ,*, ,  10#    ,s ,        ,(7+)          ,6,, B+= ?;IT ?
176,780,176Pt,  ,-28934       ,  13       ,            ,           ,  , , ,   6.33  , s, 0.15   ,0+            ,6,1966, B+ ?;A=40 2
176,790,176Au,  ,-18520       ,  30       ,            ,           ,  ,*, ,   1.05  , s, 0.01   ,"(3-,4-)       ",6,1975, A=75 8;B+ ?
176,791,176Au,m ,-18380       ,  30       ,  139       ,  13       ,AD,*, ,   1.36  , s, 0.02   ,"(8+,9+)       ",6,2002, A=?;B+ ?
176,800,176Hg,  ,-11785       ,  11       ,            ,           ,  , , ,  20.3   ,ms, 1.4    ,0+            ,6,1983, A=90 9;B+ ?
176,810,176Tl,  ,   580       ,  80       ,            ,           ,  , , ,   6.2   ,ms, 2.3    ,"(3-,4-)       ",9,2004, p~100;A ?;B+ ?
177,670,177Ho,  ,-36280#      , 500#      ,            ,           ,  , , ,   1#    , s, >550ns ,7/2-#         ,19,2018, B-=100;n ?
177,680,177Er,  ,-42860#      , 500#      ,            ,           ,  , , ,   8#    , s, >300ns ,1/2-#         ,19,2012, B- ?
177,690,177Tm,  ,-47570#      , 200#      ,            ,           ,  ,*, ,  95     , s, 7      ,1/2+#         ,19,1989, B-=100
177,691,177Tm,m ,-47470#      , 220#      ,  100#      , 100#      ,  ,*, ,  77     , s, 11     ,7/2-#         ,19,1989, B-=100
177,700,177Yb,  ,-50986.40    ,   0.22    ,            ,           ,  , , ,   1.911 , h, 0.003  ,9/2+*         ,19,1945, B-=100
177,701,177Yb,m ,-50654.9     ,   0.4     ,  331.5     ,   0.3     ,  , , ,   6.41  , s, 0.02   ,1/2-*         ,19,1962, IT=100
177,710,177Lu,  ,-52383.9     ,   1.2     ,            ,           ,  , , ,   6.6443, d, 0.0009 ,7/2+*         ,19,1945, B-=100
177,711,177Lu,m ,-52233.5     ,   1.2     ,  150.3984  ,   0.0010  ,  , , , 130.1   ,ns, 2.4    ,9/2-          ,19,1949, IT=100
177,712,177Lu,n ,-51814.2     ,   1.2     ,  569.6721  ,   0.0015  ,  , , , 155     ,us, 7      ,1/2+          ,19,1965, IT=100
177,713,177Lu,p ,-51413.7     ,   1.2     ,  970.1757  ,   0.0024  ,  , , , 160.4   , d, 0.3    ,23/2-*        ,19,1962, B-=77.30 8;IT=22.70 8
177,714,177Lu,q ,-49612.2     ,   1.3     , 2771.7     ,   0.5     ,  , , , 625     ,ns, 62     ,33/2+         ,19,2004, IT=100
177,715,177Lu,r ,-48853.5     ,   1.3     , 3530.4     ,   0.6     ,  , , ,   6     ,us, 2      ,39/2-         ,19,2003, IT=100
177,720,177Hf,  ,-52880.7     ,   1.4     ,            ,           ,  , , , stbl    ,  , >1.3Ey ,7/2-*         ,19,1934, IS=18.60 16
177,721,177Hf,m ,-51565.2     ,   1.4     , 1315.4502  ,   0.0008  ,  , , ,   1.09  , s, 0.05   ,23/2+         ,19,1966, IT=100
177,722,177Hf,n ,-51538.3     ,   1.7     , 1342.4     ,   1.0     ,  , , ,  55.9   ,us, 1.2    ,(19/2-)       ,19,1976, IT=100
177,723,177Hf,p ,-50140.7     ,   1.4     , 2740.02    ,   0.15    ,  , , ,  51.4   , m, 0.5    ,37/2-         ,19,1971, IT=100
177,730,177Ta,  ,-51715       ,   3       ,            ,           ,  , , ,  56.36  , h, 0.13   ,7/2+*         ,19,1948, B+=100
177,731,177Ta,m ,-51642       ,   3       ,   73.16    ,   0.07    ,  , , , 410     ,ns, 7      ,9/2-          ,19,1973, IT=100
177,732,177Ta,n ,-51529       ,   3       ,  186.16    ,   0.06    ,  , , ,   3.62  ,us, 0.10   ,5/2-          ,19,1971, IT=100
177,733,177Ta,p ,-50360       ,   3       , 1354.8     ,   0.3     ,  , , ,   5.30  ,us, 0.11   ,21/2-         ,19,1971, IT=100
177,734,177Ta,q ,-47059       ,   3       , 4656.3     ,   0.8     ,  , , , 133     ,us, 4      ,49/2-         ,19,1994, IT=100
177,740,177W ,  ,-49702       ,  28       ,            ,           ,  , , , 132.4   , m, 2.0    ,1/2-          ,19,1950, B+=100
177,750,177Re,  ,-46269       ,  28       ,            ,           ,  , , ,  14     , m, 1      ,5/2-          ,19,1957, B+=100
177,751,177Re,m ,-46170#      ,  60#      ,  100#      ,  50#      ,  , , ,>100     ,ns,        ,9/2-          ,19,, IT=100
177,752,177Re,n ,-46184       ,  28       ,   84.70    ,   0.10    ,  , , ,  50     ,us, 10     ,5/2+          ,19,1972, IT=100
177,760,177Os,  ,-41956       ,  15       ,            ,           ,  , , ,   3.0   , m, 0.2    ,1/2-          ,19,1970, B+=100
177,770,177Ir,  ,-36047       ,  20       ,            ,           ,  , , ,  29.8   , s, 1.7    ,5/2-          ,19,1967, B+~100;A=0.06 1
177,771,177Ir,m ,-35950#      ,  50#      ,  100#      ,  50#      ,  , , ,>100     ,ns,        ,(9/2-)        ,19,, IT=100
177,772,177Ir,n ,-35866       ,  20       ,  180.9     ,   0.4     ,  , , ,>100     ,ns,        ,5/2+          ,19,1991, IT=100
177,780,177Pt,  ,-29370       ,  15       ,            ,           ,  , , ,  10.0   , s, 0.4    ,5/2-          ,19,1966, B+=94.3 5;A=5.7 5
177,781,177Pt,m ,-29223       ,  15       ,  147.5     ,   0.4     ,  , , ,   2.35  ,us, 0.04   ,1/2-          ,19,1979, IT=100
177,790,177Au,  ,-21546       ,  10       ,            ,           ,  , , ,   1.501 , s, 0.020  ,1/2+*         ,19,1968, A=40 6;B+=60 6
177,791,177Au,m ,-21356       ,  10       ,  190       ,   7       ,AD, , ,   1.193 , s, 0.013  ,11/2-*        ,19,1975, A=60 10;B+ ?
177,800,177Hg,  ,-12780       ,  80       ,            ,           ,  , , , 117     ,ms, 7      ,7/2-*         ,19,1975, A~100;B+ ?
177,801,177Hg,m ,-12460       ,  80       ,  323.2     ,   1.3     ,  , , ,   1.50  ,us, 0.15   ,13/2+         ,19,2003, IT=100
177,810,177Tl,  , -3340       ,  22       ,            ,           ,  , , ,  18     ,ms, 5      ,(1/2+)        ,19,1999, A=73 13;p ?
177,811,177Tl,m , -2533       ,  12       ,  807       ,  18       ,p , , , 230     ,us, 40     ,(11/2-)       ,19,1997, p=51 8;A=49 8
178,670,178Ho,  ,-32130#      , 500#      ,            ,           ,  , , , 750#    ,ms, >550ns ,2+#           ,,2018, B- ?;B-n ?
178,680,178Er,  ,-40260#      , 600#      ,            ,           ,  , , ,   4#    , s, >300ns ,0+            ,13,2012, B- ?
178,690,178Tm,  ,-44240#      , 300#      ,            ,           ,  , , ,  10#    , s, >300ns ,1-#           ,11,2008, B- ?;B-n ?
178,700,178Yb,  ,-49677       ,   7       ,            ,           ,  , , ,  74     , m, 3      ,0+            ,9,1973, B-=100
178,710,178Lu,  ,-50337.9     ,   2.3     ,            ,           ,  , , ,  28.4   , m, 0.2    ,1+*           ,9,1957, B-=100
178,711,178Lu,m ,-50214       ,   3       ,  123.8     ,   2.6     ,RQ, , ,  23.1   , m, 0.3    ,9-*           ,9,1951, B-=100
178,720,178Hf,  ,-52435.4     ,   1.4     ,            ,           ,  , , , stbl    ,  ,        ,0+            ,9,1934, IS=27.28 28
178,721,178Hf,m ,-51288.0     ,   1.4     , 1147.416   ,   0.006   ,  , , ,   4.0   , s, 0.2    ,8-            ,9,1960, IT=100
178,722,178Hf,n ,-49989.3     ,   1.4     , 2446.09    ,   0.08    ,  , , ,  31     , y, 1      ,16+           ,9,1968, IT=100
178,723,178Hf,p ,-49863.0     ,   1.4     , 2572.4     ,   0.3     ,  , , ,  68     ,us, 2      ,14-           ,9,1977, IT=100
178,730,178Ta,  ,-50600#      ,  50#      ,            ,           ,  ,*, ,   2.36  , h, 0.08   ,7-            ,9,1950, B+=100
178,731,178Ta,m ,-50498       ,  15       ,  100#      ,  50#      ,  ,*, ,   9.31  , m, 0.03   ,(1+)          ,9,1950, B+=100
178,732,178Ta,n ,-49130#      ,  50#      , 1467.82    ,   0.16    ,  , , ,  59     ,ms, 3      ,15-           ,9,1979, IT=100
178,733,178Ta,p ,-47700#      ,  50#      , 2901.9     ,   0.7     ,  , , , 290     ,ms, 12     ,21-           ,9,1996, IT=100
178,740,178W ,  ,-50407       ,  15       ,            ,           ,  , , ,  21.6   , d, 0.3    ,0+            ,9,1950, EC=100
178,741,178W ,m ,-43834       ,  15       , 6572.7     ,   0.3     ,  , , , 220     ,ns, 10     ,25+           ,9,1998, IT=100
178,750,178Re,  ,-45653       ,  28       ,            ,           ,  , , ,  13.2   , m, 0.2    ,(3+)          ,9,1957, B+=100
178,760,178Os,  ,-43544       ,  14       ,            ,           ,  , , ,   5.0   , m, 0.4    ,0+            ,9,1967, B+=100
178,770,178Ir,  ,-36254       ,  19       ,            ,           ,  , , ,  12     , s, 2      ,3+#           ,9,1972, B+=100
178,780,178Pt,  ,-31997       ,  10       ,            ,           ,  , , ,  20.7   , s, 0.7    ,0+            ,9,1966, B+=92.3 3;A=7.7 3
178,790,178Au,  ,-22303       ,  10       ,            ,           ,  , , ,   3.4   , s, 0.5    ,"(2+,3-)*      ",9,1968, B+=84 1;A=16 1
178,791,178Au,m ,-22253       ,  10       ,   50.3     ,   0.2     ,  , , , 300     ,ns, 10     ,"(4-,5+)       ",,2019, IT=100
178,792,178Au,n ,-22117       ,  10       ,  186       ,  14       ,MD, , ,   2.7   , s, 0.5    ,"(7+,8-)       ",,2015, B+=82 1;A=18 1
178,793,178Au,p ,-22060       ,  17       ,  243       ,  14       ,  , , , 390     ,ns, 10     ,"(5+,6)        ",,2019, IT=100
178,794,178Au,q ,-21938       ,  24       ,  365       ,  21       ,AD, , ,         ,  ,  ,,,,
178,800,178Hg,  ,-16315       ,  11       ,            ,           ,  , , , 266.5   ,ms, 2.4    ,0+            ,9,1971, A=89 4;B+ ?
178,810,178Tl,  , -4610#      , 100#      ,            ,           ,  , , , 255     ,ms, 9      ,"(4-,5-)       ",9,1997, A=62 2;B+=38 2;B+SF=0.15 6
178,820,178Pb,  ,  3573       ,  23       ,            ,           ,  , , , 250     ,us, 80     ,0+            ,9,2001, A~100;B+ ?
179,680,179Er,  ,-36080#      , 500#      ,            ,           ,  , , ,   3#    , s, >550ns ,3/2-#         ,,2018, B- ?;B-n ?
179,690,179Tm,  ,-41900#      , 400#      ,            ,           ,  , , ,  18#    , s, >300ns ,1/2+#         ,13,2012, B- ?;B-n ?
179,700,179Yb,  ,-46640#      , 200#      ,            ,           ,  , , ,   8.0   , m, 0.4    ,(1/2-)        ,9,1982, B-=100
179,710,179Lu,  ,-49059       ,   5       ,            ,           ,  , , ,   4.59  , h, 0.06   ,7/2+*         ,9,1961, B-=100
179,711,179Lu,m ,-48467       ,   5       ,  592.4     ,   0.4     ,  , , ,   3.1   ,ms, 0.9    ,1/2+          ,9,1982, IT=100
179,720,179Hf,  ,-50463.0     ,   1.4     ,            ,           ,  , , , stbl    ,  ,        ,9/2+*         ,9,1934, IS=13.62 11
179,721,179Hf,m ,-50088.0     ,   1.4     ,  375.0352  ,   0.0025  ,  , , ,  18.67  , s, 0.04   ,1/2-          ,9,1962, IT=100
179,722,179Hf,n ,-49356.6     ,   1.4     , 1106.412   ,   0.033   ,  , , ,  25.00  , d, 0.17   ,25/2-         ,9,1970, IT=100
179,723,179Hf,p ,-46687.8     ,   2.5     , 3775.2     ,   2.1     ,  , , ,  15     ,us, 5      ,(43/2+)       ,9,2000, IT=100
179,730,179Ta,  ,-50357.5     ,   1.5     ,            ,           ,  , , ,   1.82  , y, 0.03   ,7/2+          ,9,1950, EC=100
179,731,179Ta,m ,-50326.8     ,   1.5     ,   30.7     ,   0.1     ,  , , ,   1.42  ,us, 0.08   ,9/2-          ,9,1964, IT=100
179,732,179Ta,n ,-49837.3     ,   1.5     ,  520.23    ,   0.18    ,  , , , 280     ,ns, 80     ,1/2+          ,9,1974, IT=100
179,733,179Ta,p ,-49104.9     ,   1.5     , 1252.60    ,   0.23    ,  , , , 322     ,ns, 16     ,21/2-         ,9,1982, IT=100
179,734,179Ta,q ,-49040.3     ,   1.6     , 1317.2     ,   0.4     ,  , , ,   9.0   ,ms, 0.2    ,25/2+         ,9,1982, IT=100
179,735,179Ta,r ,-49029.5     ,   1.6     , 1328.0     ,   0.4     ,  , , ,   1.6   ,us, 0.4    ,23/2-         ,9,1982, IT=100
179,736,179Ta,x ,-47718.2     ,   1.6     , 2639.3     ,   0.5     ,  , , ,  54.1   ,ms, 1.7    ,37/2+         ,9,1982, IT=100
179,740,179W ,  ,-49295       ,  15       ,            ,           ,  , , ,  37.05  , m, 0.16   ,7/2-          ,9,1950, B+=100
179,741,179W ,m ,-49073       ,  15       ,  221.91    ,   0.03    ,  , , ,   6.40  , m, 0.07   ,1/2-          ,9,1950, IT~100;B+=0.29 4
179,742,179W ,n ,-47663       ,  15       , 1631.90    ,   0.08    ,  , , , 390     ,ns, 30     ,21/2+         ,9,1978, IT=100
179,743,179W ,p ,-45947       ,  15       , 3348.41    ,   0.14    ,  , , , 750     ,ns, 80     ,35/2-         ,9,1978, IT=100
179,750,179Re,  ,-46584       ,  25       ,            ,           ,  , , ,  19.5   , m, 0.1    ,5/2+          ,9,1960, B+=100
179,751,179Re,m ,-46519       ,  25       ,   65.35    ,   0.09    ,  , , ,  95     ,us, 25     ,(5/2-)        ,9,1972, IT=100
179,752,179Re,n ,-44760#      ,  60#      , 1822#      ,  50#      ,  , , , 408     ,ns, 12     ,(23/2+)       ,9,1972, IT=100
179,753,179Re,p ,-41176       ,  25       , 5408.0     ,   0.5     ,  , , , 466     ,us, 15     ,"(47/2,49/2+)  ",9,1989, IT=100
179,760,179Os,  ,-43020       ,  16       ,            ,           ,  , , ,   6.5   , m, 0.3    ,1/2-          ,9,1968, B+=100
179,761,179Os,m ,-42875       ,  16       ,  145.41    ,   0.12    ,  , , , 500     ,ns,        ,(7/2)-        ,9,1983, IT=100
179,762,179Os,n ,-42777       ,  16       ,  243.0     ,   0.8     ,  , , , 783     ,ns, 14     ,(9/2)+        ,9,1983, IT=100
179,770,179Ir,  ,-38082       ,  10       ,            ,           ,  , , ,  79     , s, 1      ,(5/2)-        ,9,1992, B+=100
179,780,179Pt,  ,-32268       ,   8       ,            ,           ,  , , ,  21.2   , s, 0.4    ,1/2-          ,9,1966, B+~100;A=0.24 3
179,790,179Au,  ,-24989       ,  12       ,            ,           ,  , , ,   7.1   , s, 0.3    ,1/2+*         ,9,1968, B+=78.0 9;A=22.0 9
179,791,179Au,m ,-24900       ,  12       ,   89.5     ,   0.3     ,  , , , 327     ,ns, 5      ,(3/2-)        ,,2011, IT=100
179,793,179Au,p ,-24856       ,  19       ,  133.5     ,  15.0     ,  , , ,         ,  ,        ,(9/2-)        ,9,1980, IT ?
179,800,179Hg,  ,-16933       ,  28       ,            ,           ,  , , ,   1.05  , s, 0.03   ,7/2-*         ,9,1970, A=75 4;B+=25 4;B+p~0.15
179,801,179Hg,m ,-16762       ,  28       ,  171.4     ,   0.4     ,  , , ,   6.4   ,us, 0.9    ,13/2+         ,9,2002, IT=100
179,810,179Tl,  , -8270       ,  40       ,            ,           ,  , , , 437     ,ms,  9     ,1/2+*         ,9,1983, A=60 2;B+ ?
179,811,179Tl,m , -7450#      ,  40#      ,  825#      ,  10#      ,  , , ,   1.41  ,ms, 0.02   ,(11/2-)       ,9,1983, A~100;IT ?;B+ ?
179,812,179Tl,n , -7370       ,  40       ,  904.5     ,   0.9     ,  , , , 119     ,ns, 14     ,(9/2-)        ,9,2018, IT=100
179,820,179Pb,  ,  2050       ,  80       ,            ,           ,  , , ,   2.7   ,ms, 0.2    ,(9/2-)        ,10,2010, A=100
180,680,180Er,  ,-33180#      , 500#      ,            ,           ,  , , ,   2#    , s, >550ns ,0+            ,,2018, B- ?;B-n ?
180,690,180Tm,  ,-38170#      , 400#      ,            ,           ,  , , ,   3#    , s, >300ns ,              ,15,2012, B- ?;B-n ?
180,700,180Yb,  ,-44720#      , 300#      ,            ,           ,  , , ,   2.4   , m, 0.5    ,0+            ,15,1987, B-=100
180,710,180Lu,  ,-46680       ,  70       ,            ,           ,  , , ,   5.7   , m, 0.1    ,5+            ,15,1971, B-=100
180,711,180Lu,m ,-46670       ,  70       ,   13.9     ,   0.3     ,  , , ,  ~1     , s,        ,3-            ,15,1995, IT ?; B- ?
180,712,180Lu,n ,-46060       ,  70       ,  624.0     ,   0.5     ,  , , ,  >1     ,ms,        ,(9-)          ,15,2001, IT=100
180,720,180Hf,  ,-49779.5     ,   1.4     ,            ,           ,  , , , stbl    ,  ,        ,0+            ,15,1934, IS=35.08 33
180,721,180Hf,m ,-48637.9     ,   1.4     , 1141.552   ,   0.015   ,  , , ,   5.53  , h, 0.02   ,8-            ,15,1951, IT~100;B-=0.31 8
180,722,180Hf,n ,-48405.1     ,   1.4     , 1374.36    ,   0.04    ,  , , , 570     ,us, 20     ,4-            ,15,1990, IT=100
180,723,180Hf,p ,-47294.0     ,   1.5     , 2485.5     ,   0.5     ,  , , , 940     ,ns, 110    ,12+           ,15,2000, IT=100
180,724,180Hf,q ,-46180.5     ,   1.7     , 3599.0     ,   1.0     ,  , , ,  90     ,us, 10     ,(18-)         ,15,1999, IT=100
180,730,180Ta,  ,-48933.6     ,   2.1     ,            ,           ,  , , ,   8.154 , h, 0.006  ,1+            ,15,1938, EC=85 3;B-=15 3
180,731,180Ta,m ,-48858.3     ,   1.6     ,   75.3     ,   1.4     ,RQ, , , stbl    ,  , >45 Py ,9-            ,15,1940, IS=0.01201 32;B- ?
180,732,180Ta,n ,-47481.2     ,   2.1     , 1452.39    ,   0.22    ,  , , ,  31.2   ,us, 1.4    ,15-           ,15,1996, IT=100
180,733,180Ta,p ,-45254.7     ,   2.3     , 3678.9     ,   1.0     ,  , , ,   2.0   ,us, 0.5    ,(22-)         ,15,2000, IT=100
180,734,180Ta,q ,-44761.4     ,   2.6     , 4172.2     ,   1.6     ,  , , ,  17     ,us, 5      ,(24+)         ,15,2000, IT=100
180,740,180W ,  ,-49636.2     ,   1.4     ,            ,           ,  , , ,   1.59  ,Ey, 0.5    ,0+            ,15,1937, IS=0.12 1;A~100;2B+ ?
180,741,180W ,m ,-48107.1     ,   1.4     , 1529.05    ,   0.04    ,  , , ,   5.47  ,ms, 0.09   ,8-            ,15,1978, IT=100
180,742,180W ,n ,-46371.5     ,   1.4     , 3264.7     ,   0.3     ,  , , ,   2.33  ,us, 0.19   ,14-           ,15,1966, IT=100
180,750,180Re,  ,-45837       ,  21       ,            ,           ,  , , ,   2.46  , m, 0.03   ,(1)-          ,15,1955, B+=100
180,751,180Re,m ,-45750#      ,  40#      ,   90#      ,  30#      ,  , , ,  >1#    ,us,        ,"(4+,5+)       ",,2005, IT~100; B+ ?
180,752,180Re,n ,-42280#      ,  40#      , 3561#      ,  30#      ,  , , ,   9.0   ,us, 0.7    ,21-           ,15,2005, IT=100
180,760,180Os,  ,-44356       ,  16       ,            ,           ,  , , ,  21.5   , m, 0.4    ,0+            ,15,1967, B+=100
180,770,180Ir,  ,-37978       ,  22       ,            ,           ,  , , ,   1.5   , m, 0.1    ,(5+)          ,15,1972, B+=100
180,780,180Pt,  ,-34430       ,  10       ,            ,           ,  , , ,  56     , s, 3      ,0+            ,15,1966, B+=99.48 5;A=0.52 5
180,790,180Au,  ,-25626       ,   5       ,            ,           ,  , , ,   7.9   , s, 0.3    ,(1+)*         ,15,1977, B+=99.42 10;A=0.58 10
180,800,180Hg,  ,-20251       ,  13       ,            ,           ,  , , ,   2.59  , s, 0.01   ,0+            ,15,1970, B+=52 2;A=48 2
180,810,180Tl,  , -9390       ,  70       ,            ,           ,  , , ,   1.09  , s, 0.01   ,(4-)*         ,15,1987, B+=93 3;A=7 3;B+SF=0.0032 2
180,820,180Pb,  , -1941       ,  12       ,            ,           ,  , , ,   4.1   ,ms, 0.3    ,0+            ,15,1996, A=100
181,690,181Tm,  ,-35440#      , 500#      ,            ,           ,  , , ,   7#    , s, >300ns ,1/2+#         ,13,2012, B- ?;B-n ?
181,700,181Yb,  ,-41090#      , 300#      ,            ,           ,  , , ,   1#    , m, >300ns ,3/2-#         ,13,2000, B- ?
181,710,181Lu,  ,-44800       , 130       ,            ,           ,  , , ,   3.5   , m, 0.3    ,7/2+#         ,6,1982, B-=100
181,720,181Hf,  ,-47403.0     ,   1.4     ,            ,           ,  , , ,  42.39  , d, 0.06   ,1/2-          ,6,1935, B-=100
181,721,181Hf,m ,-46807.7     ,   1.4     ,  595.27    ,   0.04    ,  , , ,  80     ,us, 5      ,9/2+          ,6,2001, IT=100
181,722,181Hf,n ,-46359.5     ,   1.6     , 1043.5     ,   0.8     ,  , , ,~100     ,us,        ,(17/2+)       ,6,2001, IT=100
181,723,181Hf,p ,-45661.1     ,   1.9     , 1741.9     ,   1.3     ,  , , ,   1.5   ,ms, 0.5    ,(25/2-)       ,6,2001, IT=100
181,730,181Ta,  ,-48439.1     ,   1.6     ,            ,           ,  , , , stbl    ,  ,        ,7/2+*         ,6,1932, IS=99.98799 32
181,731,181Ta,m ,-48432.9     ,   1.6     ,    6.237   ,   0.020   ,  , , ,   6.05  ,us, 0.12   ,9/2-*         ,6,1979, IT=100
181,732,181Ta,n ,-47823.9     ,   1.6     ,  615.19    ,   0.03    ,  , , ,  18     ,us, 1      ,1/2+          ,6,1948, IT=100
181,733,181Ta,p ,-47011       ,  14       , 1428       ,  14       ,  , , , 140     ,ns, 36     ,19/2+#        ,,1998, IT=100
181,734,181Ta,q ,-46955.7     ,   1.6     , 1483.43    ,   0.21    ,  , , ,  25.2   ,us, 1.8    ,21/2-         ,6,1998, IT=100
181,735,181Ta,r ,-46211.2     ,   1.8     , 2227.9     ,   0.9     ,  , , , 210     ,us, 20     ,29/2-         ,6,1998, IT=100
181,740,181W ,  ,-48233.9     ,   1.4     ,            ,           ,  , , , 120.956 , d, 0.019  ,9/2+          ,6,1947, EC=100
181,741,181W ,m ,-47868.4     ,   1.4     ,  365.55    ,   0.13    ,  , , ,  14.59  ,us, 0.15   ,5/2-          ,6,1968, IT=100
181,742,181W ,n ,-46580.9     ,   1.4     , 1653.0     ,   0.3     ,  , , , 200     ,ns, 13     ,21/2+         ,6,1973, IT=100
181,750,181Re,  ,-46517       ,  13       ,            ,           ,  , , ,  19.9   , h, 0.7    ,5/2+*         ,6,1957, B+=100
181,751,181Re,m ,-46254       ,  13       ,  262.91    ,   0.11    ,  , , , 156.7   ,ns, 1.9    ,9/2-          ,6,1967, IT=100
181,752,181Re,n ,-44861       ,  13       , 1656.37    ,   0.14    ,  , , , 250     ,ns, 10     ,21/2-         ,6,1974, IT=100
181,753,181Re,p ,-44636       ,  13       , 1880.57    ,   0.16    ,  , , ,  11.5   ,us, 0.9    ,25/2+         ,6,2000, IT=100
181,754,181Re,q ,-42648       ,  13       , 3869.40    ,   0.18    ,  , , ,   1.2   ,us, 0.2    ,(35/2-)       ,6,2000, IT=100
181,760,181Os,  ,-43550       ,  25       ,            ,           ,  , , , 105     , m, 3      ,1/2-          ,6,1966, B+=100
181,761,181Os,m ,-43501       ,  25       ,   49.20    ,   0.14    ,  , , ,   2.7   , m, 0.1    ,7/2-          ,6,1966, B+=100
181,762,181Os,n ,-43393       ,  25       ,  156.91    ,   0.15    ,  , , , 262     ,ns, 6      ,9/2+          ,6,1974, IT=100
181,770,181Ir,  ,-39463       ,   5       ,            ,           ,  , , ,   4.90  , m, 0.15   ,5/2-          ,6,1972, B+=100
181,771,181Ir,m ,-39174       ,   5       ,  289.33    ,   0.13    ,  , , , 298     ,ns,        ,5/2+          ,6,1992, IT=100
181,772,181Ir,n ,-39097       ,   5       ,  366.30    ,   0.22    ,  , , , 126     ,ns, 6      ,9/2-          ,6,1992, IT=100
181,780,181Pt,  ,-34381       ,  14       ,            ,           ,  , , ,  52.0   , s, 2.2    ,1/2-*         ,6,1966, B+~100;A=0.074 10
181,781,181Pt,m ,-34264       ,  14       ,  116.65    ,   0.08    ,  , , ,>300     ,ns,        ,7/2-          ,6,1992, IT=100
181,790,181Au,  ,-27871       ,  20       ,            ,           ,  , , ,  13.7   , s, 1.4    ,(5/2-)        ,6,1968, B+=97.3 5;A=2.7 5
181,793,181Au,p ,-27660#      , 200#      ,  210#      , 200#      ,  , , ,         ,  ,        ,(11/2-)       ,6,, 
181,800,181Hg,  ,-20661       ,  15       ,            ,           ,  , , ,   3.6   , s, 0.1    ,1/2-*         ,6,1969, B+=73 2;A=27 2;B+p=0.014 3;B+A=9e-6 3
181,801,181Hg,m ,-20450       ,  50       ,  210       ,  50       ,IT, , , 480     ,us, 20     ,13/2+         ,6,2009, IT=100
181,810,181Tl,  ,-12799       ,   9       ,            ,           ,  , , ,   2.9   , s, 0.1    ,1/2+*         ,9,1996, B+ ?;A=8.6 6
181,811,181Tl,m ,-11963       ,   9       ,  835.9     ,   0.4     ,  , , ,   1.40  ,ms, 0.03   ,(9/2-)        ,9,1984, IT=99.60 4;A=0.40 6;B+ ?
181,820,181Pb,  , -3110       ,  90       ,            ,           ,  , , ,  39.0   ,ms, 0.8    ,(9/2-)        ,6,1989, A~100;B+ ?
181,821,181Pb,m ,             ,           , non-exist  ,           ,RN, , ,         ,  ,        ,13/2+#        ,,, 
182,690,182Tm,  ,-31490#      , 500#      ,            ,           ,  , , ,         ,  ,        ,              ,,, B- ?;B-n ?
182,700,182Yb,  ,-38900#      , 400#      ,            ,           ,  , , ,  30#    , s, >300ns ,0+            ,15,2012, B- ?
182,710,182Lu,  ,-41770#      , 200#      ,            ,           ,  , , ,   2.0   , m, 0.2    ,1-#           ,15,1982, B-=100
182,720,182Hf,  ,-46050       ,   6       ,            ,           ,  , , ,   8.90  ,My, 0.09   ,0+            ,15,1961, B-=100
182,721,182Hf,m ,-44877       ,   6       , 1172.87    ,   0.18    ,  , , ,  61.5   , m, 1.5    ,8-            ,15,1971, B-=54 2;IT=46 2
182,722,182Hf,n ,-43479       ,   6       , 2571.3     ,   1.2     ,  , , ,  40     ,us, 10     ,(13+)         ,15,1999, IT=100
182,730,182Ta,  ,-46430.7     ,   1.6     ,            ,           ,  , , , 114.74  , d, 0.12   ,3-            ,15,1938, B-=100
182,731,182Ta,m ,-46414.4     ,   1.6     ,   16.273   ,   0.004   ,  , , , 283     ,ms, 3      ,5+            ,15,1968, IT=100
182,732,182Ta,n ,-45911.1     ,   1.6     ,  519.577   ,   0.016   ,  , , ,  15.84  , m, 0.10   ,10-           ,15,1947, IT=100
182,740,182W ,  ,-48246.1     ,   0.7     ,            ,           ,  , , , stbl    ,  , >7.7Zy ,0+            ,15,1930, IS=26.50 16;A ?
182,741,182W ,m ,-46015.5     ,   0.7     , 2230.65    ,   0.14    ,  , , ,   1.3   ,us, 0.1    ,10+           ,15,1969, IT=100
182,750,182Re,  ,-45450       , 100       ,            ,           ,  ,*, ,  64.2   , h, 0.5    ,7+*           ,15,1950, B+=100
182,751,182Re,m ,-45386       ,  20       ,   60       , 100       ,BD,*, ,  14.14  , h, 0.45   ,2+*           ,15,1950, B+=100
182,752,182Re,n ,-45150       , 140       ,  296       , 100       ,  , , , 585     ,ns, 30     ,(2)-          ,15,1969, IT=100
182,753,182Re,p ,-44930       , 140       ,  521       , 100       ,  , , , 780     ,ns, 90     ,(4-)          ,15,1984, IT=100
182,760,182Os,  ,-44609       ,  22       ,            ,           ,  , , ,  21.84  , h, 0.20   ,0+            ,15,1950, EC=100
182,761,182Os,m ,-42778       ,  22       , 1831.4     ,   0.3     ,  , , , 780     ,us, 70     ,8-            ,15,1966, IT=100
182,762,182Os,n ,-37560       ,  22       , 7049.5     ,   0.4     ,  , , , 150     ,ns, 10     ,25+           ,15,1988, IT=100
182,770,182Ir,  ,-39052       ,  21       ,            ,           ,  , , ,  15.0   , m, 1.0    ,3+            ,15,1961, B+=100
182,771,182Ir,m ,-38981       ,  21       ,   71.02    ,   0.17    ,  , , , 170     ,ns, 40     ,(5)+          ,15,1990, IT=100
182,772,182Ir,n ,-38876       ,  21       ,  176.4     ,   0.3     ,  , , , 130     ,ns, 50     ,(6-)          ,15,1990, IT=100
182,780,182Pt,  ,-36168       ,  13       ,            ,           ,  , , ,   2.67  , m, 0.12   ,0+            ,15,1963, B+=0.962 2;A=0.038 2
182,790,182Au,  ,-28304       ,  19       ,            ,           ,  , , ,  15.5   , s, 0.4    ,(2+)*         ,15,1970, B+~100;A=0.13 5
182,791,182Au,m ,-28180       ,  30       ,  120       ,  40       ,  , , ,  10#    , s,        ,5-#           ,,, B+=?; IT ?
182,800,182Hg,  ,-23577       ,  10       ,            ,           ,  , , ,  10.83  , s, 0.06   ,0+            ,15,1968, B+=86.2 9;A=13.8 9;B+p<1e-5
182,810,182Tl,  ,-13327       ,  12       ,            ,           ,  ,*,&,   1.9   , s, 0.1    ,(4-)*         ,10,1991, B+~100;A>0.49;B+SF<3.4e-6
182,811,182Tl,m ,-13280#      ,  50#      ,   50#      ,  50#      ,  ,*,&,   3.1   , s, 1.0    ,(7+)*         ,,1991, B+~100;A=2.5 14;IT ?
182,813,182Tl,p ,-12830#      , 100#      ,  500#      , 100#      ,  , , ,         ,  ,        ,(10-)         ,,,
182,820,182Pb,  , -6825       ,  12       ,            ,           ,  , , ,  55     ,ms, 5      ,0+            ,15,1986, A~100;B+ ?
183,700,183Yb,  ,-35000#      , 400#      ,            ,           ,  , , ,  30#    , s, >300ns ,3/2-#         ,16,2012, B- ?
183,710,183Lu,  ,-39720       ,  80       ,            ,           ,  , , ,  58     , s, 4      ,7/2+#         ,16,1983, B-=100
183,720,183Hf,  ,-43280       ,  30       ,            ,           ,  , , ,   1.018 , h, 0.002  ,(3/2-)        ,16,1956, B-=100
183,721,183Hf,m ,-41820       ,  70       , 1464       ,  64       ,  , , ,  40     , s, 30     ,27/2-#        ,16,2010, IT~100;B- ?
183,730,183Ta,  ,-45293.5     ,   1.6     ,            ,           ,  , , ,   5.1   , d, 0.1    ,7/2+*         ,16,1950, B-=100
183,731,183Ta,m ,-45220.3     ,   1.6     ,   73.164   ,   0.014   ,  , , , 106     ,ns, 10     ,9/2-          ,16,1967, IT=100
183,732,183Ta,n ,-43959       ,  14       , 1335       ,  14       ,  , , , 900     ,ns, 300    ,(19/2+)       ,16,2009, IT=100
183,740,183W ,  ,-46365.7     ,   0.7     ,            ,           ,  , , , stbl    ,  , >670Ey ,1/2-*         ,16,1930, IS=14.31 4;A ?
183,741,183W ,m ,-46056.2     ,   0.7     ,  309.492   ,   0.004   ,  , , ,   5.30  , s, 0.08   ,11/2+         ,16,1961, IT=100
183,750,183Re,  ,-45810       ,   8       ,            ,           ,  , , ,  70.0   , d, 1.4    ,5/2+*         ,16,1950, EC=100
183,751,183Re,m ,-43903       ,   8       , 1907.21    ,   0.15    ,  , , ,   1.04  ,ms, 0.04   ,25/2+         ,16,1966, IT=100
183,760,183Os,  ,-43660       ,  50       ,            ,           ,  , , ,  13.0   , h, 0.5    ,9/2+*         ,16,1950, B+=100
183,761,183Os,m ,-43490       ,  50       ,  170.73    ,   0.07    ,  , , ,   9.9   , h, 0.3    ,1/2-*         ,16,1958, B+=85 2;IT=15 2
183,770,183Ir,  ,-40202       ,  25       ,            ,           ,  , , ,  58     , m, 5      ,5/2-          ,16,1961, B+~100;A ?
183,780,183Pt,  ,-35773       ,  14       ,            ,           ,  , , ,   6.5   , m, 1.0    ,1/2-*         ,16,1963, B+~100;A=0.0096 5
183,781,183Pt,m ,-35738       ,  14       ,   34.74    ,   0.07    ,  , , ,  43     , s, 5      ,7/2-*         ,16,1979, B+=96.9 8;IT=3.1 8;A ?
183,782,183Pt,n ,-35577       ,  14       ,  195.90    ,   0.10    ,  , , ,>150     ,ns,        ,9/2+          ,16,1990, IT=100
183,790,183Au,  ,-30191       ,   9       ,            ,           ,  , , ,  42.8   , s, 1.0    ,5/2-*         ,16,1968, B+=99.45 25;A=0.55 25
183,791,183Au,m ,-30118       ,   9       ,   73.10    ,   0.01    ,  , , ,  >1     ,us,        ,(1/2)+        ,16,1984, IT=100
183,793,183Au,p ,-29960       ,   9       ,  230.6     ,   0.6     ,  , , ,  <1     ,us,        ,(11/2)-       ,16,1984, IT=100
183,800,183Hg,  ,-23805       ,   7       ,            ,           ,  , , ,   9.4   , s, 0.7    ,1/2-*         ,16,1969, B+=88.3 20;A=11.7 20;B+p=2.6e-4 6
183,801,183Hg,m ,-23601       ,  13       ,  204       ,  14       ,AD, , ,  >5#    ,us,        ,13/2+#        ,,1981, IT ?;B+ ?
183,810,183Tl,  ,-16587       ,   9       ,            ,           ,  , , ,   6.9   , s, 0.7    ,1/2+*         ,16,1980, B+=?;A ?
183,811,183Tl,m ,-15959       ,   9       ,  628.7     ,   0.5     ,IT, , ,  53.3   ,ms, 0.3    ,(9/2-)        ,16,1980, IT ?;A=1.5 3;B+ ?
183,812,183Tl,n ,-15612       ,   9       ,  975.3     ,   0.6     ,  , , ,   1.48  ,us, 0.10   ,(13/2+)       ,16,2001, IT=100
183,820,183Pb,  , -7580       ,  29       ,            ,           ,  , , , 535     ,ms, 30     ,3/2-*         ,16,1980, A~100;B+ ?
183,821,183Pb,m , -7486       ,  28       ,   94       ,   8       ,AD, , , 415     ,ms, 20     ,13/2+*        ,16,1980, A~100;B+ ?;IT ?
184,700,184Yb,  ,-32600#      , 500#      ,            ,           ,  , , ,   7#    , s, >300ns ,0+            ,13,2012, B- ?
184,710,184Lu,  ,-36300#      , 200#      ,            ,           ,  , , ,  20     , s, 3      ,(3+)          ,10,1989, B-=100
184,720,184Hf,  ,-41500       ,  40       ,            ,           ,  , , ,   4.12  , h, 0.05   ,0+            ,10,1973, B-=100
184,721,184Hf,m ,-40230       ,  40       , 1272.2     ,   0.4     ,  , , ,  48     , s, 10     ,8-            ,10,1995, IT~100;B- ?
184,722,184Hf,n ,-39020       ,  40       , 2477       ,  10       ,  , , ,  16     , m, 7      ,15+#          ,10,2010, B- ?; IT ?
184,730,184Ta,  ,-42839       ,  26       ,            ,           ,  , , ,   8.7   , h, 0.1    ,(5-)          ,10,1955, B-=100
184,740,184W ,  ,-45705.5     ,   0.7     ,            ,           ,  , , , stbl    ,  , >8.9Zy ,0+            ,10,1930, IS=30.64 2;A ?
184,741,184W ,m ,-44420.5     ,   0.7     , 1284.997   ,   0.008   ,  , , ,   8.33  ,us, 0.18   ,5-            ,10,1969, IT=100
184,742,184W ,n ,-41577.8     ,   0.9     , 4127.7     ,   0.5     ,  , , , 188     ,ns, 38     ,(14+)         ,10,2004, IT=100
184,750,184Re,  ,-44220       ,   4       ,            ,           ,  , , ,  35.4   , d, 0.7    ,3-            ,10,1940, B+=100
184,751,184Re,m ,-44032       ,   4       ,  188.0463  ,   0.0017  ,  , , , 169     , d, 8      ,8+            ,10,1964, IT=74.5 8;EC=25.5 8
184,760,184Os,  ,-44252.6     ,   0.8     ,            ,           ,  , , ,  11.2   ,Ty, 2.3    ,0+            ,10,1937, IS=0.02 2;A ?;2B+ ?
184,770,184Ir,  ,-39611       ,  28       ,            ,           ,  , , ,   3.09  , h, 0.03   ,5-            ,10,1960, B+=100
184,771,184Ir,m ,-39385       ,  28       ,  225.65    ,   0.11    ,  , , , 470     ,us, 30     ,3+            ,10,1988, IT=100
184,772,184Ir,n ,-39283       ,  28       ,  328.40    ,   0.24    ,  , , , 350     ,ns, 90     ,7+            ,10,1988, IT=100
184,780,184Pt,  ,-37332       ,  15       ,            ,           ,  , , ,  17.3   , m, 0.2    ,0+            ,10,1963, B+~100;A=0.0017 7
184,781,184Pt,m ,-35492       ,  15       , 1840.3     ,   0.8     ,  , , ,   1.01  ,ms, 0.05   ,8-            ,10,1966, IT=100
184,790,184Au,  ,-30319       ,  22       ,            ,           ,  , , ,  20.6   , s, 0.9    ,5+*           ,10,1969, B+~100;A~0.013 3
184,791,184Au,m ,-30251       ,  22       ,   68.46    ,   0.04    ,  , , ,  47.6   , s, 1.4    ,2+*           ,10,1969, B+=?;IT=30 10;A~0.013 3
184,800,184Hg,  ,-26345       ,  10       ,            ,           ,  , , ,  30.87  , s, 0.26   ,0+            ,10,1969, B+=98.89 6;A=1.11 6
184,810,184Tl,  ,-16883       ,  10       ,            ,           ,  ,*, ,   9.5   , s, 0.2    ,2-*           ,10,1976, B+=98.78 30;A=1.22 30
184,811,184Tl,m ,-16930       ,  30       ,  -50       ,  30       ,AD,*, ,  10.6   , s, 0.5    ,(7+)          ,,2016, B+=99.53 6;IT ?;A=0.47 6
184,812,184Tl,n ,-16430       ,  30       ,  450       ,  30       ,AD, , ,  47.1   ,ms, 0.7    ,(10-)         ,10,1984, IT~100;A=0.089 19
184,820,184Pb,  ,-11052       ,  13       ,            ,           ,  , , , 490     ,ms, 25     ,0+            ,10,1980, A=80 11;B+ ?
184,830,184Bi,  ,  1250#      , 120#      ,            ,           ,  ,*,&,   6.6   ,ms, 1.5    ,3+#           ,10,2003, A=100
184,831,184Bi,m ,  1400#      , 160#      ,  150#      , 100#      ,  ,*,&,  13     ,ms, 2      ,10-#          ,10,2002, A=100
185,700,185Yb,  ,-28480#      , 500#      ,            ,           ,  , , ,   5#    , s, >300ns ,9/2-#         ,13,2012, B- ?
185,710,185Lu,  ,-33960#      , 300#      ,            ,           ,  , , ,  20#    , s, >300ns ,7/2+#         ,13,2009, B- ?
185,720,185Hf,  ,-38320       ,  60       ,            ,           ,  , , ,   3.5   , m, 0.6    ,(9/2-)        ,6,1993, B-=100
185,730,185Ta,  ,-41394       ,  14       ,            ,           ,  , , ,  49.4   , m, 1.5    ,(7/2+)        ,6,1950, B-=100
185,731,185Ta,m ,-40988       ,  14       ,  406       ,   1       ,  , , , 900     ,ns, 300    ,(3/2+)        ,6,2007, IT=100
185,732,185Ta,n ,-40121       ,  14       , 1273.4     ,   0.4     ,  , , ,  11.8   ,ms, 1.4    ,21/2-         ,6,1999, IT=100
185,740,185W ,  ,-43387.9     ,   0.7     ,            ,           ,  , , ,  75.1   , d, 0.3    ,3/2-*         ,6,1940, B-=100
185,741,185W ,m ,-43190.5     ,   0.7     ,  197.383   ,   0.023   ,  , , ,   1.597 , m, 0.004  ,11/2+         ,6,1950, IT=100
185,750,185Re,  ,-43819.0     ,   0.8     ,            ,           ,  , , , stbl    ,  ,        ,5/2+*         ,6,1931, IS=37.40 5
185,751,185Re,m ,-41694.9     ,   0.9     , 2124.1     ,   0.4     ,  , , , 200     ,ns, 4      ,25/2+         ,6,1997, IT=100
185,760,185Os,  ,-42805.9     ,   0.8     ,            ,           ,  , , ,  92.95  , d, 0.09   ,1/2-          ,6,1947, EC=100
185,761,185Os,m ,-42703.5     ,   0.8     ,  102.37    ,   0.11    ,  , , ,   3.0   ,us, 0.4    ,7/2-          ,6,1970, IT=100
185,762,185Os,n ,-42530.4     ,   0.8     ,  275.53    ,   0.12    ,  , , , 780     ,ns, 50     ,11/2+         ,6,1970, IT=100
185,770,185Ir,  ,-40336       ,  28       ,            ,           ,  , , ,  14.4   , h, 0.1    ,5/2-*         ,6,1958, B+=100
185,771,185Ir,m ,-38140       ,  40       , 2197       ,  23       ,  , , , 120     ,ns, 20     ,"(23/2,25/2)#  ",6,1979, IT=100
185,780,185Pt,  ,-36688       ,  26       ,            ,           ,  , , ,  70.9   , m, 2.4    ,9/2+*         ,6,1960, B+~100;A=0.0050 20
185,781,185Pt,m ,-36585       ,  26       ,  103.41    ,   0.05    ,  , , ,  33.0   , m, 0.8    ,1/2-*         ,6,1970, B+~100;IT ?
185,782,185Pt,n ,-36487       ,  26       ,  200.89    ,   0.04    ,  , , , 728     ,ns, 20     ,5/2-          ,6,1996, IT=100
185,790,185Au,  ,-31858.1     ,   2.6     ,            ,           ,  ,*, ,   4.25  , m, 0.06   ,5/2-*         ,6,1960, B+=99.74 6;A=0.26 6
185,791,185Au,m ,-31810#      ,  50#      ,   50#      ,  50#      ,  ,*, ,   6.8   , m, 0.3    ,1/2+#         ,6,1960, B+~100;IT ?
185,800,185Hg,  ,-26184       ,  14       ,            ,           ,  , , ,  49.1   , s, 1.0    ,1/2-*         ,6,1960, B+=94 1;A=6 1
185,801,185Hg,m ,-26080       ,  14       ,  103.7     ,   0.4     ,  , , ,  21.6   , s, 1.5    ,13/2+*        ,6,1970, IT=54 10;B+=46 10;A~0.03
185,810,185Tl,  ,-19758       ,  21       ,            ,           ,  , , ,  19.5   , s, 0.5    ,1/2+*         ,6,1976, B+~100;A ?
185,811,185Tl,m ,-19303       ,  21       ,  454.8     ,   1.5     ,IT, , ,   1.93  , s, 0.08   ,9/2-*         ,6,1976, IT~100;A=?;B+ ?
185,820,185Pb,  ,-11541       ,  16       ,            ,           ,  ,*, ,   6.3   , s, 0.4    ,3/2-*         ,6,1975, B+=66 25;A=34 25
185,821,185Pb,m ,-11470       ,  50       ,   70       ,  50       ,AD,*, ,   4.07  , s, 0.15   ,13/2+*        ,6,1975, A=50 25;B+ ?
185,830,185Bi,  , -2240#      ,  80#      ,            ,           ,  ,*,&,   2#    ,ms,        ,9/2-#         ,,1996, p ?;A ?
185,831,185Bi,m , -2156       ,  13       ,   80#      ,  80#      ,  ,*,&,  58     ,us, 4      ,1/2+          ,6,1996, p=90 2;A=10 2
185,832,185Bi,n , -2060#      , 110#      ,  180#      ,  80#      ,EU, , ,  50     ,us, 10     ,13/2+#        ,,2004, p=?;A=?
186,710,186Lu,  ,-30320#      , 400#      ,            ,           ,  , , ,   6#    , s, >300ns ,              ,13,2012, B- ?; B-n ?
186,720,186Hf,  ,-36420       ,  50       ,            ,           ,  , , ,   2.6   , m, 1.2    ,0+            ,3,1998, B-=100
186,721,186Hf,m ,-33450       ,  70       , 2968       ,  43       ,  , , , >20     , s,        ,17+#          ,,2010, B- ?; IT ?
186,730,186Ta,  ,-38610       ,  60       ,            ,           ,  , , ,  10.5   , m, 0.3    ,3#            ,3,1955, B-=100
186,731,186Ta,m ,-38270       ,  60       ,  336       ,  20       ,  , , ,   1.54  , m, 0.05   ,9+#           ,,2010, B- ?; IT ?
186,740,186W ,  ,-42508.6     ,   1.2     ,            ,           ,  , , , stbl    ,  , >4.1Ey ,0+            ,3,1930, IS=28.43 19;2B- ?;A ?
186,741,186W ,m ,-40991.4     ,   1.3     , 1517.2     ,   0.6     ,  , , ,  18     ,us, 1      ,7-            ,3,1998, IT=100
186,742,186W ,n ,-38965.8     ,   2.4     , 3542.8     ,   2.1     ,  , , ,   2.0   , s, 0.2    ,16+           ,3,1998, IT=100
186,750,186Re,  ,-41927.3     ,   0.8     ,            ,           ,  , , ,   3.7185, d, 0.0005 ,1-*           ,3,1939, B-=92.53 10;EC=7.47 10
186,751,186Re,m ,-41779.1     ,   0.9     ,  148.2     ,   0.5     ,  , , ,~200     ,ky,        ,(8+)          ,3,1972, IT~100;B- ?
186,760,186Os,  ,-43000.0     ,   0.8     ,            ,           ,  , , ,   2.0   ,Py, 1.1    ,0+            ,3,1931, IS=1.59 64;A=100
186,770,186Ir,  ,-39172       ,  17       ,            ,           ,  , , ,  16.64  , h, 0.03   ,5+*           ,3,1958, B+=100
186,771,186Ir,m ,-39171       ,  17       ,    0.8     ,   0.4     ,  , , ,   1.92  , h, 0.05   ,2-            ,3,1962, B+~75;IT~25
186,780,186Pt,  ,-37864       ,  22       ,            ,           ,  , , ,   2.08  , h, 0.05   ,0+            ,3,1961, B+=100;A~1.4e-4
186,790,186Au,  ,-31715       ,  21       ,            ,           ,  , , ,  10.7   , m, 0.5    ,3-*           ,3,1960, B+=100;A=0.0008 2
186,791,186Au,m ,-31670#      ,  40#      ,   50#      ,  30#      ,  , , ,  >1     ,us,        ,6-#           ,,, IT ?; B+ ?
186,792,186Au,n ,-31487       ,  21       ,  227.77    ,   0.07    ,  , , , 110     ,ns, 10     ,2+            ,3,1983, IT=100
186,800,186Hg,  ,-28539       ,  12       ,            ,           ,  , , ,   1.38  , m, 0.06   ,0+            ,3,1960, B+~100;A=0.016 5
186,801,186Hg,m ,-26322       ,  12       , 2217.3     ,   0.4     ,  , , ,  82     ,us, 5      ,(8-)          ,3,1984, IT=100
186,810,186Tl,  ,-19883       ,  21       ,            ,           ,  ,*,&,   3.5   , s, 0.5    ,(2-)          ,3,1975, B+ ?; A=?
186,811,186Tl,m ,-19860       ,  30       ,   20       ,  40       ,  ,*,&,  27.5   , s, 1.0    ,7+*           ,3,1975, B+~100;A~0.006
186,812,186Tl,n ,-19490       ,  30       ,  390       ,  40       ,MD, , ,   3.40  , s, 0.09   ,10-*          ,3,1977, IT<94.1 3; B+>5.9 3
186,820,186Pb,  ,-14681       ,  11       ,            ,           ,  , , ,   4.82  , s, 0.03   ,0+            ,3,1972, B+ ?;A=40 8
186,830,186Bi,  , -3145       ,  17       ,            ,           ,  ,*, ,  14.8   ,ms, 0.7    ,(3+)          ,3,1997, A~100;B+=?;B+SF~0.011
186,831,186Bi,m , -2980#      , 100#      ,  170#      , 100#      ,  ,*, ,   9.8   ,ms, 0.4    ,(10-)         ,3,1984, A~100;B+=?;B+SF~0.011
186,840,186Po,  ,  4102       ,  18       ,            ,           ,  , , ,  34     ,us, 12     ,0+            ,13,2005, A~100;p ?
187,710,187Lu,  ,-27770#      , 400#      ,            ,           ,  , , ,   7#    , s, >300ns ,7/2+#         ,13,2012, B- ?
187,720,187Hf,  ,-33000#      , 200#      ,            ,           ,  , , ,  14#    , s, >300ns ,9/2-#         ,9,1999, B- ?
187,721,187Hf,m ,-32500#      , 360#      ,  500#      , 300#      ,  , , , 270     ,ns, 80     ,3/2-#         ,,2009, IT=100
187,730,187Ta,  ,-36900       ,  60       ,            ,           ,  , , ,   2.3   , m, 6      ,(7/2+)        ,9,1999, B-=100
187,731,187Ta,m ,-35110       ,  60       , 1778       ,  1        ,  , , ,   7.3   , s, 0.9    ,(25/2-)       ,,2010, IT~100; B- ?
187,732,187Ta,n ,-33970       ,  60       , 2935       ,  14       ,  , , ,  >5     , m,        ,41/2+#        ,,2010, B- ?; IT ?
187,740,187W ,  ,-39904.0     ,   1.2     ,            ,           ,  , , ,  23.809 , h, 0.025  ,3/2-*         ,9,1940, B-=100
187,741,187W ,m ,-39493.9     ,   1.2     ,  410.06    ,   0.04    ,  , , ,   1.38  ,us, 0.07   ,11/2+         ,9,2008, IT=100
187,750,187Re,  ,-41216.5     ,   0.7     ,            ,           ,  , , ,  41.6   ,Gy, 0.02   ,5/2+*         ,9,1931, IS=62.60 5;B-=100;A=0
187,751,187Re,m ,-41010.3     ,   0.7     ,  206.2473  ,   0.0010  ,  , , , 555.3   ,ns, 1.7    ,9/2-          ,9,1949, IT=100
187,752,187Re,n ,-39534.5     ,   0.9     , 1682.0     ,   0.6     ,  , , , 354     ,ns, 62     ,21/2+         ,9,2003, IT=100
187,760,187Os,  ,-41219.0     ,   0.7     ,            ,           ,  , , , stbl    ,  , >3.2Py ,1/2-*         ,9,1931, IS=1.96 17; A ?
187,761,187Os,m ,-41118.6     ,   0.7     ,  100.45    ,   0.04    ,  , , , 112     ,ns, 6      ,7/2-          ,9,1964, IT=100
187,762,187Os,n ,-40961.9     ,   0.7     ,  257.10    ,   0.07    ,  , , , 231     ,us, 2      ,11/2+         ,9,1964, IT=100
187,770,187Ir,  ,-39549       ,  28       ,            ,           ,  , , ,  10.5   , h, 0.3    ,3/2+*         ,9,1958, B+=100
187,771,187Ir,m ,-39363       ,  28       ,  186.16    ,   0.04    ,  , , ,  30.3   ,ms, 0.6    ,9/2-          ,9,1963, IT=100
187,772,187Ir,n ,-39115       ,  28       ,  433.75    ,   0.06    ,  , , , 152     ,ns, 12     ,11/2-         ,9,1969, IT=100
187,773,187Ir,p ,-37061       ,  28       , 2487.7     ,   0.4     ,  , , ,   1.8   ,us, 0.5    ,29/2-         ,,2010, IT=100
187,780,187Pt,  ,-36685       ,  24       ,            ,           ,  , , ,   2.35  , h, 0.03   ,3/2-*         ,9,1961, B+=100
187,781,187Pt,m ,-36511       ,  24       ,  174.38    ,   0.22    ,  , , , 311     ,us, 15     ,11/2+         ,9,1976, IT=100
187,790,187Au,  ,-33029       ,  22       ,            ,           ,  , , ,   8.3   , m, 0.2    ,1/2+*         ,9,1955, B+~100;A ?
187,791,187Au,m ,-32909       ,  22       ,  120.33    ,   0.14    ,  , , ,   2.3   , s, 0.1    ,9/2-*         ,9,1983, IT=100
187,800,187Hg,  ,-28119       ,  13       ,            ,           ,  , , ,   1.9   , m, 0.3    ,3/2-*         ,9,1960, B+=100;A ?
187,801,187Hg,m ,-28060       ,  15       ,   58       ,  14       ,MD, , ,   2.4   , m, 0.3    ,13/2+*        ,9,1970, B+=100;A ?
187,810,187Tl,  ,-22445       ,   8       ,            ,           ,  , , , ~51     , s,        ,1/2+          ,9,1976, B+~100;A ?
187,811,187Tl,m ,-22111       ,   8       ,  334       ,   3       ,AD, , ,  15.60  , s, 0.12   ,9/2-*         ,9,1976, IT=?;B+=?;A=0.15 5
187,812,187Tl,n ,-20570#      ,  50#      , 1875#      ,  50#      ,  , , ,   1.11  ,us, 0.7    ,              ,9,2000, IT=100
187,813,187Tl,p ,-19863       ,   8       , 2582.5     ,   0.3     ,  , , , 693     ,ns, 38     ,29/2+#        ,9,2000, IT=100
187,820,187Pb,  ,-14987       ,   5       ,            ,           ,  ,*, ,  15.2   , s, 0.3    ,3/2-*         ,9,1972, B+=90.5 20;A=9.5 20
187,821,187Pb,m ,-14968       ,  11       ,   19       ,  10       ,MD,*, ,  18.3   , s, 0.3    ,13/2+*        ,9,1972, B+=88 2;A=12 2
187,830,187Bi,  , -6383       ,  10       ,            ,           ,  , , ,  37     ,ms, 2      ,(9/2-)        ,9,1999, A=100
187,831,187Bi,m , -6275       ,  12       ,  108       ,   8       ,AD, , , 370     ,us, 20     ,1/2+          ,9,1984, A=100
187,832,187Bi,n , -6131       ,  10       ,  252       ,   3       ,  , , ,   7     ,us, 5      ,(13/2+)       ,9,2002, IT=100
187,840,187Po,  ,  2820       ,  30       ,            ,           ,  ,*, ,   1.40  ,ms, 0.25   ,"1/2-,5/2-     ",9,2005, A~100;B+ ?
187,841,187Po,m ,  2830       ,  40       ,    4       ,  27       ,AD,*, ,   0.5   ,ms,        ,13/2+#        ,,2006, A~100;B+ ?
188,710,188Lu,  ,-23820#      , 400#      ,            ,           ,  , , ,   1#    , s, >300ns ,              ,18,2012, B- ?;B-n ?
188,720,188Hf,  ,-30830#      , 300#      ,            ,           ,  , , ,   7#    , s, >300ns ,0+            ,18,1999, B- ?
188,730,188Ta,  ,-33910#      , 200#      ,            ,           ,  , , ,  19.6   , s, 2.0    ,(1-)          ,18,1999, B-=100
188,731,188Ta,m ,-33810#      , 200#      ,   99       ,  33       ,  , , ,  19.6   , s, 2.0    ,(7-)          ,18,2005, IT ?; B- ?
188,732,188Ta,n ,-33520#      , 200#      ,  391       ,  33       ,  , , ,   3.6   ,us, 0.4    ,10+#          ,18,2005, IT=100
188,740,188W ,  ,-38668       ,   3       ,            ,           ,  , , ,  69.77  , d, 0.05   ,0+            ,18,1951, B-=100
188,741,188W ,m ,-36741       ,   3       , 1926.7     ,   0.8     ,  , , , 109.5   ,ns, 3.5    ,8-            ,18,2010, IT=100
188,750,188Re,  ,-39016.9     ,   0.7     ,            ,           ,  , , ,  17.005 , h, 0.003  ,1-*           ,18,1939, B-=100
188,751,188Re,m ,-38844.8     ,   0.7     ,  172.0848  ,   0.0024  ,  , , ,  18.59  , m, 0.04   ,6-            ,18,1953, IT=100
188,760,188Os,  ,-41137.3     ,   0.7     ,            ,           ,  , , , stbl    ,  , >3.3Ey ,0+            ,18,1931, IS=13.24 27;A ?
188,770,188Ir,  ,-38345       ,   9       ,            ,           ,  , , ,  41.5   , h, 0.5    ,1-*           ,18,1950, B+=100
188,771,188Ir,m ,-37381       ,  25       ,  964       ,  23       ,  , , ,   4.15  ,ms, 0.15   ,11-#          ,18,1971, IT~100;B+ ?
188,780,188Pt,  ,-37821       ,   5       ,            ,           ,  , , ,  10.16  , d, 0.18   ,0+            ,18,1954, EC=100;A=2.6e-5 3
188,790,188Au,  ,-32371.3     ,   2.7     ,            ,           ,  , , ,   8.84  , m, 0.06   ,1-*           ,18,1955, B+=100
188,800,188Hg,  ,-30198       ,   7       ,            ,           ,  , , ,   3.25  , m, 0.15   ,0+            ,18,1960, B+=100;A=3.7e-5 8
188,801,188Hg,m ,-27474       ,   7       , 2724.1     ,   0.4     ,  , , , 142     ,ns, 14     ,12+           ,18,1983, IT=100
188,810,188Tl,  ,-22336       ,  30       ,            ,           ,  ,*, ,  71     , s, 2      ,2-#           ,18,1970, B+=100
188,811,188Tl,m ,-22308       ,   9       ,   30       ,  30       ,MD,*, ,  71.5   , s, 1.5    ,7+*           ,18,1970, B+=100
188,812,188Tl,n ,-22040       ,  40       ,  299       ,  30       ,  , , ,  41     ,ms, 4      ,9-            ,18,1981, IT~100;B+ ?
188,820,188Pb,  ,-17811       ,  10       ,            ,           ,  , , ,  25.1   , s, 0.1    ,0+            ,18,1972, B+=91.5 5;A=8.5 5
188,821,188Pb,m ,-15234       ,  10       , 2577.2     ,   0.4     ,  , , , 800     ,ns, 20     ,8-            ,18,1999, IT=100
188,822,188Pb,n ,-15101       ,  10       , 2709.8     ,   0.5     ,  , , ,  94     ,ns, 12     ,12+           ,18,2004, IT=100
188,823,188Pb,p ,-13028       ,  10       , 4783.4     ,   0.7     ,  , , , 440     ,ns, 60     ,(19-)         ,18,2000, IT=100
188,830,188Bi,  , -7195       ,  11       ,            ,           ,  , ,&,  60     ,ms, 3      ,(3+)          ,18,1980, A~100;B+ ?;B+SF=0.0014 7
188,831,188Bi,m , -7130       ,  30       ,   66       ,  30       ,AD, , ,  >5     ,us,        ,7+#           ,,1984, IT ?;A ?;B+ ?
188,832,188Bi,n , -7040       ,  30       ,  153       ,  30       ,AD, ,&, 265     ,ms, 15     ,(10-)         ,18,1984, A~100;B+ ?;B+SF=0.0046 9
188,840,188Po,  ,  -544       ,  20       ,            ,           ,  , , , 270     ,us, 30     ,0+            ,18,1999, A~100;B+ ?
189,720,189Hf,  ,-27150#      , 300#      ,            ,           ,  , , , 400#    ,ms, >300ns ,3/2-#         ,17,2009, B-=100
189,730,189Ta,  ,-31960#      , 200#      ,            ,           ,  , , ,  20#    , s, >300ns ,7/2+#         ,17,1999, B-=100
189,731,189Ta,m ,-30310#      , 220#      , 1650#      , 100#      ,  , , ,   1.6   ,us, 0.2    ,21/2-#        ,,2009, IT=100
189,740,189W ,  ,-35810#      , 200#      ,            ,           ,  , , ,  11.6   , m, 0.2    ,9/2-#         ,17,1963, B-=100
189,750,189Re,  ,-37979       ,   8       ,            ,           ,  , , ,  24.3   , h, 0.4    ,5/2+          ,17,1963, B-=100
189,751,189Re,m ,-37854       ,   9       ,  125       ,   3       ,  , , ,   2#    ,us,        ,9/2-          ,,, IT ?
189,752,189Re,n ,-36208       ,   8       , 1770.9     ,   0.6     ,  , , , 223     ,us, 14     ,29/2+         ,17,2016, IT=100
189,760,189Os,  ,-38986.8     ,   0.7     ,            ,           ,  , , , stbl    ,  , >3.3Py ,3/2-*         ,17,1931, IS=16.15 23; A ?
189,761,189Os,m ,-38956.0     ,   0.7     ,   30.82    ,   0.02    ,  , , ,   5.81  , h, 0.10   ,9/2-          ,17,1960, IT~100;B- ?
189,770,189Ir,  ,-38450       ,  13       ,            ,           ,  , , ,  13.2   , d, 0.1    ,3/2+*         ,17,1955, EC=100
189,771,189Ir,m ,-38078       ,  13       ,  372.17    ,   0.04    ,  , , ,  13.3   ,ms, 0.3    ,11/2-         ,17,1960, IT=100
189,772,189Ir,n ,-36117       ,  13       , 2332.8     ,   0.3     ,  , , ,   3.7   ,ms, 0.2    ,25/2+         ,17,1975, IT=100
189,780,189Pt,  ,-36469       ,  10       ,            ,           ,  , , ,  10.87  , h, 0.12   ,3/2-*         ,17,1955, B+=100
189,781,189Pt,m ,-36296       ,  10       ,  172.79    ,   0.06    ,  , , , 464     ,ns, 25     ,9/2-          ,17,1970, IT=100
189,782,189Pt,n ,-36278       ,  10       ,  191.4     ,   0.2     ,  , , , 143     ,us, 5      ,(13/2+)       ,17,1976, IT=100
189,790,189Au,  ,-33582       ,  20       ,            ,           ,  , , ,  28.7   , m, 0.4    ,1/2+*         ,17,1955, B+=100;A<3e-5
189,791,189Au,m ,-33335       ,  20       ,  247.25    ,   0.16    ,  , , ,   4.59  , m, 0.11   ,11/2-*        ,17,1966, B+~100;IT ?
189,792,189Au,n ,-33257       ,  20       ,  325.12    ,   0.16    ,  , , , 190     ,ns, 15     ,9/2-          ,17,1975, IT=100
189,793,189Au,p ,-31027       ,  20       , 2554.8     ,   0.8     ,  , , , 242     ,ns, 10     ,31/2+         ,17,1975, IT=100
189,800,189Hg,  ,-29630       ,  30       ,            ,           ,  , , ,   7.6   , m, 0.2    ,3/2-*         ,17,1955, B+=100;A ?
189,801,189Hg,m ,-29548       ,  18       ,   80       ,  30       ,MD, , ,   8.6   , m, 0.2    ,13/2+*        ,17,1966, B+=100;A ?
189,810,189Tl,  ,-24616       ,   8       ,            ,           ,  , , ,   2.3   , m, 0.2    ,1/2+          ,17,1972, B+=100
189,811,189Tl,m ,-24331       ,   8       ,  285       ,   6       ,AD, , ,   1.4   , m, 0.1    ,9/2-*         ,17,1972, B+~100;IT ?
189,820,189Pb,  ,-17844       ,  14       ,            ,           ,  , , ,  39     , s, 8      ,3/2-*         ,17,1972, B+=99.58 15;A=0.42 15
189,821,189Pb,m ,-17804       ,  14       ,   40       ,   4       ,AD, , ,  50.5   , s, 2.1    ,13/2+*        ,17,2009, B+~100;A~0.4;IT ?
189,822,189Pb,n ,-15369       ,  15       , 2475       ,   4       ,  , , ,  26     ,us, 5      ,31/2-         ,17,2005, IT=100
189,830,189Bi,  ,-10065       ,  21       ,            ,           ,  , , , 688     ,ms, 5      ,9/2-*         ,17,1973, A~100; B+ ?
189,831,189Bi,m , -9881       ,  21       ,  184       ,   5       ,AD, , ,   5.0   ,ms, 0.1    , 1/2+         ,17,1984, A=83 5; IT=17 5
189,832,189Bi,n , -9707       ,  21       ,  357.6     ,   0.5     ,  , , , 880     ,ns, 50     ,13/2+         ,17,2001, IT=100
189,840,189Po,  , -1422       ,  22       ,            ,           ,  , , ,   3.5   ,ms, 0.5    ,(5/2-)        ,17,1999, A~100;B+ ?
190,720,190Hf,  ,-24800#      , 400#      ,            ,           ,  , , , 600#    ,ms, >300ns ,0+            ,13,2012, B- ?
190,730,190Ta,  ,-28720#      , 200#      ,            ,           ,  , , ,   5.3   , s, 0.7    ,(3)           ,10,2009, B-=100
190,740,190W ,  ,-34370       ,  40       ,            ,           ,  , , ,  30.0   , m, 1.5    ,0+            ,20,1976, B-=100
190,741,190W ,m ,-32630       ,  40       , 1743.6     ,   1.0     ,  , , , 111     ,ns, 17     ,8+            ,,2010, IT=100
190,742,190W ,n ,-32530       ,  40       , 1840.6     ,   1.4     ,  , , , 166     ,us, 6      ,10-           ,20,2000, IT=100
190,750,190Re,  ,-35583       ,   5       ,            ,           ,  , , ,   3.0   , m, 0.2    ,(2)-          ,20,1955, B-=100
190,751,190Re,m ,-35379       ,  11       ,  204       ,  10       ,  , , ,   3.1   , h, 0.2    ,(6-)          ,20,1962, B-=54.4 20;IT=45.6 20
190,760,190Os,  ,-38707.8     ,   0.6     ,            ,           ,  , , , stbl    ,  , >12Ey  ,0+            ,20,1931, IS=26.26 20;A ?
190,761,190Os,m ,-37002.1     ,   0.6     , 1705.7     ,   0.1     ,  , , ,   9.86  , m, 0.03   ,10-           ,20,1950, IT=100
190,770,190Ir,  ,-36753.6     ,   1.4     ,            ,           ,  , , ,  11.78  , d, 0.10   ,4-            ,20,1947, B+=100;e+<0.002
190,771,190Ir,m ,-36727.5     ,   1.4     ,   26.1     ,   0.1     ,  , , ,   1.120 , h, 0.003  ,1-            ,20,1964, IT=100
190,772,190Ir,n ,-36717.4     ,   1.4     ,   36.154   ,   0.025   ,  , , ,  >2     ,us,        ,4+            ,20,1996, IT=100
190,773,190Ir,p ,-36377.2     ,   1.4     ,  376.4     ,   0.1     ,  , , ,   3.087 , h, 0.012  ,11-           ,20,1950, B+=91.4 2;IT=8.6 2
190,780,190Pt,  ,-37306.5     ,   0.7     ,            ,           ,  , , , 483     ,Gy, 3      ,0+            ,20,1949, IS=0.012 2;A=100;2B+ ?
190,790,190Au,  ,-32834       ,   3       ,            ,           ,  ,*, ,  42.8   , m, 1.0    ,1-*           ,20,1959, B+=100;A<1e-6
190,791,190Au,m ,-32630#      , 150#      ,  200#      , 150#      ,  ,*, , 125     ,ms, 20     ,11-#          ,20,1982, IT~100;B+ ?
190,800,190Hg,  ,-31371       ,  16       ,            ,           ,  , , ,  20.0   , m, 0.5    ,0+            ,20,1959, B+=100;A ?
190,810,190Tl,  ,-24366       ,   7       ,            ,           ,  , , ,   2.6   , m, 0.3    ,2-*           ,20,1970, B+=100
190,811,190Tl,m ,-24296       ,   5       ,   70       ,   7       ,MD, , ,   3.6   , m, 0.3    ,7+*           ,20,1970, B+=100
190,812,190Tl,n ,             ,           , non-exist  ,           ,EU, , , 750     ,us, 40     ,(8-)          ,20,1981, IT=100
190,813,190Tl,p ,-24052       ,  16       ,  306       , 10        ,AD, , ,  60#    ,ms,        ,(9-)          ,20,1991, IT=100
190,820,190Pb,  ,-20417       ,  13       ,            ,           ,  , , ,  71     , s, 1      ,0+            ,20,1972, B+=99.60 4;A=0.40 4
190,821,190Pb,m ,-17802       ,  13       , 2614.8     ,   0.8     ,  , , , 150     ,ns, 14     ,10+           ,20,1998, IT=100
190,822,190Pb,n ,-17750#      ,  50#      , 2665#      ,  50#      ,  , , ,  24.3   ,us, 2.1    ,(12+)         ,20,1998, IT=100
190,823,190Pb,p ,-17759       ,  13       , 2658.2     ,   0.8     ,  , , ,   7.7   ,us, 0.3    ,11-           ,20,1985, IT=100
190,830,190Bi,  ,-10596       ,  21       ,            ,           ,  , , ,   6.3   , s, 0.1    ,(3+)*         ,20,1972, A=77 21;B+=23 21;B+SF=6e-6 5
190,831,190Bi,m ,-10470       ,  30       ,  120       ,  40       ,AD, , ,   6.2   , s, 0.1    ,10-*          ,20,1988, A=70 9;B+ ?;B+SF=4e-6 3
190,832,190Bi,n ,-10475       ,  26       ,  121       ,  15       ,  , , , 175     ,ns, 8      ,(5-)          ,,2009, IT=100
190,833,190Bi,p ,-10200       ,  50       ,  394       ,  40       ,  , , ,   1.3   ,us, 0.8    ,(8-)          ,20,2001, IT=100
190,840,190Po,  , -4563       ,  13       ,            ,           ,  , , ,   2.45  ,ms, 0.05   ,0+            ,20,1996, A=100;B+ ?
191,730,191Ta,  ,-26520#      , 300#      ,            ,           ,  , , , 460#    ,ms, >300ns ,7/2+#         ,11,2009, B- ?
191,740,191W ,  ,-31180       ,  40       ,            ,           ,  , , ,  14#    , s, >300ns ,3/2-#         ,7,1999, B- ?
191,741,191W ,m ,-30950#      ,  40#      ,  235#      ,  10#      ,  , , , 340     ,ns, 14     ,9/2-#         ,,2009, IT=100
191,750,191Re,  ,-34350       ,  10       ,            ,           ,  , , ,   9.8   , m, 0.5    ,(3/2+)        ,7,1963, B-=100
191,751,191Re,m ,-34205       ,  10       ,  145       ,   3       ,  , , ,  20#    ,us,        ,9/2-          ,,, IT ?
191,752,191Re,n ,-32749       ,  10       , 1601.5     ,   0.4     ,  , , ,  50.6   ,us, 3.5    ,25/2-         ,,2011, IT=100
191,760,191Os,  ,-36395.2     ,   0.7     ,            ,           ,  , , ,  14.99  , d, 0.02   ,9/2-          ,7,1940, B-=100
191,761,191Os,m ,-36320.8     ,   0.7     ,   74.382   ,   0.003   ,  , , ,  13.10  , h, 0.05   ,3/2-          ,7,1952, IT=100
191,770,191Ir,  ,-36708.8     ,   1.3     ,            ,           ,  , , , stbl    ,  ,        ,3/2+*         ,7,1935, IS=37.3 2
191,771,191Ir,m ,-36537.5     ,   1.3     ,  171.29    ,   0.04    ,  , , ,   4.899 , s, 0.023  ,11/2-         ,7,1955, IT=100
191,772,191Ir,n ,-34607.8     ,   1.6     , 2101.0     ,   0.9     ,  , , ,   5.7   , s, 0.4    ,31/2(+)       ,7,1979, IT=100
191,780,191Pt,  ,-35698       ,   4       ,            ,           ,  , , ,   2.83  , d, 0.02   ,3/2-*         ,7,1948, EC=100
191,781,191Pt,m ,-35597       ,   4       ,  100.663   ,   0.020   ,  , , ,  >1     ,us,        ,9/2-          ,7,1976, IT=100
191,782,191Pt,n ,-35549       ,   4       ,  149.035   ,   0.022   ,  , , ,  95     ,us, 5      ,13/2+         ,7,1967, IT=100
191,790,191Au,  ,-33798       ,   5       ,            ,           ,  , , ,   3.18  , h, 0.08   ,3/2+*         ,7,1954, B+=100
191,791,191Au,m ,-33532       ,   5       ,  266.2     ,   0.7     ,  , , , 920     ,ms, 110    ,11/2-*        ,7,1971, IT=100
191,792,191Au,n ,-31308       ,   5       , 2489.6     ,   0.9     ,  , , , 402     ,ns, 20     ,31/2+         ,7,1985, IT=100
191,800,191Hg,  ,-30592       ,  22       ,            ,           ,  , , ,  49     , m, 10     ,3/2-*         ,7,1954, B+=100;A ?
191,801,191Hg,m ,-30460       ,  30       ,  128       ,  22       ,  , , ,  50.8   , m, 1.5    ,13/2+*        ,7,1954, B+=100;IT ?;A ?
191,810,191Tl,  ,-26283       ,   7       ,            ,           ,  , , ,  20#    , m,        ,1/2+*         ,7,1974, B+ ?
191,811,191Tl,m ,-25986       ,   7       ,  297       ,   7       ,BD, , ,   5.22  , m, 0.16   ,9/2-*         ,7,1970, B+=100
191,820,191Pb,  ,-20291       ,   7       ,            ,           ,  , , ,   1.33  , m, 0.08   ,3/2-          ,7,1974, B+~100;A=0.51 5
191,821,191Pb,m ,-20234       ,   8       ,   58       ,  10       ,AD, , ,   2.18  , m, 0.08   ,13/2+*        ,7,1975, B+~100;A~0.02
191,822,191Pb,n ,-17632       ,  12       , 2659       ,  10       ,  , , , 180     ,ns, 80     ,33/2+         ,7,1999, IT=100
191,830,191Bi,  ,-13239       ,   7       ,            ,           ,  , , ,  12.4   , s, 0.3    ,9/2-*         ,16,1972, A=51 10;B+ ?
191,831,191Bi,m ,-12997       ,   9       ,  242       ,   4       ,AD, , , 125     ,ms, 8      ,1/2+          ,16,1981, A=68 5;IT ?;B+ ?
191,832,191Bi,n ,-12809       ,   7       ,  429.7     ,   0.5     ,  , , , 562     ,ns, 10     ,13/2+         ,16,2001, IT=100
191,833,191Bi,p ,-11364#      ,  26#      , 1875#      ,  25#      ,  , , , 400     ,ns, 40     ,25/2-#        ,16,2016, IT=100
191,840,191Po,  , -5069       ,   7       ,            ,           ,  , , ,  22     ,ms, 1      ,3/2-          ,7,1993, A~100;B+ ?
191,841,191Po,m , -5008       ,  12       ,   61       ,  11       ,AD, , ,  93     ,ms, 3      ,13/2+         ,7,1999, A~100;B+ ?
191,850,191At,  ,  3864       ,  16       ,            ,           ,  , , ,   2.1   ,ms, 0.8    ,1/2+          ,7,2003, A~100;B+ ?
191,851,191At,m ,  3922       ,  18       ,   58       ,  20       ,AD, , ,   2.2   ,ms, 0.4    ,(7/2-)        ,7,2003, A~100;B+ ?
192,730,192Ta,  ,-23100#      , 400#      ,            ,           ,  , , ,   2.2   , s, 0.7    ,(2)           ,12,2009, B-=100;B-n ?
192,740,192W ,  ,-29620#      , 200#      ,            ,           ,  , , ,  40#    , s, >300ns ,0+            ,12,1999, B- ?
192,750,192Re,  ,-31590       ,  70       ,            ,           ,  , , ,  15.4   , s, 0.5    ,(0-)          ,12,1965, B-=100
192,751,192Re,m ,-31430       ,  70       ,  159       ,   1       ,  , , ,  88     ,us, 8      ,              ,12,2005, IT=100
192,752,192Re,n ,-31320       ,  70       ,  267       ,  10       ,  , , ,<500     ,ms,        ,              ,12,2012, B- ?;IT ?
192,760,192Os,  ,-35882.3     ,   2.3     ,            ,           ,  , , , stbl    ,  , >53Ey  ,0+            ,12,1931, IS=40.78 32;2B- ?;A ?
192,761,192Os,m ,-33866.9     ,   2.3     , 2015.40    ,   0.11    ,  , , ,   5.94  , s, 0.09   ,10-           ,12,1965, IT~100;B- ?
192,762,192Os,n ,-31302.0     ,   2.5     , 4580.3     ,   1.0     ,  , , , 205     ,ns, 7      ,(20+)         ,12,2004, IT=100
192,770,192Ir,  ,-34835.6     ,   1.3     ,            ,           ,  , , ,  73.820 , d, 0.014  ,4+*           ,12,1937, B-=95.24 4;EC=4.76 4
192,771,192Ir,m ,-34778.9     ,   1.3     ,   56.720   ,   0.005   ,  , , ,   1.45  , m, 0.05   ,1-            ,12,1937, IT~100;B-=0.0175
192,772,192Ir,n ,-34667.5     ,   1.3     ,  168.14    ,   0.12    ,  , , , 241     , y, 9      ,(11-)         ,12,1959, IT=100
192,780,192Pt,  ,-36288.5     ,   2.6     ,            ,           ,  , , , stbl    ,  , >60Py  ,0+            ,12,1935, IS=0.782 24;A ?
192,781,192Pt,m ,-34116.1     ,   2.6     , 2172.37    ,   0.13    ,  , , , 272     ,ns, 23     ,10-           ,12,1976, IT=100
192,790,192Au,  ,-32772       ,  16       ,            ,           ,  , , ,   4.94  , h, 0.09   ,1-*           ,12,1948, B+=100
192,791,192Au,m ,-32637       ,  16       ,  135.41    ,   0.25    ,  , , ,  29     ,ms,        ,5+            ,12,1976, IT=100
192,792,192Au,n ,-32340       ,  16       ,  431.6     ,   0.5     ,  , , , 160     ,ms, 20     ,11-           ,12,1976, IT=100
192,800,192Hg,  ,-32011       ,  16       ,            ,           ,  , , ,   4.85  , h, 0.20   ,0+            ,12,1952, EC=100;A ?
192,810,192Tl,  ,-25870       ,  30       ,            ,           ,  , , ,   9.6   , m, 0.4    ,2-*           ,12,1961, B+=100
192,811,192Tl,m ,-25670       ,  30       ,  196       ,   7       ,  , , ,  10.8   , m, 0.2    ,7+*           ,12,1961, B+=100
192,812,192Tl,n ,-25420       ,  30       ,  447       ,   7       ,  , , , 296     ,ns, 5      ,(8-)          ,12,1980, IT=100
192,813,192Tl,p ,-25695       ,  25       ,  180       ,  40       ,AD, , ,         ,  ,        ,(3+)          ,12,1991, A=100
192,820,192Pb,  ,-22552       ,   6       ,            ,           ,  , , ,   3.5   , m, 0.1    ,0+            ,12,1974, B+~100;A=0.0059 7
192,821,192Pb,m ,-19971       ,   6       , 2581.1     ,   0.4     ,  , , , 166     ,ns, 6      ,10+           ,12,1985, IT=100
192,822,192Pb,n ,-19927       ,   6       , 2625.1     ,   1.1     ,  , , ,   1.09  ,us, 0.04   ,12+           ,12,1979, IT=100
192,823,192Pb,p ,-19809       ,   6       , 2743.5     ,   0.4     ,  , , , 756     ,ns, 14     ,11-           ,12,1991, IT=100
192,830,192Bi,  ,-13530       ,  30       ,            ,           ,  , , ,  34.6   , s, 0.9    ,(3+)*         ,12,1971, B+=88 5;A=12 5
192,831,192Bi,m ,-13398       ,   9       ,  140       ,  30       ,MD, , ,  39.6   , s, 0.4    ,10-*          ,12,1966, B+=90 3;A=10 3
192,840,192Po,  , -8066       ,  11       ,            ,           ,  , , ,  32.2   ,ms, 0.3    ,0+            ,12,1977, A~100;B+ ?
192,841,192Po,m , -5771       ,  11       , 2294.6     ,   1.0     ,  , , , 580     ,ns, 100    ,11-           ,12,1999, IT=100
192,850,192At,  ,  2926       ,  28       ,            ,           ,  ,*,&,  11.5   ,ms, 0.6    ,3+#           ,12,2006, A=100;B+ ?;B+SF<0.51
192,851,192At,m ,  2926       ,  28       ,    0       ,  40       ,AD,*,&,  88     ,ms, 6      ,"(9-,10-)      ",12,2006, A=100;B+ ?;B+SF<0.51
193,730,193Ta,  ,-20810#      , 400#      ,            ,           ,  , , , 220#    ,ms, >300ns ,7/2+#         ,17,2012, B- ?;B-n ?
193,740,193W ,  ,-26190#      , 200#      ,            ,           ,  , , ,  30#    , s, >300ns ,1/2-#         ,17,2009, B- ?
193,750,193Re,  ,-30230       ,  40       ,            ,           ,  , , ,   3#    , m, >300ns ,5/2+#         ,17,1999, B- ?
193,751,193Re,m ,-30080       ,  40       ,  146.0     ,   0.2     ,  , , ,  69     ,us, 6      ,(9/2-)        ,17,2005, IT=100
193,760,193Os,  ,-33394.4     ,   2.3     ,            ,           ,  , , ,  29.830 , h, 0.018  ,3/2-          ,17,1940, B-=100
193,761,193Os,m ,-33078.8     ,   2.3     ,  315.6     ,   0.3     ,  , , , 121     ,ns, 28     ,(9/2-)        ,17,2011, IT=100
193,770,193Ir,  ,-34536.3     ,   1.3     ,            ,           ,  , , , stbl    ,  ,        ,3/2+*         ,17,1935, IS=62.7 2
193,771,193Ir,m ,-34456.1     ,   1.3     ,   80.238   ,   0.006   ,  , , ,  10.53  , d, 0.04   ,11/2-         ,17,1957, IT=100
193,772,193Ir,n ,-32257.4     ,   1.4     , 2278.9     ,   0.5     ,  , , , 124.8   ,us, 2.1    ,31/2+         ,17,2012, IT=100
193,780,193Pt,  ,-34479.7     ,   1.4     ,            ,           ,  , , ,  50     , y, 6      ,1/2-*         ,17,1948, EC=100
193,781,193Pt,m ,-34329.9     ,   1.4     ,  149.78    ,   0.04    ,  , , ,   4.33  , d, 0.03   ,13/2+*        ,17,1949, IT=100
193,790,193Au,  ,-33405       ,   9       ,            ,           ,  , , ,  17.65  , h, 0.15   ,3/2+*         ,17,1948, B+=100;A ?
193,791,193Au,m ,-33115       ,   9       ,  290.20    ,   0.04    ,  , , ,   3.9   , s, 0.3    ,11/2-*        ,17,1955, IT~100;B+~0.03
193,792,193Au,n ,-30918       ,   9       , 2486.7     ,   0.6     ,  , , , 150     ,ns, 50     ,31/2+         ,17,1985, IT=100
193,800,193Hg,  ,-31062       ,  16       ,            ,           ,  , , ,   3.80  , h, 0.15   ,3/2-*         ,17,1952, B+=100
193,801,193Hg,m ,-30921       ,  16       ,  140.76    ,   0.05    ,  , , ,  11.8   , h, 0.2    ,13/2+*        ,17,1973, B+=92.8 5;IT=7.2 5
193,810,193Tl,  ,-27477       ,   7       ,            ,           ,  , , ,  21.6   , m, 0.8    ,1/2+*         ,17,1960, B+=100
193,811,193Tl,m ,-27105       ,   8       ,  372       ,   4       ,  , , ,   2.11  , m, 0.15   ,9/2-*         ,17,1963, IT~75;B+~25
193,820,193Pb,  ,-22229       ,  10       ,            ,           ,  , , ,   4#    , m,        ,3/2-#         ,17,1974, B+= ?
193,821,193Pb,m ,-22137       ,   7       ,   93       ,  12       ,AD, , ,   5.8   , m, 0.2    ,13/2+*        ,17,1974, B+=100
193,822,193Pb,n ,-19522       ,  16       , 2707       ,  13       ,  , , , 180     ,ns, 15     ,33/2+         ,17,1991, IT=100
193,830,193Bi,  ,-15885       ,   8       ,            ,           ,  , , ,  63.6   , s, 3.0    ,9/2-*         ,17,1971, B+=96.5 15;A=3.5 15
193,831,193Bi,m ,-15580       ,   9       ,  305       ,   6       ,AD, , ,   3.20  , s, 0.14   ,1/2+*         ,17,1970, A=84 16;B+ ?
193,832,193Bi,n ,-15279       ,   8       ,  605.53    ,   0.18    ,  , , , 153     ,ns, 10     ,13/2+         ,17,2004, IT=100
193,833,193Bi,p ,-13535       ,   8       , 2349.6     ,   0.6     ,  , , ,  85     ,us, 3      ,29/2+         ,17,2004, IT=100
193,834,193Bi,q ,-13480       ,   8       , 2405.1     ,   0.7     ,  , , ,   3.02  ,us, 0.08   ,(29/2-)       ,17,2004, IT=100
193,840,193Po,  , -8325       ,  15       ,            ,           ,  , , , 399     ,ms, 34     ,3/2-*         ,17,1967, A~100;B+ ?
193,841,193Po,m , -8225       ,  15       ,  100       ,   6       ,AD, , , 245     ,ms, 11     ,13/2+*        ,17,1981, A~100;B+ ?
193,850,193At,  ,   -67       ,  22       ,            ,           ,  ,*, ,  29     ,ms, 5      ,1/2+          ,17,2003, A~100
193,851,193At,m ,   -59       ,  21       ,    8       ,   9       ,AD,*, ,  21     ,ms, 5      ,7/2-          ,17,1995, A~100
193,852,193At,n ,   -25       ,  21       ,   42       ,   9       ,AD, , ,  28     ,ms, 4      ,13/2+         ,17,2003, IT=76 10;A=24 10
193,860,193Rn,  ,  9043       ,  25       ,            ,           ,  , , ,   1.15  ,ms, 0.27   ,(3/2-)        ,7,2006, A~100
194,730,194Ta,  ,-17130#      , 500#      ,            ,           ,  , , ,   2#    , s, >300ns ,              ,13,2012, B- ?;B-n ?
194,740,194W ,  ,-24410#      , 300#      ,            ,           ,  , , ,  20#    , s, >300ns ,0+            ,11,2008, B- ?
194,750,194Re,  ,-27260#      , 200#      ,            ,           ,  , , ,   5     , s, 1      ,1-#           ,14,1999, B-=100
194,751,194Re,m ,-27110#      , 210#      ,  150#      ,  50#      ,  , , ,  45     ,us, 18     ,4-#           ,14,2011, IT=100
194,752,194Re,n ,-26980#      , 200#      ,  285       ,  40       ,  , , ,  25     , s, 8      ,11-#          ,14,2012, B-=100
194,753,194Re,p ,-26430#      , 200#      ,  833       ,  33       ,  , , , 100     , s, 10     ,              ,14,2012, B-=100
194,760,194Os,  ,-32435.2     ,   2.4     ,            ,           ,  , , ,   6.0   , y, 0.2    ,0+            ,6,1951, B-=100
194,770,194Ir,  ,-32531.8     ,   1.3     ,            ,           ,  , , ,  19.35  , h, 0.07   ,1-*           ,6,1937, B-=100
194,771,194Ir,m ,-32384.7     ,   1.3     ,  147.072   ,   0.002   ,  , , ,  31.85  ,ms, 0.24   ,4+            ,6,1959, IT=100
194,772,194Ir,n ,-32160       ,  70       ,  370       ,  70       ,BD, , , 171     , d, 11     ,(11-)         ,6,1968, B-=100
194,780,194Pt,  ,-34760.1     ,   0.5     ,            ,           ,  , , , stbl    ,  ,        ,0+            ,6,1935, IS=32.864 410
194,790,194Au,  ,-32211.9     ,   2.1     ,            ,           ,  , , ,  38.02  , h, 0.10   ,1-*           ,6,1948, B+=100
194,791,194Au,m ,-32104.5     ,   2.2     ,  107.4     ,   0.5     ,  , , , 600     ,ms, 8      ,5+            ,6,1975, IT=100
194,792,194Au,n ,-31736.1     ,   2.2     ,  475.8     ,   0.6     ,  , , , 420     ,ms, 10     ,11-           ,6,1953, IT=100
194,800,194Hg,  ,-32184.0     ,   2.9     ,            ,           ,  , , , 447     , y, 28     ,0+            ,6,1962, EC=100
194,810,194Tl,  ,-26937       ,  14       ,            ,           ,  , , ,  33.0   , m, 0.5    ,2-*           ,6,1960, B+=100;A ?
194,811,194Tl,m ,-26677       ,   4       ,  260       ,  14       ,MD, , ,  32.8   , m, 0.2    ,7+*           ,6,1960, B+=100
194,820,194Pb,  ,-24208       ,  17       ,            ,           ,  , , ,  10.7   , m, 0.6    ,0+            ,6,1960, B+=100;A=7.3e-6 29
194,821,194Pb,m ,-21580       ,  17       , 2628.1     ,   0.4     ,  , , , 370     ,ns, 13     ,12+           ,6,1972, IT=100
194,822,194Pb,n ,-21275       ,  17       , 2933.0     ,   0.4     ,  , , , 133     ,ns, 7      ,11-           ,6,1986, IT=100
194,830,194Bi,  ,-16023       ,   5       ,            ,           ,  , , ,  95     , s, 3      ,3+*           ,6,1971, B+~100;A=0.46 25
194,831,194Bi,m ,-15880       ,  50       ,  150       ,  50       ,MD, , , 125     , s, 2      ,"(6+,7+)       ",6,1976, B+~100;A ?
194,832,194Bi,n ,-15860       ,   5       ,  163       ,   4       ,AD, , , 115     , s, 4      ,10-*          ,6,1988, B+~100;A=0.20 7
194,840,194Po,  ,-11005       ,  13       ,            ,           ,  , , , 392     ,ms, 4      ,0+            ,6,1967, A~100;B+ ?
194,841,194Po,m , -8692       ,  13       , 2313.4     ,   0.3     ,  , , ,  12.9   ,us, 0.5    ,(10-)         ,6,1999, IT=100
194,850,194At,  ,  -716       ,  24       ,            ,           ,  ,*, , 286     ,ms, 7      ,(5-)          ,6,2009, A~100;B+=8.3#;B+SF=0.032#
194,851,194At,m ,  -740       ,  30       ,  -20       ,  40       ,AD,*, , 323     ,ms, 7      ,10-           ,6,1984, A~100;B+=8.3#;B+SF=0.032#
194,860,194Rn,  ,  5725       ,  17       ,            ,           ,  , , , 780     ,us, 160    ,0+            ,7,2006, A~100;B+ ?
195,740,195W ,  ,-20740#      , 300#      ,            ,           ,  , , ,  30#    , s, >160ns ,3/2-#         ,16,2012, B- ?
195,750,195Re,  ,-25560#      , 300#      ,            ,           ,  , , ,   6     , s, 1      ,5/2+#         ,14,2008, B-=100
195,760,195Os,  ,-29510       ,  60       ,            ,           ,  , , ,   6.5   , m, 1.1    ,(3/2-)        ,14,2004, B-=100
195,761,195Os,m ,-29080       ,  60       ,  427.8     ,   0.3     ,  , , ,  47     , s, 3      ,(13/2+)       ,14,2012, IT~100; B- ?
195,770,195Ir,  ,-31692.3     ,   1.3     ,            ,           ,  , , ,   2.29  , h, 0.17   ,3/2+          ,14,1952, B-=100
195,771,195Ir,m ,-31592       ,   5       ,  100       ,   5       ,  , , ,   3.74  , h, 0.07   ,11/2-         ,14,1968, B-~100;IT ?
195,772,195Ir,n ,-29338       ,   6       , 2354       ,   6       ,  , , ,   4.4   ,us, 0.6    ,(27/2+)       ,,2011, IT=100
195,780,195Pt,  ,-32793.9     ,   0.5     ,            ,           ,  , , , stbl    ,  , >6.3Ey ,1/2-*         ,14,1935, IS=33.775 240;A ?
195,781,195Pt,m ,-32534.8     ,   0.5     ,  259.077   ,   0.023   ,  , , ,   4.010 , d, 0.005  ,13/2+*        ,14,1960, IT=100
195,790,195Au,  ,-32567.1     ,   1.1     ,            ,           ,  , , , 186.01  , d, 0.06   ,3/2+*         ,14,1948, EC=100
195,791,195Au,m ,-32248.5     ,   1.1     ,  318.58    ,   0.04    ,  , , ,  30.5   , s, 0.2    ,11/2-*        ,14,1952, IT=100
195,792,195Au,n ,-30066#      ,  20#      , 2501#      ,  20#      ,  , , ,  12.89  ,us, 0.21   ,31/2(-)       ,14,2013, IT=100
195,800,195Hg,  ,-31013       ,  23       ,            ,           ,  , , ,  10.69  , h, 0.16   ,1/2-*         ,14,1952, B+=100
195,801,195Hg,m ,-30837       ,  23       ,  176.07    ,   0.04    ,  , , ,  41.60  , h, 0.19   ,13/2+*        ,14,1951, IT=54.2 20;B+=45.8 20
195,810,195Tl,  ,-28155       ,  11       ,            ,           ,  , , ,   1.16  , h, 0.05   ,1/2+*         ,14,1955, B+=100
195,811,195Tl,m ,-27672       ,  11       ,  482.63    ,   0.17    ,  , , ,   3.6   , s, 0.4    ,9/2-*         ,14,1957, IT=100
195,820,195Pb,  ,-23738       ,   5       ,            ,           ,  , , ,  15.0   , m, 1.4    ,3/2-          ,14,1957, B+=100
195,821,195Pb,m ,-23535       ,   5       ,  202.9     ,   0.7     ,IT, , ,  15.0   , m, 1.2    ,13/2+         ,14,1957, B+=100; IT ?
195,822,195Pb,n ,-21979       ,   5       , 1759.0     ,   0.7     ,  , , ,  10.0   ,us, 0.7    ,21/2-         ,14,1976, IT=100
195,823,195Pb,p ,-20836       ,   5       , 2901.7     ,   0.8     ,  , , ,  95     ,ns, 20     ,33/2+         ,14,1982, IT=100
195,830,195Bi,  ,-18026       ,   5       ,            ,           ,  , , , 183     , s, 4      ,9/2-*         ,14,1971, B+~100;A=0.030 12
195,831,195Bi,m ,-17626       ,   8       ,  399       ,   6       ,AD, , ,  87     , s, 1      ,1/2+*         ,14,1974, B+=67 17;A=33 17
195,832,195Bi,n ,-15645       ,   5       , 2381.0     ,   0.5     ,  , , , 614     ,ns, 5      ,(29/2-)       ,14,2003, IT=100
195,833,195Bi,p ,-15410       ,   5       , 2615.9     ,   0.5     ,  , , ,   1.49  ,us, 0.01   ,29/2+         ,15,2018, IT=100
195,840,195Po,  ,-11117       ,   6       ,            ,           ,  , , ,   4.64  , s, 0.09   ,3/2-*         ,15,1967, A=94 4;B+ ?
195,841,195Po,m ,-10968       ,   7       ,  148       ,   9       ,MD, , ,   1.92  , s, 0.02   ,13/2+*        ,15,1967, A~100;B+ ?;IT ?
195,850,195At,  , -3470       ,  10       ,            ,           ,  , , , 290     ,ms, 20     ,1/2+*         ,14,1999, A~100;B+ ?
195,851,195At,m , -3441       ,   8       ,   29       ,   7       ,AD, , , 143     ,ms, 3      ,7/2-*         ,14,1995, A=88 4;IT=12 4;B+ ?
195,853,195At,p , -3370#      ,  40#      ,  100#      ,  40#      ,  , , ,         ,  ,        ,(13/2+)       ,,, IT ?
195,860,195Rn,  ,  5050       ,  50       ,            ,           ,  ,*, ,   7     ,ms, 3      ,3/2-          ,14,2001, A=100
195,861,195Rn,m ,  5131       ,  17       ,   80       ,  50       ,AD,*, ,   6     ,ms, 3      ,13/2+         ,14,2001, A=100
196,740,196W ,  ,-18740#      , 400#      ,            ,           ,  , , ,  25#    , s, >300ns ,0+            ,13,2012, B- ?
196,750,196Re,  ,-22360#      , 300#      ,            ,           ,  , , ,   2.4   , s, 1.5    ,              ,13,2008, B- ?
196,751,196Re,m ,-22240#      , 300#      ,  120#      ,  40#      ,  , , ,   3.6   ,us, 0.6    ,              ,,2009, IT=100
196,760,196Os,  ,-28280       ,  40       ,            ,           ,  , , ,  34.9   , m, 0.2    ,0+            ,17,1977, B-=100
196,770,196Ir,  ,-29440       ,  40       ,            ,           ,  , , ,  52.0   , s, 1.1    ,"(1,2-)        ",7,1966, B-=100
196,771,196Ir,m ,-29227       ,  20       ,  210       ,  40       ,BD, , ,   1.40  , h, 0.02   ,11-#          ,7,1959, B-~100;IT ?
196,780,196Pt,  ,-32644.5     ,   0.5     ,            ,           ,  , , , stbl    ,  ,        ,0+            ,7,1935, IS=25.211 340
196,790,196Au,  ,-31138.7     ,   3.0     ,            ,           ,  , , ,   6.165 , d, 0.011  ,2-*           ,7,1937, B+=93.0 3;B-=7.0 3
196,791,196Au,m ,-31054       ,   3       ,   84.656   ,   0.020   ,  , , ,   8.1   , s, 0.2    ,5+            ,7,1971, IT=100
196,792,196Au,n ,-30543       ,   3       ,  595.66    ,   0.04    ,  , , ,   9.603 , h, 0.022  ,12-*          ,7,1960, IT=100
196,800,196Hg,  ,-31825.9     ,   2.9     ,            ,           ,  , , , stbl    ,  , >2.5Ey ,0+            ,7,1930, IS=0.15 1;2B+ ?
196,810,196Tl,  ,-27497       ,  12       ,            ,           ,  , , ,   1.84  , h, 0.03   ,2-*           ,7,1955, B+=100
196,811,196Tl,m ,-27103       ,  12       ,  394.2     ,   0.5     ,  , , ,   1.41  , h, 0.02   ,7+*           ,7,1960, B+=96.2 4;IT=3.8 4
196,820,196Pb,  ,-25348       ,   8       ,            ,           ,  , , ,  37     , m, 3      ,0+            ,7,1957, B+=100;A<3e-5
196,821,196Pb,m ,             ,           , non-exist  ,           ,RN, , ,  <1     ,us,        ,4+            ,7,1973, IT=100
196,822,196Pb,n ,-23550       ,   8       , 1797.51    ,   0.14    ,  , , , 140     ,ns, 14     ,5-            ,7,1973, IT=100
196,823,196Pb,p ,-22653       ,   8       , 2694.6     ,   0.3     ,  , , , 270     ,ns, 4      ,12+           ,7,1973, IT=100
196,830,196Bi,  ,-18009       ,  24       ,            ,           ,  , , ,   5.13  , m, 0.20   ,(3+)          ,7,1976, B+~100;A=0.00115 34
196,831,196Bi,m ,-17843       ,  25       ,  166.4     ,   2.9     ,AD, , ,   0.6   , s, 0.5    ,(7+)          ,7,1987, IT~100;B+ ?
196,832,196Bi,n ,-17737       ,  25       ,  272       ,   3       ,AD, , ,   4.00  , m, 0.05   ,(10-)         ,7,1987, B+=74.2 25;IT=25.8 25;A=0.00038 10
196,840,196Po,  ,-13469       ,   5       ,            ,           ,  , , ,   5.63  , s, 0.07   ,0+            ,7,1967, A=94 5;B+ ?
196,841,196Po,m ,-10975       ,   5       , 2493.9     ,   0.4     ,  , , , 856     ,ns, 17     ,11-           ,7,1995, IT=100
196,850,196At,  , -3910       ,  30       ,            ,           ,  ,*, , 377     ,ms, 4      ,(3+)*         ,7,1967, A=97.5 3;B+ ?;B+SF=0.009 1
196,851,196At,m , -3950       ,  18       ,  -40       ,  40       ,AD,*, ,  20#    ,ms,        ,10-#          ,,1996, A~100
196,852,196At,n , -3750       ,  30       ,  157.9     ,   0.1     ,  , , ,  11     ,us, 2      ,(5+)          ,7,2000, IT=100
196,860,196Rn,  ,  1975       ,  14       ,            ,           ,  , , ,   4.7   ,ms, 1.1    ,0+            ,7,1995, A~100;B+ ?
197,740,197W ,  ,-14870#      , 400#      ,            ,           ,  , , ,   1#    , s, >300ns ,5/2-#         ,13,2012, B- ?
197,750,197Re,  ,-20350#      , 300#      ,            ,           ,  , , , 400#    ,ms, >300ns ,5/2+#         ,13,2009, B- ?
197,760,197Os,  ,-25080#      , 200#      ,            ,           ,  , , ,  93     , s, 7      ,5/2-#         ,9,2003, B-=100
197,761,197Os,m ,-24580#      , 280#      ,  500#      , 200#      ,  , , ,  <0.1   , s,        ,13/2+#        ,,, IT ?;B- ?
197,770,197Ir,  ,-28264       ,  20       ,            ,           ,  , , ,   5.8   , m, 0.5    ,3/2+          ,5,1952, B-=100
197,771,197Ir,m ,-28149       ,  21       ,  115       ,   5       ,  , , ,   8.9   , m, 0.3    ,11/2-         ,5,1976, B-~100;IT ?
197,772,197Ir,n ,-26560#      , 500#      , 1700#      , 500#      ,  , , ,  30     ,us, 8      ,              ,,2005, IT=100
197,773,197Ir,p ,-25460#      , 500#      , 2800#      , 500#      ,  , , ,  15     ,us, 9      ,              ,,2005, IT=100
197,780,197Pt,  ,-30419.8     ,   0.5     ,            ,           ,  , , ,  19.8915, h, 0.0019 ,1/2-*         ,5,1936, B-=100
197,781,197Pt,m ,-30020.2     ,   0.5     ,  399.59    ,   0.20    ,  , , ,  95.41  , m, 0.18   ,13/2+         ,5,1941, IT=96.7 4;B-=3.3 4
197,790,197Au,  ,-31139.8     ,   0.5     ,            ,           ,  , , , stbl    ,  ,        ,3/2+*         ,5,1935, IS=100
197,791,197Au,m ,-30730.7     ,   0.5     ,  409.15    ,   0.08    ,  , , ,   7.73  , s, 0.06   ,11/2-         ,5,1945, IT=100
197,792,197Au,n ,-28607.3     ,   1.1     , 2532.5     ,   1.0     ,  , , , 150     ,ns, 5      ,27/2+#        ,,2006, IT=100
197,800,197Hg,  ,-30540       ,   3       ,            ,           ,  , , ,  64.93  , h, 0.07   ,1/2-*         ,5,1941, EC=100
197,801,197Hg,m ,-30241       ,   3       ,  298.93    ,   0.08    ,  , , ,  23.82  , h, 0.04   ,13/2+*        ,5,1943, IT=94.68 9;EC=5.32 9
197,810,197Tl,  ,-28354       ,  14       ,            ,           ,  , , ,   2.84  , h, 0.04   ,1/2+*         ,5,1955, B+=100
197,811,197Tl,m ,-27746       ,  14       ,  608.22    ,   0.08    ,  , , , 540     ,ms, 10     ,9/2-*         ,5,1953, IT=100
197,820,197Pb,  ,-24745       ,   5       ,            ,           ,  , , ,   8.1   , m, 1.7    ,3/2-          ,5,1955, B+=100
197,821,197Pb,m ,-24426       ,   5       ,  319.31    ,   0.11    ,IT, , ,  42.9   , m, 0.9    ,13/2+*        ,5,1957, B+=81 2;IT=19 2
197,822,197Pb,n ,-22831       ,   5       , 1914.10    ,   0.25    ,  , , ,   1.15  ,us, 0.20   ,21/2-         ,5,1978, IT=100
197,830,197Bi,  ,-19687       ,   8       ,            ,           ,  , , ,   9.33  , m, 0.50   ,9/2-*         ,5,1971, B+=100;A ?
197,831,197Bi,m ,-19155       ,   8       ,  533       ,  12       ,AD, , ,   5.04  , m, 0.16   ,1/2+*         ,5,1966, A=55 40;B+=45 40;IT ?
197,832,197Bi,n ,             ,           , non-exist  ,           ,RN, , , 204     ,ns, 18     ,(23/2-)       ,5,, IT=100
197,833,197Bi,p ,-17284       ,  14       , 2403       ,  12       ,  , , , 263     ,ns, 13     ,(29/2-)       ,5,1986, IT=100
197,834,197Bi,q ,-16758       ,   8       , 2929.5     ,   0.5     ,  , , , 209     ,ns, 30     ,(31/2-)       ,5,1986, IT=100
197,840,197Po,  ,-13393       ,  10       ,            ,           ,  , , ,  53.6   , s, 0.9    ,(3/2-)*       ,5,1965, B+ ?;A=44 7
197,841,197Po,m ,-13197       ,   7       ,  196       ,  12       ,MD, , ,  25.8   , s, 0.1    ,13/2+*        ,5,1967, A=84 9;B+ ?;IT ?
197,850,197At,  , -6355       ,   8       ,            ,           ,  ,*, , 388.2   ,ms, 5.6    ,9/2-*         ,5,1967, A=96.1 12;B+=3.9 12
197,851,197At,m , -6311       ,   9       ,   45       ,   8       ,AD,*, ,   2.0   , s, 0.2    ,1/2+*         ,5,1985, A~100;B+ ?;IT<0.004;B+ ?
197,852,197At,n , -6044       ,   8       ,  310.7     ,   0.2     ,  , , ,   1.3   ,us, 0.2    ,13/2+         ,,1999, IT=100
197,860,197Rn,  ,  1510       ,  16       ,            ,           ,  , , ,  54     ,ms, 6      ,3/2-          ,5,1995, A~100;B+ ?
197,861,197Rn,m ,  1709       ,  16       ,  199       ,  11       ,AD, , ,  25.6   ,ms, 2.5    ,13/2+         ,5,1996, A~100;B+ ?
197,870,197Fr,  , 10250       ,  60       ,            ,           ,  , , ,   2.3   ,ms, 1.9    ,(7/2-)        ,14,2013, A~100
198,750,198Re,  ,-16990#      , 400#      ,            ,           ,  , , ,   1#    , s, >300ns ,              ,16,2009, B- ?;B-n ?
198,760,198Os,  ,-23600#      , 200#      ,            ,           ,  , , , 125     , s, 28     ,0+            ,16,2008, B-=100
198,770,198Ir,  ,-25710#      , 200#      ,            ,           ,  , , ,   8.7   , s, 0.4    ,1-            ,16,1973, B-=100
198,780,198Pt,  ,-29904.0     ,   2.1     ,            ,           ,  , , , stbl    ,  ,        ,0+            ,16,1935, IS=7.356 130;2B- ?;A ?
198,790,198Au,  ,-29580.8     ,   0.5     ,            ,           ,  , , ,  2.69464, d, 0.00014,2-*           ,16,1937, B-=100
198,791,198Au,m ,-29268.6     ,   0.5     ,  312.2227  ,   0.0020  ,  , , , 124     ,ns, 4      ,5+            ,16,1968, IT=100
198,792,198Au,n ,-28768.9     ,   1.6     ,  811.9     ,   1.5     ,  , , ,   2.272 , d, 0.016  ,12-           ,16,1972, IT=100
198,800,198Hg,  ,-30954.3     ,   0.5     ,            ,           ,  , , , stbl    ,  ,        ,0+            ,16,1925, IS=10.04 3
198,810,198Tl,  ,-27529       ,   8       ,            ,           ,  , , ,   5.3   , h, 0.5    ,2-*           ,16,1949, B+=100
198,811,198Tl,m ,-26985       ,   8       ,  543.6     ,   0.4     ,  , , ,   1.87  , h, 0.03   ,7+*           ,16,1949, B+=55.9 23;IT=44.1 23
198,812,198Tl,n ,-26842       ,   8       ,  686.8     ,   0.5     ,  , , , 150     ,ns, 40     ,(5)+          ,16,1977, IT=100
198,813,198Tl,p ,-26787       ,   8       ,  742.4     ,   0.4     ,  , , ,  32.1   ,ms, 1.0    ,10-           ,16,1975, IT=100
198,820,198Pb,  ,-26067       ,   9       ,            ,           ,  , , ,   2.4   , h, 0.1    ,0+            ,16,1955, B+=100
198,821,198Pb,m ,-23926       ,   9       , 2141.4     ,   0.4     ,  , , ,   4.12  ,us, 0.07   ,7-            ,16,1972, IT=100
198,822,198Pb,n ,-23836       ,   9       , 2231.4     ,   0.5     ,  , , , 137     ,ns, 10     ,9-            ,16,1989, IT=100
198,823,198Pb,p ,-23245       ,   9       , 2821.7     ,   0.6     ,  , , , 212     ,ns, 4      ,12+           ,16,1973, IT=100
198,830,198Bi,  ,-19374       ,  28       ,            ,           ,  , , ,  10.3   , m, 0.3    ,3+*           ,16,1950, B+=100
198,831,198Bi,m ,-19085       ,  28       ,  290       ,  40       ,MD, , ,  11.6   , m, 0.3    ,7+*           ,16,1992, B+=100
198,832,198Bi,n ,-18837       ,  28       ,  540       ,  40       ,MD, , ,   7.7   , s, 0.5    ,10-*          ,16,1972, IT=100
198,840,198Po,  ,-15473       ,  17       ,            ,           ,  , , ,   1.760 , m, 0.024  ,0+            ,16,1965, A=57 2;B+=43 2
198,841,198Po,m ,-12907       ,  17       , 2565.92    ,   0.20    ,  , , , 200     ,ns, 20     ,11-           ,16,1990, IT=100
198,842,198Po,n ,-12730#      ,  50#      , 2740#      ,  50#      ,  , , , 750     ,ns, 50     ,12+           ,16,1990, IT=100
198,850,198At,  , -6709       ,   5       ,            ,           ,  , , ,   4.47  , s, 0.05   ,3+*           ,16,1967, A~97.0 17;B+ ?
198,851,198At,m , -6442       ,   5       ,  266.6     ,   2.7     ,IT, , ,   1.23  , s, 0.05   ,10-*          ,16,1967, A=93 4;B+ ?
198,860,198Rn,  , -1230       ,  13       ,            ,           ,  , , ,  64.4   ,ms, 1.6    ,0+            ,16,1984, A=93 7;B+ ?
198,870,198Fr,  ,  9580       ,  30       ,            ,           ,  ,*, ,  15     ,ms, 3      ,3+#           ,16,2013, A~100
198,871,198Fr,m ,  9580       ,  40       ,    0       ,  50       ,AD,*, ,   1.1   ,ms, 0.7    ,(10-)         ,16,2013, A~100
199,750,199Re,  ,-14730#      , 400#      ,            ,           ,  , , , 250#    ,ms, >300ns ,5/2+#         ,13,2012, B- ?
199,760,199Os,  ,-20270#      , 200#      ,            ,           ,  , , ,   6     , s, 3      ,5/2-#         ,7,2008, B-=100
199,770,199Ir,  ,-24400       ,  40       ,            ,           ,  , , ,   7     , s, 5      ,3/2+#         ,7,1993, B-=100
199,780,199Pt,  ,-27388.7     ,   2.2     ,            ,           ,  , , ,  30.80  , m, 0.21   ,5/2-*         ,7,1937, B-=100
199,781,199Pt,m ,-26964.7     ,   3.0     ,  424       ,   2       ,  , , ,  13.48  , s, 0.16   ,13/2+*        ,7,1959, IT=100
199,790,199Au,  ,-29093.8     ,   0.5     ,            ,           ,  , , ,   3.139 , d, 0.007  ,3/2+          ,7,1937, B-=100
199,791,199Au,m ,-28544.9     ,   0.5     ,  548.9405  ,   0.0021  ,  , , , 440     ,us, 30     ,11/2-         ,7,1968, IT=100
199,800,199Hg,  ,-29546.1     ,   0.5     ,            ,           ,  , , , stbl    ,  ,        ,1/2-*         ,7,1925, IS=16.94 12
199,801,199Hg,m ,-29013.6     ,   0.5     ,  532.48    ,   0.10    ,  , , ,  42.67  , m, 0.09   ,13/2+*        ,7,1948, IT=100
199,810,199Tl,  ,-28059       ,  28       ,            ,           ,  , , ,   7.42  , h, 0.08   ,1/2+*         ,7,1949, B+=100
199,811,199Tl,m ,-27310       ,  28       ,  748.87    ,   0.06    ,  , , ,  28.4   ,ms, 0.2    ,9/2-*         ,7,1963, IT=100
199,820,199Pb,  ,-25232       ,   7       ,            ,           ,  , , ,  90     , m, 10     ,3/2-          ,7,1950, B+=100
199,821,199Pb,m ,-24803       ,   8       ,  429.5     ,   2.7     ,  , , ,  12.2   , m, 0.3    ,(13/2+)       ,7,1955, IT~100;B+= ?
199,822,199Pb,n ,-22668       ,   8       , 2563.8     ,   2.7     ,  , , ,  10.1   ,us, 0.2    ,(29/2-)       ,7,1981, IT=100
199,830,199Bi,  ,-20798       ,  11       ,            ,           ,  , , ,  27     , m, 1      ,9/2-*         ,7,1950, B+=100
199,831,199Bi,m ,-20131       ,  11       ,  667       ,   3       ,IT, , ,  24.70  , m, 0.15   ,(1/2+)        ,7,1950, B+=?;IT<2;A~0.01
199,832,199Bi,n ,-18836       ,  25       , 1962       ,  23       ,  , , , 100     ,ns, 30     ,25/2+#        ,7,1974, IT=100
199,833,199Bi,p ,-18250       ,  25       , 2548       ,  23       ,  , , , 168     ,ns, 13     ,29/2-#        ,7,1985, IT=100
199,840,199Po,  ,-15239       ,   5       ,            ,           ,  , , ,   5.47  , m, 0.15   ,3/2-*         ,7,1965, B+=92.5 3;A=7.5 3
199,841,199Po,m ,-14927       ,   5       ,  311.7     ,   2.7     ,AD, , ,   4.17  , m, 0.05   ,13/2+*        ,7,1964, B+=73.5 10;A=24 1;IT=2.5 10
199,850,199At,  , -8823       ,   5       ,            ,           ,  , , ,   7.02  , s, 0.12   ,9/2-*         ,7,1967, A=89 6;B+ ?
199,851,199At,m , -8579       ,   5       ,  244.0     ,   1.0     ,IT, , , 273     ,ms, 9      ,1/2+*         ,,2013, IT~99;A~1
199,852,199At,n , -8250       ,   5       ,  572.9     ,   0.1     ,  , , ,  70     ,ns, 20     ,13/2+         ,7,2000, IT=100
199,853,199At,p , -6530       ,   5       , 2293.4     ,   0.5     ,  , , , 800     ,ns, 50     ,(29/2+)       ,,2010, IT=100
199,860,199Rn,  , -1560       ,   7       ,            ,           ,  , , , 590     ,ms, 30     ,3/2-          ,7,1980, A~100;B+ ?
199,861,199Rn,m , -1340       ,   8       ,  220       ,  11       ,AD, , , 310     ,ms, 20     ,13/2+         ,7,1981, A~100;B+ ?; IT ?
199,870,199Fr,  ,  6771       ,  14       ,            ,           ,  , , ,   6.6   ,ms, 2.2    ,1/2+#         ,7,1999, A~100;B+ ?
199,871,199Fr,m ,  6817       ,  10       ,   45       ,  13       ,AD, , ,   6.5   ,ms, 0.9    ,7/2-#         ,,2013, A~100;B+ ?
199,872,199Fr,n ,  7020#      ,  50#      ,  250#      ,  50#      ,  , , ,   2.2   ,ms, 1.2    ,13/2+#        ,,2013, A~100;B+ ?
200,760,200Os,  ,-18550#      , 300#      ,            ,           ,  , , ,   7     , s, 4      ,0+            ,8,2005, B-=100
200,770,200Ir,  ,-21570#      , 200#      ,            ,           ,  , , ,  43     , s, 6      ,"(2-,3-)       ",11,2008, B-=100;B-n ?
200,780,200Pt,  ,-26599       ,  20       ,            ,           ,  , , ,  12.6   , h, 0.3    ,0+            ,7,1957, B-=100
200,790,200Au,  ,-27240       ,  27       ,            ,           ,  , , ,  48.4   , m, 0.3    ,(1-)          ,7,1951, B-=100
200,791,200Au,m ,-26233       ,  26       , 1010       ,  40       ,BD, , ,  18.7   , h, 0.5    ,12-*          ,7,1968, B-=84 1;IT=16 1
200,800,200Hg,  ,-29503.3     ,   0.5     ,            ,           ,  , , , stbl    ,  ,        ,0+            ,7,1925, IS=23.14 9
200,810,200Tl,  ,-27047       ,   6       ,            ,           ,  , , ,  26.1   , h, 0.1    ,2-*           ,7,1949, B+=100
200,811,200Tl,m ,-26293       ,   6       ,  753.6     ,   0.24    ,  , , ,  34.0   ,ms, 0.9    ,7+            ,7,1963, IT=100
200,812,200Tl,n ,-26285       ,   6       ,  762.00    ,   0.24    ,  , , , 397     ,ns, 17     ,5+            ,7,1972, IT=100
200,820,200Pb,  ,-26251       ,  10       ,            ,           ,  , , ,  21.5   , h, 0.4    ,0+            ,7,1950, EC=100
200,821,200Pb,m ,-24068       ,  10       , 2183.3     ,   1.1     ,  , , , 456     ,ns, 6      ,(9-)          ,7,1972, IT=100
200,822,200Pb,n ,-23245       ,  10       , 3005.8     ,   1.2     ,  , , , 198     ,ns, 3      ,(12+)         ,7,1975, IT=100
200,830,200Bi,  ,-20371       ,  23       ,            ,           ,  ,*, ,  36.4   , m, 0.5    ,7+*           ,7,1950, B+=100
200,831,200Bi,m ,-20270#      ,  70#      ,  100#      ,  70#      ,  ,*, ,  31     , m, 2      ,(2+)          ,7,1978, B+<100;IT ?
200,832,200Bi,n ,-19943       ,  23       ,  428.20    ,   0.10    ,  , , , 400     ,ms, 50     ,(10-)         ,7,1972, IT=100
200,840,200Po,  ,-16942       ,   8       ,            ,           ,  , , ,  11.51  , m, 0.08   ,0+            ,7,1951, B+=88.9 3;A=11.1 3
200,841,200Po,m ,-14346       ,   8       , 2596.1     ,   0.3     ,  , , , 100     ,ns, 10     ,11-           ,7,1985, IT=100
200,842,200Po,n ,-14125       ,  11       , 2817       ,   7       ,  , , , 268     ,ns, 3      ,12+           ,7,1985, IT=100
200,850,200At,  , -8988       ,  24       ,            ,           ,  , , ,  43.2   , s, 0.9    ,(3+)*         ,7,1963, A=52 3;B+=48 3
200,851,200At,m , -8875       ,  25       ,  112.9     ,   2.9     ,AD, , ,  47     , s, 1      ,(7+)*         ,7,1967, A=43 7;B+=57 7;IT ?
200,852,200At,n , -8644       ,  25       ,  343.8     ,   3.0     ,AD, , ,   8.0   , s, 2.1    ,(10-)*        ,7,1967, IT ?;A~10.5 3;B+ ?
200,860,200Rn,  , -4000       ,   6       ,            ,           ,  , , ,   1.09  , s, 0.16   ,0+            ,7,1971, A=92 8;B+ ?
200,861,200Rn,m , -1680#      ,  21#      , 2320#      ,  20#      ,  , , ,  28     ,us, 9      ,              ,7,2002, IT=100
200,870,200Fr,  ,  6130       ,  30       ,            ,           ,  ,*, ,  47.5   ,ms, 2.8    ,(3+)          ,7,1995, A=100;B+ ?;B+SF ?
200,871,200Fr,m ,  6180       ,  60       ,   50       ,  60       ,AD,*, , 190     ,ms, 120    ,10-#          ,,1996, A~100;IT ?
200,872,200Fr,n ,  6280#      ,  60#      ,  150#      ,  50#      ,  , , , 790     ,ns, 360    ,              ,,2014, IT ?
201,760,201Os,  ,-14840#      , 300#      ,            ,           ,  , , ,   3#    , s, >300ns ,1/2-#         ,13,2009, B- ?
201,770,201Ir,  ,-19840#      , 200#      ,            ,           ,  , , ,  21     , s, 5      ,(3/2+)        ,11,2008, B-=100
201,780,201Pt,  ,-23740       ,  50       ,            ,           ,  , , ,   2.5   , m, 0.1    ,(5/2-)        ,7,1962, B-=100
201,781,201Pt,m ,-22890#      , 160#      ,  850#      , 150#      ,  , , ,  10#    , s,        ,13/2+#        ,,, IT ?
201,790,201Au,  ,-26401       ,   3       ,            ,           ,  , , ,  26.0   , m, 0.8    ,3/2+          ,7,1952, B-=100
201,791,201Au,m ,-25807       ,   6       ,  594       ,   5       ,  , , , 730     ,us, 630    ,11/2-         ,7,1981, IT=100
201,792,201Au,n ,-24791       ,   6       , 1610       ,   5       ,  , , ,   5.6   ,us, 2.4    ,19/2+#        ,,2011, IT=100
201,800,201Hg,  ,-27662.5     ,   0.7     ,            ,           ,  , , , stbl    ,  ,        ,3/2-*         ,7,1925, IS=13.17 9
201,801,201Hg,m ,-26896.3     ,   0.7     ,  766.22    ,   0.15    ,  , , ,  94.0   ,us, 2.0    ,13/2+         ,7,1961, IT=100
201,810,201Tl,  ,-27181       ,  14       ,            ,           ,  , , ,   3.0421, d, 0.0008 ,1/2+*         ,7,1950, EC=100
201,811,201Tl,m ,-26262       ,  14       ,  919.16    ,   0.21    ,  , , ,   2.01  ,ms, 0.07   ,9/2-          ,7,1962, IT=100
201,820,201Pb,  ,-25271       ,  14       ,            ,           ,  , , ,   9.33  , h, 0.03   ,5/2-*         ,7,1950, B+=100
201,821,201Pb,m ,-24642       ,  14       ,  629.1     ,   0.3     ,  , , ,  60.8   , s, 1.8    ,13/2+         ,7,1952, IT~100;B+ ?
201,822,201Pb,n ,-22318       ,  24       , 2953       ,  20       ,  , , , 508     ,ns, 3      ,(29/2-)       ,7,1981, IT=100
201,830,201Bi,  ,-21429       ,  12       ,            ,           ,  , , , 103     , m, 3      ,9/2-*         ,7,1950, B+=100
201,831,201Bi,m ,-20583       ,  12       ,  846.35    ,   0.18    ,  , , ,  57.5   , m, 2.1    ,1/2+          ,7,1950, B+~100;A=?;IT ?
201,832,201Bi,n ,-19456       ,  26       , 1973       ,  23       ,  , , , 118     ,ns, 28     ,25/2+#        ,7,1982, IT=100
201,833,201Bi,p ,-19417       ,  26       , 2012       ,  23       ,  , , , 105     ,ns, 75     ,27/2+#        ,7,1985, IT=100
201,834,201Bi,q ,-18648       ,  26       , 2781       ,  23       ,  , , , 124     ,ns, 4      ,29/2-#        ,7,1982, IT=100
201,840,201Po,  ,-16521       ,   5       ,            ,           ,  , , ,  15.6   , m, 0.1    ,3/2-*         ,7,1951, B+=98.87 3;A=1.13 3
201,841,201Po,m ,-16097       ,   5       ,  423.8     ,   2.4     ,AD, , ,   8.96  , m, 0.12   ,13/2+*        ,7,1962, IT=56.2 12;B+=41.4 7;A=2.4 5
201,850,201At,  ,-10789       ,   8       ,            ,           ,  , , ,  85.2   , s, 1.6    ,9/2-*         ,7,1963, A=71 7;B+=29 7
201,851,201At,m ,-10330       ,   8       ,  459       ,   1       ,  , , ,  45     ,ms, 3      ,1/2+          ,,2015, IT=100
201,852,201At,n , -8469       ,   8       , 2319.7     ,   0.3     ,  , , ,   3.39  ,us, 0.09   ,29/2+         ,,2015, IT=100
201,860,201Rn,  , -4107       ,  10       ,            ,           ,  , , ,   7.0   , s, 0.4    ,3/2-          ,7,1967, A=?;B+ ?
201,861,201Rn,m , -3863       ,   7       ,  245       ,  12       ,AD, , ,   3.8   , s, 0.1    ,13/2+         ,7,1967, A=?;B+ ?
201,870,201Fr,  ,  3589       ,   9       ,            ,           ,  , , ,  62.8   ,ms, 1.9    ,9/2-          ,7,1980, A~100; B+ ?
201,871,201Fr,m ,  3718       ,  10       ,  129       ,  10       ,AD, , ,  24     ,ms, 6      ,1/2+          ,7,2005, A=100
201,872,201Fr,n ,  3879       ,   9       ,  289.5     ,   0.4     ,  , , , 720     ,ns, 40     ,13/2+         ,,2014, IT=100
201,880,201Ra,  , 11937       ,  20       ,            ,           ,  , , ,  20     ,ms, 30     ,(3/2-)        ,,2005, A=100
201,881,201Ra,m , 12200       ,  26       ,  263       ,  26       ,AD, , ,   6     ,ms, 5      ,13/2+         ,7,2005, A=100
202,760,202Os,  ,-12530#      , 400#      ,            ,           ,  , , ,   2#    , s, >300ns ,0+            ,13,2009, B- ?
202,770,202Ir,  ,-16640#      , 300#      ,            ,           ,  , , ,  11     , s, 3      ,(2-)          ,8,2008, B-=100
202,771,202Ir,m ,-14040#      , 420#      , 2600#      , 300#      ,  , , ,   3.4   ,us, 0.6    ,              ,,2011, IT=100
202,780,202Pt,  ,-22692       ,  25       ,            ,           ,  , , ,  44     , h, 15     ,0+            ,8,1992, B-=100
202,781,202Pt,m ,-20904       ,  25       , 1788.5     ,   0.4     ,  , , , 141     ,us, 7      ,(7-)          ,8,2005, IT=100
202,790,202Au,  ,-24353       ,  23       ,            ,           ,  , , ,  28.4   , s, 1.2    ,(1-)          ,8,1967, B-=100
202,800,202Hg,  ,-27345.3     ,   0.7     ,            ,           ,  , , , stbl    ,  ,        ,0+            ,8,1920, IS=29.74 13
202,810,202Tl,  ,-25980.4     ,   1.8     ,            ,           ,  , , ,  12.31  , d, 0.08   ,2-*           ,8,1940, EC=100
202,811,202Tl,m ,-25030.2     ,   1.8     ,  950.19    ,   0.10    ,  , , , 591     ,us, 3      ,7+            ,8,1958, IT=100
202,820,202Pb,  ,-25941       ,   4       ,            ,           ,  , , ,  52.5   ,ky, 2.8    ,0+            ,8,1954, EC=100
202,821,202Pb,m ,-23771       ,   4       , 2169.85    ,   0.08    ,  , , ,   3.54  , h, 0.02   ,9-            ,8,1954, IT=90.5 5;B+=9.5 5
202,822,202Pb,n ,-21800#      ,  50#      , 4140#      ,  50#      ,  , , , 100     ,ns, 3      ,16+           ,8,1986, IT=100
202,823,202Pb,p ,-20640#      ,  50#      , 5300#      ,  50#      ,  , , , 108     ,ns, 3      ,19-           ,8,1987, IT=100
202,830,202Bi,  ,-20751       ,  14       ,            ,           ,  , , ,   1.72  , h, 0.05   ,5+*           ,8,1951, B+=100;A<1e-5
202,831,202Bi,m ,-20126       ,  18       ,  625       ,  12       ,  , , ,   3.04  ,us, 0.06   ,10-#          ,8,1981, IT=100
202,832,202Bi,n ,-18134       ,  18       , 2617       ,  12       ,  , , , 310     ,ns, 50     ,(17+)         ,8,1981, IT=100
202,840,202Po,  ,-17942       ,   9       ,            ,           ,  , , ,  44.6   , m, 0.4    ,0+            ,8,1951, B+=98.08 7;A=1.92 7
202,841,202Po,m ,-16230       ,  15       , 1712       ,  12       ,  , , , 110     ,ns, 15     ,8+            ,8,1971, IT=100
202,850,202At,  ,-10595       ,  28       ,            ,           ,  , , , 184     , s, 1      ,3+*           ,8,1961, B+=88 7;A=12 7
202,851,202At,m ,-10401       ,  28       ,  190       ,  40       ,MD, , , 182     , s, 2      ,7+*           ,8,1992, B+=91.5 15;A=8.5 15;IT ?
202,852,202At,n ,-10010       ,  28       ,  590       ,  40       ,MD, , , 460     ,ms, 50     ,10-           ,8,1992, IT=99.904 11;A=0.096 11;B+ ?
202,860,202Rn,  , -6275       ,  18       ,            ,           ,  , , ,   9.7   , s, 0.1    ,0+            ,8,1967, A=78 8;B+ ?
202,861,202Rn,m , -3970#      ,  50#      , 2310#      ,  50#      ,  , , ,   2.22  ,us, 0.07   ,11-#          ,,2002, IT=100
202,870,202Fr,  ,  3102       ,   6       ,            ,           ,  , , , 372     ,ms, 12     ,3+*           ,8,1980, A~100;B+ ?
202,871,202Fr,m ,  3359       ,   6       ,  257       ,   6       ,AD, , , 286     ,ms, 13     ,10-*          ,8,1980, A~100;IT=?;B+ ?
202,880,202Ra,  ,  9075       ,  15       ,            ,           ,  , , ,   4.1   ,ms, 1.1    ,0+            ,8,2005, A=100
203,760,203Os,  , -7270#      , 400#      ,            ,           ,  , , , 300#    ,ms, >300ns ,9/2+#         ,13,2012, B- ?;B-n ?
203,770,203Ir,  ,-14370#      , 400#      ,            ,           ,  , , ,   7#    , s, >300ns ,3/2+#         ,13,2009, B- ?
203,771,203Ir,m ,-14170#      , 400#      ,  200#      ,  50#      ,  , , ,>100#    ,ns,        ,11/2-#        ,,, IT ?;B- ?
203,772,203Ir,n ,-12230#      , 400#      , 2140#      ,  50#      ,  , , , 798     ,ns, 350    ,(23/2+)       ,,2011, IT=100
203,780,203Pt,  ,-19510#      , 200#      ,            ,           ,  , , ,  22     , s, 4      ,(1/2-)        ,6,2008, B-=100
203,781,203Pt,m ,-18140#      , 200#      , 1367#      ,   3#      ,  , , ,  12     , s, 5      ,13/2+#        ,6,2008, B-~100; IT ?
203,782,203Pt,n ,-18090#      , 210#      , 1420#      ,  50#      ,  , , ,>100#    ,ns,        ,27/2-#        ,6,2008, IT=100
203,783,203Pt,p ,-16980#      , 210#      , 2530#      ,  50#      ,  , , , 641     ,ns, 55     ,33/2+#        ,,2011, IT=100
203,790,203Au,  ,-23143       ,   3       ,            ,           ,  , , ,  60     , s, 6      ,3/2+          ,5,1952, B-=100
203,791,203Au,m ,-22502       ,   4       ,  641       ,   3       ,  , , , 140     ,us, 44     ,11/2-#        ,5,2005, IT=100
203,800,203Hg,  ,-25269.2     ,   1.6     ,            ,           ,  , , ,  46.610 , d, 0.010  ,5/2-*         ,5,1943, B-=100
203,801,203Hg,m ,-24336.1     ,   1.6     ,  933.14    ,   0.23    ,  , , ,  22.1   ,us, 1.0    ,(13/2+)       ,5,1964, IT=100
203,802,203Hg,n ,-16987.9     ,   1.7     , 8281.3     ,   0.5     ,  , , , 146     ,ns, 30     ,(53/2+)       ,,2011, IT=100
203,810,203Tl,  ,-25761.3     ,   1.2     ,            ,           ,  , , , stbl    ,  ,        ,1/2+*         ,5,1931, IS=29.515 44
203,811,203Tl,m ,-24277.6     ,   1.5     , 1483.7     ,   0.9     ,  , , ,  <1     ,us,        ,(9/2-)        ,,2020, IT=100
203,812,203Tl,n ,-22200#      ,  50#      , 3565#      ,  50#      ,  , , ,   7.7   ,us, 0.5    ,(25/2+)       ,5,1998, IT=100
203,820,203Pb,  ,-24786       ,   7       ,            ,           ,  , , ,  51.924 , h, 0.015  ,5/2-          ,5,1942, EC=100
203,821,203Pb,m ,-23961       ,   7       ,  825.2     ,   0.3     ,  , , ,   6.21  , s, 0.08   ,13/2+         ,5,1955, IT=100
203,822,203Pb,n ,-21837       ,   7       , 2949.2     ,   0.4     ,  , , , 480     ,ms, 7      ,29/2-         ,5,1977, IT=100
203,823,203Pb,p ,-21820#      ,  50#      , 2970#      ,  50#      ,  , , , 122     ,ns, 4      ,25/2-#        ,5,1988, IT=100
203,830,203Bi,  ,-21525       ,  13       ,            ,           ,  , , ,  11.76  , h, 0.05   ,9/2-*         ,5,1950, B+=100
203,831,203Bi,m ,-20427       ,  13       , 1098.21    ,   0.09    ,  , , , 305     ,ms, 5      ,1/2+          ,5,1984, IT=100
203,832,203Bi,n ,-19484       ,  13       , 2041.5     ,   0.6     ,  , , , 194     ,ns, 30     ,25/2+         ,5,1978, IT=100
203,840,203Po,  ,-17311       ,   5       ,            ,           ,  , , ,  36.7   , m, 0.5    ,5/2-*         ,5,1951, B+=99.89 2;A=0.11 2
203,841,203Po,m ,-16669       ,   5       ,  641.68    ,   0.14    ,  , , ,  45     , s, 2      ,13/2+*        ,5,1969, IT~100;A ?
203,842,203Po,n ,-15153       ,   5       , 2158.5     ,   0.6     ,  , , ,>200     ,ns,        ,              ,5,1986, IT=100
203,850,203At,  ,-12163       ,  11       ,            ,           ,  , , ,   7.4   , m, 0.2    ,9/2-*         ,5,1951, B+=69 3;A=31 3
203,851,203At,m ,-11480       ,  11       ,  683.4     ,   0.3     ,  , , ,   3.5   ,ms, 0.6    ,1/2+          ,,2017, IT=100
203,852,203At,n , -9833       ,  11       , 2330.1     ,   0.4     ,  , , ,   9.77  ,us, 0.21   ,29/2+         ,,2018, IT=100
203,860,203Rn,  , -6184       ,   6       ,            ,           ,  , , ,  44.2   , s, 1.6    ,3/2-          ,5,1967, A=66 9;B+=34 9
203,861,203Rn,m , -5822       ,   5       ,  362       ,   4       ,AD, , ,  26.9   , s, 0.5    ,13/2+*        ,5,1967, A=75 10;B+=25 10
203,870,203Fr,  ,   876       ,   6       ,            ,           ,  , , , 550     ,ms, 10     ,9/2-*         ,5,1967, A~100;B+ ?
203,871,203Fr,m ,  1237       ,   7       ,  361       ,   6       ,  , , ,  43     ,ms, 4      ,1/2+          ,,2013, IT=80 4;A=20 4
203,872,203Fr,n ,  1302       ,   6       ,  426.0     ,   1.0     ,  , , , 370     ,ns, 50     ,13/2+         ,,2013, IT=100
203,880,203Ra,  ,  8601       ,  10       ,            ,           ,  , , ,  36     ,ms, 13     ,3/2-          ,5,1996, A~100;B+ ?
203,881,203Ra,m ,  8848       ,  10       ,  246       ,  14       ,AD, , ,  25     ,ms, 5      ,13/2+         ,5,1996, A~100;B+ ?
204,770,204Ir,  , -9570#      , 400#      ,            ,           ,  , , ,   2#    , s, >300ns ,              ,13,2011, B- ?;B-n ?
204,780,204Pt,  ,-17620#      , 200#      ,            ,           ,  , , ,  10.3   , s, 1.4    ,0+            ,10,2008, B-=100
204,781,204Pt,m ,-15630#      , 200#      , 1995.1     ,   0.7     ,  , , ,   5.5   ,us, 0.7    ,(5-)          ,10,2009, IT=100
204,782,204Pt,n ,-15590#      , 200#      , 2035       ,  23       ,  , , ,  55     ,us, 3      ,(7-)          ,10,2009, IT=100
204,783,204Pt,p ,-14430#      , 200#      , 3193       ,  23       ,  , , , 146     ,ns, 14     ,(10+)         ,10,2009, IT=100
204,790,204Au,  ,-20390#      , 200#      ,            ,           ,  , , ,  38.3   , s, 1.3    ,(2-)          ,10,1972, B-=100
204,791,204Au,m ,-16570#      , 540#      , 3816#      , 500#      ,  , , ,   2.1   ,us, 0.3    ,16+#          ,10,2008, IT=100
204,800,204Hg,  ,-24690.1     ,   0.5     ,            ,           ,  , , , stbl    ,  ,        ,0+            ,10,1920, IS=6.82 4;2B- ?
204,802,204Hg,n ,-17464.0     ,   0.5     , 7226.08    ,   0.17    ,  , , ,~485     ,ns,        ,22+           ,,2015, IT=100
204,810,204Tl,  ,-24346.1     ,   1.2     ,            ,           ,  , , ,   3.783 , y, 0.012  ,2-*           ,10,1953, B-=97.08 7;EC+B+=2.92 7
204,811,204Tl,m ,-23242.0     ,   1.2     , 1104.1     ,   0.2     ,  , , ,  61.7   ,us, 1.0    ,7+            ,10,1972, IT=100
204,812,204Tl,n ,-22027.1     ,   1.2     , 2319.0     ,   0.3     ,  , , ,   2.6   ,us, 0.2    ,12-           ,10,1998, IT=100
204,813,204Tl,p ,-19954.5     ,   1.3     , 4391.6     ,   0.5     ,  , , , 420     ,ns, 30     ,18+           ,10,1998, IT=100
204,814,204Tl,q ,-18106.7     ,   1.3     , 6239.4     ,   0.5     ,  , , ,  90     ,ns, 3      ,22-           ,10,2011, IT=100
204,820,204Pb,  ,-25109.8     ,   1.1     ,            ,           ,  , , , stbl    ,  , >140Py ,0+            ,10,1932, IS=1.4 6;A ?
204,821,204Pb,m ,-23835.7     ,   1.1     , 1274.13    ,   0.05    ,  , , , 265     ,ns, 6      ,4+            ,10,1963, IT=100
204,822,204Pb,n ,-22923.9     ,   1.1     , 2185.88    ,   0.08    ,  , , ,  66.93  , m, 0.10   ,9-            ,10,1956, IT=100
204,823,204Pb,p ,-22845.4     ,   1.1     , 2264.42    ,   0.06    ,  , , , 490     ,ns, 70     ,7-            ,10,1978, IT=100
204,830,204Bi,  ,-20646       ,   9       ,            ,           ,  , , ,  11.22  , h, 0.10   ,6+*           ,10,1947, B+=100
204,831,204Bi,m ,-19841       ,   9       ,  805.5     ,   0.3     ,  , , ,  13.0   ,ms, 0.1    ,10-           ,10,1974, IT=100
204,832,204Bi,n ,-17813       ,   9       , 2833.4     ,   1.1     ,  , , ,   1.07  ,ms, 0.03   ,17+           ,10,1974, IT=100
204,840,204Po,  ,-18341       ,  10       ,            ,           ,  , , ,   3.519 , h, 0.012  ,0+            ,10,1951, B+=99.33 3;A=0.67 3
204,841,204Po,m ,-16702       ,  10       , 1639.03    ,   0.06    ,  , , , 158.6   ,ns, 1.8    ,8+            ,10,1970, IT=100
204,850,204At,  ,-11875       ,  23       ,            ,           ,  , , ,   9.12  , m, 0.11   ,7+*           ,10,1961, B+=96.2 2;A=3.8 2
204,851,204At,m ,-11288       ,  23       ,  587.30    ,   0.20    ,  , , , 108     ,ms, 10     ,10-           ,10,1969, IT=100
204,860,204Rn,  , -7970       ,   7       ,            ,           ,  , , ,   1.242 , m, 0.023  ,0+            ,10,1967, A=72.4 9;B+ ?
204,870,204Fr,  ,   607       ,  25       ,            ,           ,  , , ,   1.75  , s, 0.26   ,3+*           ,10,1964, A=96 2;B+ ?
204,871,204Fr,m ,   658       ,  25       ,   50       ,   4       ,AD, , ,   2.41  , s, 0.19   ,7+*           ,10,1967, A=90 2;B+ ?
204,872,204Fr,n ,   934       ,  25       ,  326       ,   4       ,AD, , ,   1.65  , s, 0.15   ,10-*          ,10,1992, A=53 10;IT=47 10
204,880,204Ra,  ,  6061       ,   9       ,            ,           ,  , , ,  60     ,ms, 9      ,0+            ,10,1995, A~100;B+ ?
205,770,205Ir,  , -5600#      , 500#      ,            ,           ,  , , ,   1#    , s, >300ns ,3/2+#         ,20,2012, B- ?;B-n ?
205,780,205Pt,  ,-12820#      , 300#      ,            ,           ,  , , ,   2#    , s, >300ns ,9/2+#         ,20,2009, B- ?
205,790,205Au,  ,-18570#      , 200#      ,            ,           ,  , , ,  32.0   , s, 1.4    ,3/2+#         ,20,1994, B-=100
205,791,205Au,m ,-17660#      , 200#      ,  907       ,   5       ,  , , ,   6     , s, 2      ,11/2-#        ,20,2009, IT=?;B-=?
205,792,205Au,n ,-15720#      , 200#      , 2849.7     ,   0.4     ,  , , , 163     ,ns, 5      ,19/2+#        ,20,2011, IT=100
205,800,205Hg,  ,-22288       ,   4       ,            ,           ,  , , ,   5.14  , m, 0.09   ,1/2-*         ,20,1940, B-=100
205,801,205Hg,m ,-20732       ,   4       , 1556.4     ,   0.3     ,  , , ,   1.09  ,ms, 0.04   ,13/2+         ,20,1985, IT=100
205,802,205Hg,n ,-18971       ,   4       , 3316.6     ,   0.8     ,  , , ,   5.89  ,us, 0.18   ,(23/2-)       ,20,2011, IT=100
205,810,205Tl,  ,-23820.8     ,   1.2     ,            ,           ,  , , , stbl    ,  ,        ,1/2+*         ,20,1931, IS=70.485 44
205,811,205Tl,m ,-20530.2     ,   1.2     , 3290.61    ,   0.17    ,  , , ,   2.6   ,us, 0.2    ,25/2+         ,20,1976, IT=100
205,812,205Tl,n ,-18985.2     ,   1.9     , 4835.6     ,   1.5     ,  , , , 235     ,ns, 10     ,(35/2-)       ,20,2004, IT=100
205,820,205Pb,  ,-23770.2     ,   1.1     ,            ,           ,  , , ,  17.0   ,My, 0.9    ,5/2-          ,20,1954, EC=100
205,821,205Pb,m ,-23767.9     ,   1.1     ,    2.329   ,   0.007   ,  , , ,  24.2   ,us, 0.4    ,1/2-          ,20,1994, IT=100
205,822,205Pb,n ,-22756.4     ,   1.1     , 1013.85    ,   0.03    ,  , , ,   5.55  ,ms, 0.02   ,13/2+         ,20,1960, IT=100
205,823,205Pb,p ,-20574.4     ,   1.3     , 3195.8     ,   0.6     ,  , , , 217     ,ns, 5      ,25/2-         ,20,1973, IT=100
205,830,205Bi,  ,-21066       ,   5       ,            ,           ,  , , ,  14.91  , d, 0.07   ,9/2-*         ,20,1951, B+=100
205,831,205Bi,m ,-19569       ,   5       , 1497.17    ,   0.09    ,  , , ,   7.9   ,us, 0.7    ,1/2+          ,20,1972, IT=100
205,832,205Bi,n ,-19001       ,   5       , 2064.7     ,   0.4     ,  , , , 100     ,ns, 6      ,21/2+         ,20,1978, IT=100
205,833,205Bi,p ,-18927       ,   5       , 2139.0     ,   0.7     ,  , , , 220     ,ns, 25     ,25/2+         ,20,1978, IT=100
205,840,205Po,  ,-17521       ,  10       ,            ,           ,  , , ,   1.74  , h, 0.08   ,5/2-*         ,20,1951, B+=99.960 12;A=0.040 12
205,841,205Po,m ,-17378       ,  10       ,  143.166   ,   0.015   ,  , , , 310     ,ns, 60     ,1/2-          ,20,1960, IT=100
205,842,205Po,n ,-16641       ,  10       ,  880.31    ,   0.04    ,  , , , 645     ,us, 20     ,13/2+         ,20,1962, IT=100
205,843,205Po,p ,-16060       ,  10       , 1461.21    ,   0.21    ,  , , ,  57.4   ,ms, 0.9    ,19/2-         ,20,1973, IT=100
205,844,205Po,q ,-14434       ,  10       , 3087.2     ,   0.4     ,  , , , 115     ,ns, 10     ,29/2-         ,20,1985, IT=100
205,850,205At,  ,-12985       ,  12       ,            ,           ,  , , ,  26.9   , m, 0.8    ,9/2-*         ,20,1951, B+=90 2;A=10 2
205,851,205At,m ,-10645       ,  12       , 2339.64    ,   0.23    ,  , , ,   7.76  ,us, 0.14   ,29/2+         ,20,1982, IT=100
205,860,205Rn,  , -7710       ,   5       ,            ,           ,  , , , 170     , s, 4      ,5/2-*         ,20,1967, B+=75.4 9;A=24.6 9
205,861,205Rn,m , -7053       ,   5       ,  657.1     ,   0.5     ,  , , , >10     , s,        ,13/2+#        ,20,2010, IT~100;A ?;B+ ?
205,870,205Fr,  , -1310       ,   8       ,            ,           ,  , , ,   3.90  , s, 0.07   ,9/2-*         ,20,1964, A=98.5 4;B+=1.5 4
205,871,205Fr,m ,  -766       ,   8       ,  544.0     ,   1.0     ,  , , ,  80     ,ns, 20     ,13/2+         ,20,2012, IT=100
205,872,205Fr,n ,  -701       ,  10       ,  609       ,   6       ,  , , ,   1.15  ,ms, 0.04   ,(1/2+)        ,20,2012, IT=100
205,880,205Ra,  ,  5804       ,  23       ,            ,           ,  , , , 220     ,ms, 50     ,3/2-          ,20,1987, A~100;B+ ?
205,881,205Ra,m ,  6067       ,  11       ,  263       ,  25       ,  , , , 180     ,ms, 50     ,13/2+         ,20,1995, A~100;IT ?;B+ ?
205,890,205Ac,  , 14110       ,  60       ,            ,           ,  , , ,  80     ,ms, 60     ,9/2-          ,20,2014, A~100;B+ ?
206,780,206Pt,  , -9240#      , 300#      ,            ,           ,  , , , 500#    ,ms, >300ns ,0+            ,13,2012, B- ?;B-n ?
206,790,206Au,  ,-14190#      , 300#      ,            ,           ,  , , ,  47     , s, 11     ,6+#           ,16,2009, B-=100
206,800,206Hg,  ,-20946       ,  20       ,            ,           ,  , , ,   8.32  , m, 0.07   ,0+            ,8,1961, B-=100
206,801,206Hg,m ,-18844       ,  20       , 2102.4     ,   0.3     ,  , , ,   2.088 ,us, 0.017  ,5-            ,8,1982, IT=100
206,802,206Hg,n ,-17224       ,  20       , 3722.3     ,   1.0     ,  , , , 106     ,ns, 3      ,(10+)         ,8,2001, IT=100
206,810,206Tl,  ,-22253.3     ,   1.3     ,            ,           ,  , , ,   4.202 , m, 0.011  ,0-*           ,8,1935, B-=100
206,811,206Tl,m ,-19610.2     ,   1.3     , 2643.10    ,   0.18    ,  , , ,   3.74  , m, 0.03   ,(12)-         ,8,1976, IT=100
206,820,206Pb,  ,-23785.5     ,   1.1     ,            ,           ,  , , , stbl    ,  , >2.5Zy ,0+            ,8,1927, IS=24.1 30;A ?
206,821,206Pb,m ,-21585.3     ,   1.1     , 2200.16    ,   0.04    ,  , , , 125     ,us, 2      ,7-            ,8,1953, IT=100
206,822,206Pb,n ,-19758.2     ,   1.3     , 4027.3     ,   0.7     ,  , , , 202     ,ns, 3      ,12+           ,8,1971, IT=100
206,830,206Bi,  ,-20028       ,   8       ,            ,           ,  , , ,   6.243 , d, 0.003  ,6+*           ,8,1947, B+=100
206,831,206Bi,m ,-19968       ,   8       ,   59.897   ,   0.017   ,  , , ,   7.7   ,us, 0.2    ,4+            ,8,1957, IT=100
206,832,206Bi,n ,-18983       ,   8       , 1044.8     ,   0.7     ,  , , , 890     ,us, 10     ,10-           ,8,1974, IT=100
206,833,206Bi,p ,-10795       ,   8       , 9233.3     ,   0.8     ,  , , , 155     ,ns, 15     ,(28-)         ,,2012, IT=100
206,834,206Bi,q , -9858       ,   8       ,10170.5     ,   0.8     ,  , , ,>2       ,us,        ,(31+)         ,,2012, IT=100
206,840,206Po,  ,-18189       ,   4       ,            ,           ,  , , ,   8.8   , d, 0.1    ,0+            ,8,1947, B+=94.55 5;A=5.45 5
206,841,206Po,m ,-16603       ,   4       , 1585.90    ,   0.11    ,  , , , 232     ,ns, 4      ,8+            ,8,1970, IT=100
206,842,206Po,n ,-15927       ,   4       , 2262.09    ,   0.12    ,  , , ,   1.05  ,us, 0.06   ,9-            ,8,1970, IT=100
206,850,206At,  ,-12439       ,  14       ,            ,           ,  , , ,  30.6   , m, 0.8    ,(6)+*         ,8,1961, B+=99.10 8;A=0.90 8
206,851,206At,m ,-11629       ,  14       ,  810       ,   2       ,  , , , 813     ,ns, 21     ,(10)-         ,8,1999, IT=100
206,860,206Rn,  , -9133       ,   9       ,            ,           ,  , , ,   5.67  , m, 0.17   ,0+            ,8,1954, A=62 3;B+=38 3
206,870,206Fr,  , -1247       ,  28       ,            ,           ,  , , , ~16     , s,        ,3+*           ,8,1964, A=88.4 33;B+=11.6 33
206,871,206Fr,m , -1048       ,  28       ,  200       ,  40       ,IT, , , ~16     , s,        ,7+*           ,8,1964, A=84.7 15;B+ ?;IT ?
206,872,206Fr,n ,  -517       ,  28       ,  730       ,  40       ,  , , , 700     ,ms, 100    ,10-*          ,8,1983, IT=?;A=13 2
206,880,206Ra,  ,  3566       ,  18       ,            ,           ,  , , , 240     ,ms, 20     ,0+            ,8,1967, A~100;B+ ?
206,890,206Ac,  , 13480       ,  70       ,            ,           ,  , , ,  25     ,ms, 7      ,3+            ,8,1998, A~100;B+ ?
206,891,206Ac,m , 13690       ,  30       ,  200       ,  70       ,AD, , ,  41     ,ms, 16     ,10-           ,8,1996, A~100;B+ ?
207,780,207Pt,  , -4140#      , 400#      ,            ,           ,  , , , 600#    ,ms, >300ns ,9/2+#         ,13,2012, B- ?;B-n ?
207,790,207Au,  ,-10640#      , 300#      ,            ,           ,  , , ,   3#    , s, >300ns ,3/2+#         ,11,2010, B- ?;B-n ?
207,800,207Hg,  ,-16487       ,  30       ,            ,           ,  , , ,   2.9   , m, 0.2    ,9/2+          ,11,1982, B-=100
207,810,207Tl,  ,-21034       ,   5       ,            ,           ,  , , ,   4.77  , m, 0.02   ,1/2+*         ,11,1908, B-=100
207,811,207Tl,m ,-19686       ,   5       , 1348.18    ,   0.16    ,  , , ,   1.33  , s, 0.11   ,11/2-         ,11,1965, IT~100;B- ?
207,820,207Pb,  ,-22452.0     ,   1.1     ,            ,           ,  , , , stbl    ,  , >1.9Zy ,1/2-*         ,11,1927, IS=22.1 50;A ?
207,821,207Pb,m ,-20818.6     ,   1.1     , 1633.356   ,   0.004   ,  , , , 806     ,ms, 5      ,13/2+         ,11,1951, IT=100
207,830,207Bi,  ,-20054.6     ,   2.4     ,            ,           ,  , , ,  31.22  , y, 0.17   ,9/2-          ,11,1950, B+=100
207,831,207Bi,m ,-17953.0     ,   2.4     , 2101.61    ,   0.16    ,  , , , 182     ,us, 6      ,21/2+         ,11,1967, IT=100
207,840,207Po,  ,-17146       ,   7       ,            ,           ,  , , ,   5.80  , h, 0.02   ,5/2-*         ,11,1947, B+~100;A=0.021 2
207,841,207Po,m ,-17077       ,   7       ,   68.557   ,   0.014   ,  , , , 205     ,ns, 10     ,1/2-          ,11,1963, IT=100
207,842,207Po,n ,-16031       ,   7       , 1115.076   ,   0.017   ,  , , ,  49     ,us, 4      ,13/2+         ,11,1962, IT=100
207,843,207Po,p ,-15763       ,   7       , 1383.16    ,   0.07    ,  , , ,   2.79  , s, 0.08   ,19/2-         ,11,1961, IT=100
207,850,207At,  ,-13227       ,  12       ,            ,           ,  , , ,   1.81  , h, 0.03   ,9/2-*         ,11,1951, B+~90;A~10
207,851,207At,m ,-11110       ,  12       , 2117.3     ,   0.6     ,  , , , 108     ,ns, 2      ,25/2+         ,11,1981, IT=100
207,860,207Rn,  , -8635       ,   5       ,            ,           ,  , , ,   9.25  , m, 0.17   ,5/2-*         ,11,1954, B+=79 3;A=21 3
207,861,207Rn,m , -7736       ,   5       ,  899.1     ,   1.0     ,  , , , 184.5   ,us, 0.9    ,13/2+         ,11,1974, IT=100
207,870,207Fr,  , -2849       ,  18       ,            ,           ,  , , ,  14.8   , s, 0.1    ,9/2-*         ,11,1964, A=95 2;B+ ?
207,880,207Ra,  ,  3510       ,  60       ,            ,           ,  , , ,   1.38  , s, 0.18   ,5/2-#         ,11,1967, A~86;B+ ?
207,881,207Ra,m ,  4071       ,  10       ,  560       ,  60       ,AD, , ,  57     ,ms, 8      ,13/2+         ,11,1987, IT=85#;A=?;B+ ?
207,890,207Ac,  , 11150       ,  60       ,            ,           ,  , , ,  31     ,ms, 8      ,9/2-          ,11,1994, A~100
208,780,208Pt,  ,  -500#      , 400#      ,            ,           ,  , , , 220#    ,ms, >300ns ,0+            ,13,2012, B- ?;B-n ?
208,790,208Au,  , -5910#      , 300#      ,            ,           ,  , , ,  20#    , s, >300ns ,6+#           ,11,2010, B- ?;B-n ?
208,800,208Hg,  ,-13270       ,  30       ,            ,           ,  , , , 135     , s, 10     ,0+            ,10,1994, B-=100
208,801,208Hg,m ,-11930       ,  40       , 1338       ,  24       ,  , , ,  99     ,ns, 14     ,(8+)          ,10,2009, IT=100
208,810,208Tl,  ,-16750.1     ,   1.9     ,            ,           ,  , , ,   3.053 , m, 0.004  ,5+            ,7,1909, B-=100
208,811,208Tl,m ,-14943.1     ,   2.1     , 1807       ,   1       ,  , , ,   1.3   ,us, 0.1    ,(0-)          ,,2020, IT=100
208,820,208Pb,  ,-21748.5     ,   1.1     ,            ,           ,  , , , stbl    ,  , >2.6Zy ,0+            ,7,1927, IS=52.4 70;A ?
208,821,208Pb,m ,-16853.3     ,   1.1     , 4895.23    ,   0.05    ,  , , , 535     ,ns, 35     ,10+           ,7,1998, IT=100
208,830,208Bi,  ,-18870.2     ,   2.3     ,            ,           ,  , , , 368     ,ky, 4      ,5+*           ,7,1953, B+=100
208,831,208Bi,m ,-17299.1     ,   2.3     , 1571.1     ,   0.4     ,  , , ,   2.58  ,ms, 0.04   ,10-           ,7,1961, IT=100
208,840,208Po,  ,-17469.2     ,   1.7     ,            ,           ,  , , ,   2.898 , y, 0.002  ,0+            ,7,1947, A~100;B+=0.0042 4
208,841,208Po,m ,-15941.0     ,   1.7     , 1528.22    ,   0.04    ,  , , , 373     ,ns, 8      ,8+            ,7,1968, IT=100
208,850,208At,  ,-12470       ,   9       ,            ,           ,  , , ,   1.63  , h, 0.03   ,6+*           ,7,1950, B+=99.45 6;A=0.55 6
208,851,208At,m ,-10194       ,   9       , 2276.4     ,   1.8     ,  , , ,   1.5   ,us, 0.2    ,16-           ,7,1991, IT=100
208,860,208Rn,  , -9655       ,  10       ,            ,           ,  , , ,  24.35  , m, 0.14   ,0+            ,7,1955, A=62 7;B+=38 7
208,861,208Rn,m , -7827       ,  10       , 1828.3     ,   0.4     ,  , , , 487     ,ns, 12     ,8+            ,7,1979, IT=100
208,870,208Fr,  , -2665       ,  12       ,            ,           ,  , , ,  59.1   , s, 0.3    ,7+*           ,7,1964, A=89 3;B+=11 3
208,871,208Fr,m , -1839       ,  12       ,  826.3     ,   0.5     ,  , , , 432     ,ns, 11     ,10-           ,7,2009, IT=100
208,880,208Ra,  ,  1728       ,   9       ,            ,           ,  , , ,   1.110 , s, 0.045  ,0+            ,7,1967, A=87 3;B+ ?
208,881,208Ra,m ,  3875       ,   9       , 2147.4     ,   0.4     ,  , , , 263     ,ns, 17     ,(8+)          ,7,1998, IT=100
208,890,208Ac,  , 10760       ,  60       ,            ,           ,  , , ,  97     ,ms, 15     ,3+            ,7,1994, A~100;B+ ?
208,891,208Ac,m , 11258       ,  28       ,  500       ,  60       ,AD, , ,  28     ,ms, 7      ,10-           ,7,1994, A~100;IT ?;B+ ?
208,900,208Th,  , 16690       ,  30       ,            ,           ,  , , ,   2.4   ,ms, 1.2    ,0+            ,11,2010, A~100
209,790,209Au,  , -2230#      , 400#      ,            ,           ,  , , ,   1#    , s, >300ns ,3/2+#         ,15,2010, B- ?;B-n ?
209,800,209Hg,  , -8610#      , 150#      ,            ,           ,  , , ,   6.3   , s, 1.1    ,9/2+#         ,15,1998, B-=100;B-n ?
209,810,209Tl,  ,-13645       ,   6       ,            ,           ,  , , ,   2.162 , m, 0.007  ,1/2+          ,15,1950, B-=100;B-n ?
209,811,209Tl,m ,-12417       ,   6       , 1228.1     ,   2.0     ,  , , , 146     ,ns, 10     ,17/2+         ,15,2009, IT=100
209,820,209Pb,  ,-17614.6     ,   1.7     ,            ,           ,  , , ,   3.235 , h, 0.005  ,9/2+          ,15,1940, B-=100
209,830,209Bi,  ,-18258.6     ,   1.4     ,            ,           ,  , , ,  20.1   ,Ey, 0.8    ,9/2-*         ,15,1924, IS=100;A=100
209,840,209Po,  ,-16366.0     ,   1.8     ,            ,           ,  , , , 124     , y, 3      ,1/2-*         ,15,1949, A=99.546 7;B+=0.454 7
209,841,209Po,m ,-12100.6     ,   1.8     , 4265.4     ,   0.3     ,  , , , 119     ,ns, 4      ,31/2-         ,15,1974, IT=100
209,850,209At,  ,-12884       ,   5       ,            ,           ,  , , ,   5.42  , h, 0.05   ,9/2-*         ,15,1951, B+=96.1 4;A=3.9 4
209,851,209At,m ,-10455       ,   5       , 2429.32    ,   0.22    ,  , , , 916     ,ns, 10     ,29/2+         ,15,1975, IT=100
209,860,209Rn,  , -8941       ,  10       ,            ,           ,  , , ,  28.8   , m, 1.0    ,5/2-*         ,15,1952, B+=83 2;A=17 2
209,861,209Rn,m , -7767       ,  10       , 1174.01    ,   0.13    ,  , , ,  13.4   ,us, 1.3    ,13/2+         ,15,1985, IT=100
209,862,209Rn,n , -5304       ,  10       , 3636.81    ,   0.23    ,  , , ,   3.0   ,us, 0.3    ,35/2+         ,15,1985, IT=100
209,870,209Fr,  , -3782       ,  12       ,            ,           ,  , , ,  50.5   , s, 0.7    ,9/2-*         ,15,1964, A=89 3;B+=11 3
209,871,209Fr,m ,   878       ,  12       , 4659.8     ,   0.7     ,  , , , 420     ,ns, 18     ,45/2-         ,15,2006, IT=100
209,880,209Ra,  ,  1858       ,   6       ,            ,           ,  , , ,   4.71  , s, 0.08   ,5/2-*         ,15,1967, A~100;B+ ?
209,881,209Ra,m ,  2740       ,   6       ,  882.4     ,   0.7     ,  , , , 117     ,us, 5      ,13/2+         ,15,2008, A~90;B+~10
209,890,209Ac,  ,  8840       ,  60       ,            ,           ,  , , ,  94     ,ms, 10     ,9/2-          ,15,1968, A~100;B+ ?
209,900,209Th,  , 16400#      , 100#      ,            ,           ,  , , ,  60#    ,ms,        ,5/2-#         ,,, A ?;B+ ?
209,901,209Th,m , 16765       ,  25       ,  370#      , 100#      ,  , , ,   3.1   ,ms, 1.2    ,13/2+         ,15,1996, A~100;B+ ?
210,790,210Au,  ,  2680#      , 400#      ,            ,           ,  , , ,  10#    , s, >300ns ,6+#           ,14,2010, B- ?;B-n ?
210,800,210Hg,  , -5300#      , 200#      ,            ,           ,  , , ,  64     , s, 12     ,0+            ,14,1998, B-=100;B-n=2.2 22
210,801,210Hg,m , -4640#      , 200#      ,  663       ,   2       ,  , , ,   2.1   ,us, 0.7    ,(3-)          ,14,2013, IT=100
210,802,210Hg,n , -3890#      , 200#      , 1406       ,  23       ,  , , ,   2     ,us, 1      ,8+#           ,14,2013, IT=100
210,810,210Tl,  , -9247       ,  12       ,            ,           ,  , , ,   1.30  , m, 0.03   ,5+#           ,14,1909, B-=100;B-n=0.009 6
210,811,210Tl,m , -8050#      , 200#      , 1200#      , 200#      ,  , , ,   1#    , m, >3 us  ,"9+,10+        ",,2018, B- ?; IT ?
210,820,210Pb,  ,-14728.4     ,   1.4     ,            ,           ,  , , ,  22.20  , y, 0.22   ,0+            ,14,1900, B-=100;A=1.9e-6 4
210,821,210Pb,m ,-13533.8     ,   1.4     , 1194.61    ,   0.18    ,  , , ,  92     ,ns, 10     ,6+            ,,2018, IT=100
210,822,210Pb,n ,-13453.6     ,   1.4     , 1274.8     ,   0.3     ,  , , , 201     ,ns, 17     ,8+            ,14,1980, IT=100
210,830,210Bi,  ,-14791.9     ,   1.4     ,            ,           ,  , , ,   5.012 , d, 0.005  ,1-*           ,14,1905, B-=100;A=13.2e-5 10
210,831,210Bi,m ,-14520.6     ,   1.4     ,  271.31    ,   0.11    ,  , , ,   3.04  ,My, 0.06   ,9-            ,14,1953, A=100
210,840,210Po,  ,-15953.1     ,   1.1     ,            ,           ,  , , , 138.376 , d, 0.002  ,0+            ,14,1898, A=100
210,841,210Po,m ,-14396.1     ,   1.1     , 1556.97    ,   0.03    ,  , , ,  98.9   ,ns, 2.5    ,8+            ,14,1968, IT=100
210,842,210Po,n ,-10895.5     ,   1.1     , 5057.65    ,   0.05    ,  , , , 263     ,ns, 5      ,16+           ,14,1985, IT=100
210,850,210At,  ,-11972       ,   8       ,            ,           ,  , , ,   8.1   , h, 0.4    ,(5)+*         ,14,1949, B+=99.825 20;A=0.175 20
210,851,210At,m , -9422       ,   8       , 2549.6     ,   0.2     ,  , , , 482     ,ns, 6      ,(15)-         ,14,1970, IT=100
210,852,210At,n , -7944       ,   8       , 4027.7     ,   0.2     ,  , , ,   5.66  ,us, 0.07   ,(19)+         ,14,1975, IT=100
210,860,210Rn,  , -9605       ,   5       ,            ,           ,  , , ,   2.4   , h, 0.1    ,0+            ,14,1952, A=96 1;B+ ?
210,861,210Rn,m , -7900       ,  30       , 1710       ,  30       ,AD, , , 644     ,ns, 40     ,8+            ,14,1979, IT=100
210,862,210Rn,n , -5750       ,  30       , 3857       ,  30       ,  , , ,   1.06  ,us, 0.05   ,17-           ,14,1979, IT=100
210,863,210Rn,p , -3090       ,  30       , 6514       ,  30       ,  , , ,   1.04  ,us, 0.07   ,23+           ,14,1986, IT=100
210,870,210Fr,  , -3344       ,  13       ,            ,           ,  , , ,   3.18  , m, 0.06   ,6+*           ,14,1964, A=71 4;B+ ?
210,871,210Fr,m ,  1073       ,  13       , 4417.2     ,   1.0     ,  , , , 475     ,ns, 6      ,(23)+         ,,2016, IT=100
210,880,210Ra,  ,   443       ,   9       ,            ,           ,  , , ,   4.0   , s, 0.1    ,0+            ,14,1967, A~100;B+ ?
210,881,210Ra,m ,  2494       ,   9       , 2050.9     ,   0.7     ,  , , ,   2.29  ,us, 0.03   ,8+            ,14,1998, IT=100
210,890,210Ac,  ,  8760       ,  60       ,            ,           ,  , , , 350     ,ms, 40     ,7+#           ,14,1968, A~100;B+ ?
210,900,210Th,  , 14060       ,  19       ,            ,           ,  , , ,  16.0   ,ms, 3.6    ,0+            ,14,1995, A~100;B+ ?
211,800,211Hg,  ,  -390#      , 200#      ,            ,           ,  , , ,  26.4   , s, 8.1    ,9/2+#         ,13,2010, B-=100;B-n=6.3 63
211,810,211Tl,  , -6080       ,  40       ,            ,           ,  , , ,  81     , s, 16     ,1/2+          ,13,1998, B-=100;B-n=2.2 22
211,811,211Tl,m , -4840#      , 110#      , 1244#      , 100#      ,  , , , 580     ,ns, 80     ,17/2+#        ,,2019, IT=100
211,820,211Pb,  ,-10493.0     ,   2.3     ,            ,           ,  , , ,  36.1628, m, 0.0025 ,9/2+*         ,13,1904, B-=100
211,821,211Pb,m , -8774       ,  23       , 1719       ,  23       ,  , , , 159     ,ns, 28     ,(27/2+)       ,13,2005, IT=100
211,830,211Bi,  ,-11859       ,   5       ,            ,           ,  , , ,   2.14  , m, 0.02   ,9/2-*         ,13,1905, A~100;B-=0.276 4
211,831,211Bi,m ,-10602       ,  11       , 1257       ,  10       ,  , , ,   1.4   ,us, 0.3    ,(25/2-)       ,13,1998, IT=100
211,840,211Po,  ,-12432.5     ,   1.3     ,            ,           ,  , , , 516     ,ms, 3      ,9/2+*         ,15,1913, A=100
211,841,211Po,m ,-10970       ,   5       , 1462       ,   5       ,AD, , ,  25.2   , s, 0.6    ,(25/2+)       ,15,1954, A=99.984 4;IT=0.016 4
211,842,211Po,n ,-10298       ,   5       , 2135       ,   5       ,  , , , 243     ,ns, 21     ,(31/2-)       ,15,1998, IT~100;A ?
211,843,211Po,p , -7561       ,   6       , 4872       ,   6       ,  , , ,   2.8   ,us, 0.7    ,(43/2+)       ,15,1998, IT~100;A ?
211,850,211At,  ,-11647.2     ,   2.7     ,            ,           ,  , , ,   7.214 , h, 0.007  ,9/2-*         ,13,1940, EC=58.20 8;A=41.80 8
211,851,211At,m , -6832.7     ,   2.7     , 4814.5     ,   0.5     ,  , , ,   4.23  ,us, 0.07   ,(39/2-)       ,13,1971, IT=100
211,860,211Rn,  , -8755       ,   7       ,            ,           ,  , , ,  14.6   , h, 0.2    ,1/2-*         ,13,1952, B+=72.6 17;A=27.4 17
211,861,211Rn,m , -7152#      ,  16#      , 1603#      ,  14#      ,  , , , 596     ,ns, 28     ,17/2-         ,13,1981, IT=100
211,862,211Rn,n ,   150#      ,  21#      , 8905#      ,  20#      ,  , , , 201     ,ns, 4      ,63/2-         ,13,1981, IT=100
211,870,211Fr,  , -4140       ,  12       ,            ,           ,  , , ,   3.10  , m, 0.02   ,9/2-*         ,13,1964, A=87 3;B+=13 3
211,871,211Fr,m , -1717       ,  12       , 2423.16    ,   0.24    ,  , , , 146     ,ns, 14     ,29/2+         ,13,1986, IT=100
211,872,211Fr,n ,   517       ,  12       , 4657.3     ,   0.4     ,  , , , 124.5   ,ns, 1.2    ,45/2-         ,13,1986, IT=100
211,880,211Ra,  ,   832       ,   5       ,            ,           ,  , , ,  12.6   , s, 1.2    ,5/2-*         ,13,1967, A~100;B+ ?
211,881,211Ra,m ,  2030       ,   5       , 1198.1     ,   0.8     ,  , , ,   9.5   ,us, 0.3    ,13/2+         ,13,2004, IT=100
211,890,211Ac,  ,  7140       ,  50       ,            ,           ,  , , , 213     ,ms, 25     ,9/2-          ,13,1968, A~100;B+ ?
211,900,211Th,  , 13880       ,  90       ,            ,           ,  , , ,  48     ,ms, 20     ,5/2-#         ,13,1995, A~100;B+ ?
211,910,211Pa,  , 22050       ,  70       ,            ,           ,  , , ,   6     ,ms, 3      ,9/2-          ,13,2006, A~100;B+ ?;p ?
212,800,212Hg,  ,  3020#      , 300#      ,            ,           ,  , , ,  30#    , s, >300ns ,0+            ,20,2010, B- ?;B-n ?
212,810,212Tl,  , -1550#      , 200#      ,            ,           ,  , , ,  31     , s, 8      ,(5+)          ,20,1998, B-=100;B-n=1.8 18
212,820,212Pb,  , -7548.9     ,   1.8     ,            ,           ,  , , ,  10.627 , h, 0.006  ,0+            ,20,1905, B-=100
212,821,212Pb,m , -6213.9     ,   2.7     , 1335       ,   2       ,  , , ,   6.0   ,us, 0.8    ,8+#           ,20,1998, IT=100
212,830,212Bi,  , -8117.9     ,   1.9     ,            ,           ,  , , ,  60.55  , m, 0.06   ,1-*           ,20,1905, B-=64.06 6;A=35.94 6;B-A~0.014
212,831,212Bi,m , -7870       ,  30       ,  250       ,  30       ,MD, , ,  25.0   , m, 0.2    ,"(8-,9-)       ",20,1978, A=67 1;B-=33 1;B-A=30 1
212,832,212Bi,n , -6639       ,  30       , 1479       ,  30       ,MD, , ,   7.0   , m, 0.3    ,(18-)         ,20,1978, B-=?;IT ?
212,840,212Po,  ,-10369.4     ,   1.2     ,            ,           ,  , , , 294.4   ,ns, 0.8    ,0+            ,20,1906, A=100
212,841,212Po,m , -7446       ,   5       , 2923       ,   4       ,AD, , ,  45.1   , s, 0.6    ,(18+)         ,20,1962, A=99.93 2;IT ?
212,850,212At,  , -8628.1     ,   2.4     ,            ,           ,  , , , 314     ,ms, 3      ,(1-)          ,20,1954, A~100;B+ ?;B- ?
212,851,212At,m , -8405.2     ,   2.4     ,  222.9     ,   0.9     ,AD, , , 119     ,ms, 3      ,(9-)          ,20,1970, A~100;IT ?
212,852,212At,n , -3856.7     ,   2.8     , 4771.4     ,   1.5     ,  , , , 152     ,us, 5      ,(25-)         ,20,1998, IT=100
212,860,212Rn,  , -8659       ,   3       ,            ,           ,  , , ,  23.9   , m, 1.2    ,0+            ,20,1950, A=100
212,861,212Rn,m , -7019       ,   3       , 1639.68    ,   0.15    ,  , , , 118     ,ns, 14     ,6+            ,20,1971, IT=100
212,862,212Rn,n , -6965       ,   3       , 1694.1     ,   0.3     ,  , , , 910     ,ns, 30     ,8+            ,20,1971, IT=100
212,863,212Rn,p , -2485       ,   3       , 6174.2     ,   0.3     ,  , , , 102     ,ns, 4      ,22+           ,20,1977, IT=100
212,864,212Rn,q ,   -80       ,   3       , 8579.2     ,   0.4     ,  , , , 154     ,ns, 14     ,30+           ,20,1977, IT=100
212,870,212Fr,  , -3516       ,   9       ,            ,           ,  , , ,  20.0   , m, 0.6    ,5+*           ,20,1950, B+=57 2;A=43 2
212,871,212Fr,m , -1965       ,   9       , 1551.4     ,   0.3     ,  , , ,  31.9   ,us, 0.7    ,11+           ,20,1977, IT=100
212,872,212Fr,n , -1024       ,   9       , 2492.2     ,   0.4     ,  , , , 604     ,ns, 28     ,15-           ,20,1977, IT=100
212,873,212Fr,p ,  2339       ,   9       , 5854.7     ,   0.6     ,  , , , 312     ,ns, 21     ,27-           ,20,1986, IT=100
212,874,212Fr,q ,  5017       ,   9       , 8533.4     ,   1.1     ,  , , ,  23.6   ,us, 2.1    ,34+#          ,20,1990, IT=100
212,880,212Ra,  ,  -199       ,  10       ,            ,           ,  , , ,  13.0   , s, 0.2    ,0+            ,20,1967, A=?;B+ ?
212,881,212Ra,m ,  1759       ,  10       , 1958.4     ,   2.0     ,  , , ,   9.3   ,us, 0.9    ,8+            ,20,1986, IT=100
212,882,212Ra,n ,  2414       ,  10       , 2613.3     ,   2.0     ,  , , , 850     ,ns, 130    ,11-           ,20,1986, IT=100
212,890,212Ac,  ,  7300       ,  22       ,            ,           ,  , , , 895     ,ms, 28     ,7+*           ,20,1968, A~100;B+ ?
212,900,212Th,  , 12111       ,  10       ,            ,           ,  , , ,  31.7   ,ms, 1.3    ,0+            ,20,1980, A~100;B+ ?
212,910,212Pa,  , 21600       ,  90       ,            ,           ,  , , ,   5.8   ,ms, 1.9    ,3+#           ,20,1997, A=100
213,800,213Hg,  ,  8200#      , 300#      ,            ,           ,  , , ,  15#    , s, >300ns ,9/2+#         ,11,2010, B- ?;B-n ?
213,810,213Tl,  ,  1784       ,  27       ,            ,           ,  , , ,  23.8   , s, 4.4    ,1/2+#         ,12,2010, B-=100;B-n=7.6 34
213,811,213Tl,m ,  2460#      , 300#      ,  680#      , 300#      ,  , , ,   4.1   ,us, 0.5    ,              ,,2019, IT=100
213,812,213Tl,n ,  3030#      , 100#      , 1250#      , 100#      ,  , , ,   0.6   ,us, 0.3    ,17/2+#        ,,2019, IT=100
213,820,213Pb,  , -3204       ,   7       ,            ,           ,  , , ,  10.2   , m, 0.3    ,(9/2+)        ,7,1964, B-=100
213,821,213Pb,m , -1873       ,   7       , 1331.0     ,   1.7     ,  , , , 260     ,ns, 20     ,(21/2+)       ,,2020, IT=100
213,830,213Bi,  , -5232       ,   5       ,            ,           ,  , , ,  45.60  , m, 0.04   ,9/2-*         ,7,1947, B-=97.91 3;A=2.09 3
213,831,213Bi,m , -3879       ,  22       , 1353       ,  21       ,  , , ,>168     , s,        ,25/2-#        ,,2008, B- ?; IT ?
213,840,213Po,  , -6654       ,   3       ,            ,           ,  , , ,   3.705 ,us, 0.001  ,9/2+          ,7,1947, A=100
213,850,213At,  , -6580       ,   5       ,            ,           ,  , , , 125     ,ns, 6      ,9/2-          ,7,1968, A=100
213,851,213At,m , -5222       ,  24       , 1358       ,  23       ,  , , , 110     ,ns, 17     ,25/2-#        ,7,1980, IT=100
213,852,213At,n , -3582       ,  27       , 2998       ,  27       ,  , , ,  45     ,us, 4      ,49/2+#        ,7,2003, IT=100
213,860,213Rn,  , -5696       ,   3       ,            ,           ,  , , ,  19.5   ,ms, 0.1    ,9/2+#         ,7,1967, A=100
213,861,213Rn,m , -4014       ,  10       , 1682       ,  10       ,  , , ,   1.00  ,us, 0.21   ,(25/2+)       ,7,1988, IT=100
213,862,213Rn,n , -3491       ,  10       , 2205       ,  10       ,  , , ,   1.36  ,us, 0.07   ,(31/2-)       ,7,1988, IT=100
213,863,213Rn,p ,   269       ,  14       , 5965       ,  14       ,  , , , 164     ,ns, 11     ,(55/2+)       ,7,1988, IT=100
213,870,213Fr,  , -3554       ,   5       ,            ,           ,  , , ,  34.14  , s, 0.06   ,9/2-*         ,7,1964, A=99.44 5;B+=0.56 5
213,871,213Fr,m , -1964       ,   5       , 1590.41    ,   0.18    ,  , , , 505     ,ns, 14     ,21/2-         ,7,1971, IT=100
213,872,213Fr,n , -1016       ,   5       , 2537.62    ,   0.23    ,  , , , 238     ,ns, 6      ,29/2+         ,7,1971, IT=100
213,873,213Fr,p ,  4541       ,   5       , 8094.8     ,   0.7     ,  , , ,   3.1   ,us, 0.2    ,(65/2-)       ,7,1989, IT=100
213,880,213Ra,  ,   346       ,  10       ,            ,           ,  , , ,   2.73  , m, 0.05   ,1/2-*         ,7,1955, A=87 2;B+=13 2
213,881,213Ra,m ,  2114       ,  11       , 1768       ,   4       ,AD, , ,   2.20  ,ms, 0.05   ,(17/2-)       ,7,1976, IT~99;A=0.6 4
213,890,213Ac,  ,  6141       ,  12       ,            ,           ,  , , , 738     ,ms, 16     ,9/2-*         ,7,1968, A~100;B+ ?
213,900,213Th,  , 12120       ,   9       ,            ,           ,  , , , 144     ,ms, 21     ,5/2-          ,7,1968, A~100;B+ ?
213,901,213Th,m , 13300       ,   9       , 1180.0     ,   1.4     ,  , , ,   1.4   ,us, 0.4    ,(13/2)+       ,,2007, IT=100
213,903,213Th,p , 12380#      ,  50#      ,  260#      ,  50#      ,  , , ,       ,,,,,,
213,910,213Pa,  , 19650       ,  60       ,            ,           ,  , , ,   7.4   ,ms, 2.4    ,9/2-          ,7,1995, A=100
214,800,214Hg,  , 11770#      , 400#      ,            ,           ,  , , ,   8#    , s, >300ns ,0+            ,11,2010, B- ?;B-n ?
214,810,214Tl,  ,  6470#      , 200#      ,            ,           ,  , , ,  11.0   , s, 2.4    ,5+#           ,11,2010, B-=100;B-n=34 12
214,820,214Pb,  ,  -183.0     ,   2.0     ,            ,           ,  , , ,  27.06  , m, 0.07   ,0+            ,15,1904, B-=100
214,821,214Pb,m ,  1237       ,  20       , 1420       ,  20       ,  , , ,   6.2   ,us, 0.3    ,8+#           ,15,2012, IT=100
214,830,214Bi,  , -1201       ,  11       ,            ,           ,  , , ,  19.9   , m, 0.4    ,1-            ,9,1904, B-=99.979 1;A=0.021 1;B-A~0.003
214,831,214Bi,m ,  -660       ,  30       ,  539       ,  30       ,  , , , >93     , s,        ,8-#           ,,2008, B+ ?; IT ?
214,840,214Po,  , -4470.0     ,   1.4     ,            ,           ,  , , , 163.47  ,us, 0.03   ,0+            ,9,1912, A=100
214,850,214At,  , -3379       ,   4       ,            ,           ,  , , , 558     ,ns, 10     ,1-            ,9,1949, A=100
214,851,214At,m , -3321       ,   8       ,   59       ,   9       ,AD, , , 265     ,ns, 30     ,              ,9,1982, A~100;IT ?
214,852,214At,n , -3147       ,   5       ,  232       ,   5       ,AD, , , 760     ,ns, 15     ,9-            ,9,1982, A~100;IT ?
214,860,214Rn,  , -4320       ,   9       ,            ,           ,  , , , 259     ,ns, 3      ,0+            ,9,1970, A=100
214,861,214Rn,m ,   275       ,   9       , 4595.4     ,   1.8     ,  , , , 245     ,ns, 30     ,(22+)         ,9,1983, IT=100
214,870,214Fr,  ,  -958       ,   9       ,            ,           ,  , , ,   5.51  ,ms, 0.13   ,(1-)*         ,9,1967, A=100
214,871,214Fr,m ,  -837       ,   8       ,  121       ,   5       ,AD, , ,   3.35  ,ms, 0.05   ,(8-)          ,9,1962, A=100
214,872,214Fr,n ,  -320       ,  10       ,  638       ,   5       ,  , , , 103     ,ns, 4      ,(11+)         ,9,1993, IT=100
214,873,214Fr,p ,  5620#      , 100#      , 6577#      , 100#      ,  , , , 108     ,ns, 7      ,(33+)         ,9,1994, IT=100
214,880,214Ra,  ,    93       ,   5       ,            ,           ,  , , ,   2.437 , s, 0.016  ,0+            ,9,1967, A=99.941 4;B+=0.059 4
214,881,214Ra,m ,  1913       ,   5       , 1819.7     ,   1.8     ,  , , , 118     ,ns, 7      ,6+            ,9,2004, IT=100
214,882,214Ra,n ,  1958       ,   5       , 1865.2     ,   1.8     ,  , , ,  67.3   ,us, 1.5    ,8+            ,9,1971, IT=99.91 7;A=0.09 7
214,883,214Ra,p ,  2776       ,   5       , 2683.2     ,   1.8     ,  , , , 295     ,ns, 7      ,11-           ,9,1979, IT=100
214,884,214Ra,q ,  3571       ,   5       , 3478.4     ,   1.8     ,  , , , 279     ,ns, 4      ,14+           ,9,1979, IT=100
214,885,214Ra,r ,  4240       ,   5       , 4146.8     ,   1.8     ,  , , , 225     ,ns, 4      ,17-           ,9,1979, IT=100
214,886,214Ra,x ,  6670       ,   5       , 6577.0     ,   1.8     ,  , , , 128     ,ns, 4      ,(25-)         ,9,1992, IT=100
214,890,214Ac,  ,  6433       ,  14       ,            ,           ,  , , ,   8.2   , s, 0.2    ,5+*           ,9,1968, A=93 4;B+=7 4
214,900,214Th,  , 10695       ,  11       ,            ,           ,  , , ,  87     ,ms, 10     ,0+            ,9,1968, A~100;B+ ?
214,901,214Th,m , 12876       ,  11       , 2181.0     ,   2.7     ,  , , ,   1.24  ,us, 0.12   ,8+#           ,9,2007, IT=100
214,910,214Pa,  , 19460       ,  80       ,            ,           ,  , , ,  17     ,ms, 3      ,7+#           ,9,1995, A~100
215,800,215Hg,  , 17110#      , 400#      ,            ,           ,  , , , 600#    ,ms, >300ns ,9/2+#         ,13,2010, B- ?;B-n ?
215,810,215Tl,  , 10030#      , 300#      ,            ,           ,  , , ,   9.7   , s, 3.8    ,1/2+#         ,13,2010, B-=100;B-n=4.6 46
215,820,215Pb,  ,  4340       ,  50       ,            ,           ,  , , , 142     , s, 11     ,9/2+#         ,13,1998, B-=100
215,830,215Bi,  ,  1629       ,   6       ,            ,           ,  , , ,   7.62  , m, 0.13   ,(9/2-)        ,13,1953, B-=100
215,831,215Bi,m ,  2996#      ,  21#      , 1367#      ,  20#      ,  , , ,  36.9   , s, 0.6    ,(25/2-)       ,13,2001, IT=76.9 5;B-=23.1 5
215,840,215Po,  ,  -541.8     ,   2.1     ,            ,           ,  , , ,   1.781 ,ms, 0.005  ,9/2+          ,13,1911, A=100;B-=2.3e-4 2
215,850,215At,  , -1257       ,   7       ,            ,           ,  , , ,  37     ,us, 3      ,9/2-          ,13,1944, A=100
215,860,215Rn,  , -1169       ,   6       ,            ,           ,  , , ,   2.30  ,us, 0.10   ,9/2+          ,13,1952, A=100
215,870,215Fr,  ,   318       ,   7       ,            ,           ,  , , ,  90     ,ns, 4      ,9/2-          ,13,1970, A=100
215,880,215Ra,  ,  2532       ,   7       ,            ,           ,  , , ,   1.669 ,ms, 0.009  ,9/2+#         ,13,1967, A=100
215,881,215Ra,m ,  4410       ,   7       , 1877.8     ,   0.3     ,  , , ,   7.31  ,us, 0.13   ,(25/2+)       ,13,1983, IT=100
215,882,215Ra,n ,  4779       ,   7       , 2246.9     ,   0.4     ,  , , ,   1.39  ,us, 0.07   ,(29/2-)       ,13,1998, IT=100
215,883,215Ra,p ,  6340#      ,  50#      , 3807#      ,  50#      ,  , , , 555     ,ns, 10     ,(43/2-)       ,13,1987, IT=100
215,890,215Ac,  ,  6031       ,  12       ,            ,           ,  , , , 171     ,ms, 10     ,9/2-*         ,13,1968, A~100;B+=0.09 2
215,891,215Ac,m ,  7827       ,  12       , 1796.0     ,   0.9     ,  , , , 185     ,ns, 30     ,(21/2-)       ,13,1983, IT=100
215,892,215Ac,n ,  8520#      ,  50#      , 2488#      ,  50#      ,  , , , 335     ,ns, 10     ,(29/2+)       ,13,1983, IT=100
215,900,215Th,  , 10921       ,   6       ,            ,           ,  , , ,   1.35  , s, 0.14   ,(1/2-)        ,13,1968, A=100
215,901,215Th,m , 12390#      ,  50#      , 1471#      ,  50#      ,  , , , 770     ,ns, 60     ,9/2+#         ,13,2005, IT=100
215,910,215Pa,  , 17800       ,  80       ,            ,           ,  , , ,  14     ,ms, 2      ,9/2-          ,13,1979, A=100
215,920,215U ,  , 24890       , 100       ,            ,           ,  , , ,   1.4   ,ms, 0.9    ,5/2-#         ,15,2015, A=?;B+ ?
216,800,216Hg,  , 20920#      , 400#      ,            ,           ,  , , ,   2#    , s, >300ns ,0+            ,11,2010, B- ?;B-n ?
216,810,216Tl,  , 14870#      , 300#      ,            ,           ,  , , ,   5.9   , s, 3.3    ,5+#           ,11,2010, B-=100;B-n<11.5
216,820,216Pb,  ,  7510#      , 200#      ,            ,           ,  , , ,   1.66  , m, 0.20   ,0+            ,15,2010, B-=100
216,821,216Pb,m ,  9020#      , 200#      , 1514       ,  20       ,  , , , 400     ,ns, 40     ,8+#           ,15,2012, IT=100
216,830,216Bi,  ,  5874       ,  11       ,            ,           ,  ,*, ,   2.21  , m, 0.04   ,"(6-,7-)       ",7,1989, B-=100
216,831,216Bi,m ,  5898       ,  15       ,   24       ,  19       ,MD,*, ,   6.6   , m, 2.1    ,3-#           ,7,1989, B-=100
216,840,216Po,  ,  1782.3     ,   1.8     ,            ,           ,  , , , 144.0   ,ms, 0.6    ,0+            ,7,1910, A=100;2B- ?
216,850,216At,  ,  2257       ,   4       ,            ,           ,  , , , 300     ,us, 30     ,1-            ,7,1948, A~100;B- ?;EC ?
216,851,216At,m ,  2417       ,  10       ,  161       ,  11       ,AD, , , 100#    ,us,        ,9-#           ,7,1971, A=100
216,860,216Rn,  ,   253       ,   6       ,            ,           ,  , , ,  29     ,us, 4      ,0+            ,7,1949, A=100
216,870,216Fr,  ,  2971       ,   4       ,            ,           ,  , , , 700     ,ns, 20     ,(1-)          ,7,1970, A=100;B+ ?
216,871,216Fr,m ,  3190       ,   6       ,  219       ,   6       ,AD, , , 850     ,ns, 30     ,(9-)          ,,2007, A~100;B+ ?
216,880,216Ra,  ,  3291       ,   8       ,            ,           ,  , , , 172     ,ns, 7      ,0+            ,7,1972, A=100;EC<1e-8
216,890,216Ac,  ,  8150       ,   9       ,            ,           ,  , , , 440     ,us, 16     ,(1-)          ,7,1967, A=100;B+ ?
216,891,216Ac,m ,  8188       ,  10       ,   38       ,   5       ,AD, , , 441     ,us, 7      ,(9-)          ,7,1966, A=100;B+ ?
216,892,216Ac,n ,  8570#      , 100#      ,  422#      , 100#      ,  , , ,~300     ,ns,        ,              ,7,2006, IT=100
216,900,216Th,  , 10299       ,  11       ,            ,           ,  , , ,  26.28  ,ms, 0.16   ,0+            ,7,1968, A~100;B+ ?
216,901,216Th,m , 12340       ,  12       , 2041       ,   8       ,AD, , , 135.4   ,us, 2.9    ,8+            ,7,1983, IT=97.2 9;A=2.8 9
216,902,216Th,n , 12947       ,  14       , 2648       ,   8       ,  , , , 580     ,ns, 26     ,(11-)         ,7,1983, IT=100
216,903,216Th,p , 13981       ,  14       , 3682       ,   8       ,  , , , 740     ,ns, 70     ,(14+)         ,7,2001, IT=100
216,910,216Pa,  , 17824       ,  25       ,            ,           ,  , , , 105     ,ms, 12     ,5+#           ,7,1972, A~100;B+ ?
216,920,216U ,  , 23066       ,  28       ,            ,           ,  , , ,   6.9   ,ms, 2.9    ,0+            ,15,2015, A=100
216,921,216U ,m , 25320       ,  30       , 2250       ,  40       ,AD, , ,   1.4   ,ms, 0.9    ,8+#           ,15,2015, A=100
217,810,217Tl,  , 18660#      , 400#      ,            ,           ,  , , ,   2#    , s, >300ns ,1/2+#         ,18,2010, B- ?;B-n ?
217,820,217Pb,  , 12260#      , 300#      ,            ,           ,  , , ,  19.9   , s, 5.3    ,9/2+#         ,18,2010, B-=100
217,830,217Bi,  ,  8730       ,  18       ,            ,           ,  , , ,  98.5   , s, 1.3    ,9/2-#         ,18,1998, B-=100
217,831,217Bi,m , 10221       ,  27       , 1491       ,  20       ,  , , ,   3.0   ,us, 0.2    ,25/2-#        ,18,2012, IT=100
217,840,217Po,  ,  5883       ,   7       ,            ,           ,  , , ,   1.53  , s, 0.05   ,(9/2+)*       ,18,1956, A=97.5 14;B-=2.5 14
217,850,217At,  ,  4395       ,   5       ,            ,           ,  , , ,  32.6   ,ms, 0.3    ,9/2-*         ,18,1947, A=99.992 2;B-=0.008 2
217,860,217Rn,  ,  3659       ,   4       ,            ,           ,  , , , 593     ,us, 38     ,9/2+          ,18,1949, A=100
217,870,217Fr,  ,  4315       ,   7       ,            ,           ,  , , ,  22     ,us, 5      ,9/2-          ,18,1968, A=100
217,880,217Ra,  ,  5890       ,   7       ,            ,           ,  , , ,   1.95  ,us, 0.12   ,(9/2+)        ,18,1970, A=100
217,890,217Ac,  ,  8702       ,  11       ,            ,           ,  , , ,  69     ,ns, 4      ,9/2-          ,18,1972, A~100;B+ ?
217,891,217Ac,m , 10715       ,  18       , 2012       ,  20       ,  , , , 740     ,ns, 40     ,29/2+         ,18,1973, IT=95.49 18;A=4.51 18
217,900,217Th,  , 12206       ,  11       ,            ,           ,  , , , 248     ,us, 4      ,9/2+#         ,18,1968, A=100
217,901,217Th,m , 12879       ,  11       ,  673.3     ,   0.1     ,  , , , 141     ,ns, 50     ,(15/2-)       ,18,1989, IT=100
217,902,217Th,n , 14510       ,  30       , 2307       ,  32       ,  , , ,  71     ,us, 14     ,(25/2+)       ,,2002, IT=100
217,910,217Pa,  , 17055       ,  12       ,            ,           ,  , , ,   3.8   ,ms, 0.2    ,9/2-          ,18,1968, A=100;B- ?
217,911,217Pa,m , 18915       ,  13       , 1860       ,   7       ,AD, , ,   1.08  ,ms, 0.03   ,(23/2-)       ,18,1979, A=73 4;IT ?
217,920,217U ,  , 22970#      ,  80#      ,            ,           ,  , , , 850     ,us, 710    ,1/2-#         ,18,2000, A~100;B- ?
218,810,218Tl,  , 23710#      , 400#      ,            ,           ,  , , ,   1#    , s,        ,6+#           ,,, B- ?;B-n ?
218,820,218Pb,  , 15630#      , 300#      ,            ,           ,  , , ,  14.8   , s, 6.8    ,0+            ,19,2009, B-=100
218,830,218Bi,  , 13216       ,  27       ,            ,           ,  , , ,  33     , s, 1      ,8-#           ,19,1998, B-=100
218,840,218Po,  ,  8356.7     ,   2.0     ,            ,           ,  , , ,   3.097 , m, 0.012  ,0+            ,19,1904, A=99.980 2;B-=0.020 2
218,850,218At,  ,  8100       ,  12       ,            ,           ,  , , ,   1.28  , s, 0.06   ,"(2-,3-)*      ",19,1943, A~100;B- ?
218,860,218Rn,  ,  5217.4     ,   2.3     ,            ,           ,  , , ,  33.75  ,ms, 0.15   ,0+            ,19,1948, A=100
218,870,218Fr,  ,  7059       ,   4       ,            ,           ,  , , ,   1.4   ,ms, 0.5    ,1-            ,19,1949, A=100
218,871,218Fr,m ,  7147       ,   5       ,   87       ,   4       ,AD, , ,  21.9   ,ms, 0.5    ,(8-)          ,19,1982, A~100;IT ?
218,880,218Ra,  ,  6646       ,  10       ,            ,           ,  , , ,  25.91  ,us, 0.14   ,0+            ,19,1970, A=100
218,890,218Ac,  , 10850       ,  60       ,            ,           ,  ,*, ,   1.00  ,us, 0.04   ,(1-)          ,19,1970, A=100
218,891,218Ac,m , 10900       ,  90       ,   50       ,  70       ,  ,*, ,>100#    ,ns,        ,8-#           ,,, IT ?;A ?;B+ ?
218,892,218Ac,n , 11460#      , 110#      ,  607#      ,  86#      ,  , , , 103     ,ns, 11     ,(11+)         ,19,1994, IT=100
218,900,218Th,  , 12367       ,  11       ,            ,           ,  , , , 122     ,ns, 5      ,0+            ,19,1973, A=100
218,910,218Pa,  , 18650       ,  18       ,            ,           ,  , , , 108     ,us, 5      ,8-#           ,19,1979, A=100
218,911,218Pa,m , 18731       ,  20       ,   81       ,  19       ,AD, , , 150     ,us, 50     ,1-#           ,19,1979, A=100
218,920,218U ,  , 21895       ,  14       ,            ,           ,  , , , 354     ,us, 91     ,0+            ,19,1992, A=100
218,921,218U ,m , 24004       ,  18       , 2109       ,  17       ,AD, , , 408     ,us, 125    ,8+#           ,19,2005, A~100; IT=?
219,820,219Pb,  , 20620#      , 400#      ,            ,           ,  , , ,   3#    , s, >300ns ,11/2+#        ,11,2009, B- ?
219,830,219Bi,  , 16320#      , 200#      ,            ,           ,  , , ,   8.7   , s, 2.9    ,9/2-#         ,12,2009, B-=100;B-n ?
219,840,219Po,  , 12681       ,  16       ,            ,           ,  , , ,  10.3   , m, 1.0    ,9/2+#         ,15,1998, B-=71.8 20;A=28.2 20
219,850,219At,  , 10396       ,   3       ,            ,           ,  , , ,  56     , s, 3      ,(9/2-)*       ,16,1953, A=93.6 10;B-=6.4 10
219,860,219Rn,  ,  8829.3     ,   2.1     ,            ,           ,  , , ,   3.96  , s, 0.01   ,5/2+*         ,1,1903, A=100
219,870,219Fr,  ,  8617       ,   7       ,            ,           ,  , , ,  22.5   ,ms, 1.7    ,9/2-*         ,1,1948, A=100
219,880,219Ra,  ,  9394       ,   7       ,            ,           ,  , , ,   9     ,ms, 2      ,(7/2)+        ,1,1952, A=100
219,881,219Ra,m ,  9411       ,   7       ,   16.7     ,   0.8     ,  , , ,  10     ,ms, 3      ,(11/2)+       ,1,2018, A~100; IT ?
219,890,219Ac,  , 11570       ,  50       ,            ,           ,  , , ,   9.4   ,us, 1.0    ,9/2-          ,1,1970, A=100;B+ ?
219,900,219Th,  , 14460       ,  60       ,            ,           ,  , , ,   1.023 ,us, 0.018  ,9/2+#         ,12,1973, A=100;B+ ?
219,910,219Pa,  , 18580       ,  70       ,            ,           ,  , , ,  56     ,ns, 9      ,9/2-          ,1,2005, A=100;B+ ?
219,920,219U ,  , 23296       ,  13       ,            ,           ,  , , ,  60     ,us, 7      ,9/2+#         ,1,1993, A=100;B+ ?
219,930,219Np,  , 29440       ,  90       ,            ,           ,  , , , 570     ,us, 450    ,9/2-#         ,16,2015, A=100
220,820,220Pb,  , 24130#      , 400#      ,            ,           ,  , , ,   1#    , s, >300ns ,0+            ,11,2010, B- ?
220,830,220Bi,  , 20960#      , 300#      ,            ,           ,  , , ,   9.5   , s, 5.7    ,1-#           ,11,2010, B-=100;B-n ?
220,840,220Po,  , 15263       ,  18       ,            ,           ,  , , ,  10#    , s, >300ns ,0+            ,11,1998, B- ?
220,850,220At,  , 14376       ,  14       ,            ,           ,  , , ,   3.71  , m, 0.04   ,3-#           ,11,1989, B-=92 2;A=8 2
220,860,220Rn,  , 10612.0     ,   1.8     ,            ,           ,  , , ,  55.6   , s, 0.1    ,0+            ,11,1900, A=100;2B- ?
220,870,220Fr,  , 11482       ,   4       ,            ,           ,  , , ,  27.4   , s, 0.3    ,1+*           ,11,1948, A~100;B-=0.35 5
220,880,220Ra,  , 10272       ,   8       ,            ,           ,  , , ,  18.1   ,ms, 1.2    ,0+            ,11,1949, A=100
220,890,220Ac,  , 13744       ,   6       ,            ,           ,  , , ,  26.36  ,ms, 0.19   ,(3-)          ,11,1970, A=100;B+ ?
220,900,220Th,  , 14690       ,  14       ,            ,           ,  , , ,  10.2   ,us, 0.3    ,0+            ,11,1973, A=100;EC ?
220,910,220Pa,  , 20278       ,  15       ,            ,           ,  ,*, ,   0.85  ,us, 0.06   ,1-#           ,11,2005, A=100;B+ ?
220,911,220Pa,m , 20304       ,  22       ,   26       ,  23       ,AD,*, , 410     ,ns, 180    ,              ,,2018, A=100
220,912,220Pa,n , 20570       ,  50       ,  290       ,  50       ,AD, , , 260     ,ns, 210    ,              ,,2018, A=100
220,920,220U ,  , 23010#      , 100#      ,            ,           ,  , , ,  60#    ,ns,        ,0+            ,,, A ?;B+ ?
220,930,220Np,  , 30480       ,  30       ,            ,           ,  , , ,  29     ,ns, 11     ,1-#           ,,2019, A=100
221,830,221Bi,  , 24200#      , 300#      ,            ,           ,  , , ,   2#    , s, >300ns ,9/2-#         ,11,2009, B- ?;B-n ?
221,840,221Po,  , 19774       ,  20       ,            ,           ,  , , ,   2.2   , m, 0.7    ,9/2+#         ,13,2010, B-=100
221,850,221At,  , 16783       ,  14       ,            ,           ,  , , ,   2.3   , m, 0.2    ,3/2-#         ,7,1989, B-=100
221,860,221Rn,  , 14471       ,   6       ,            ,           ,  , , ,  25.7   , m, 0.5    ,7/2+*         ,7,1956, B-=78 1;A=22 1
221,870,221Fr,  , 13277       ,   5       ,            ,           ,  , , ,   4.801 , m, 0.005  ,5/2-*         ,7,1947, A~100;B-=0.0048 15;14C=8.8e-11 11
221,880,221Ra,  , 12964       ,   5       ,            ,           ,  , , ,  25     , s, 4      ,5/2+*         ,7,1949, A=100;14C=1.2e-10 9
221,890,221Ac,  , 14530       ,  60       ,            ,           ,  , , ,  52     ,ms, 2      ,9/2-#         ,7,1968, A=100
221,900,221Th,  , 16940       ,   8       ,            ,           ,  , , ,   1.75  ,ms, 0.02   ,7/2+#         ,7,1970, A=100
221,910,221Pa,  , 20370       ,  60       ,            ,           ,  , , ,   5.9   ,us, 1.7    ,9/2-          ,7,1983, A=100
221,920,221U ,  , 24520       ,  70       ,            ,           ,  , , , 660     ,ns, 140    ,9/2+#         ,15,2015, A~100;B+ ?
221,930,221Np,  , 29910#      , 200#      ,            ,           ,  , , ,  30#    ,ns,        ,9/2-#         ,,, A ?
221,940,221Pu,  , 35930#      , 300#      ,            ,           ,  , , , 100#    ,us,        ,9/2+#         ,,, A ?;SF ?
222,830,222Bi,  , 28950#      , 300#      ,            ,           ,  , , ,   3#    , s, >300ns ,1-#           ,,2009, B- ?;B-n ?
222,840,222Po,  , 22490       ,  40       ,            ,           ,  , , ,   9.1   , m, 7.2    ,0+            ,11,2010, B-=100
222,850,222At,  , 20953       ,  16       ,            ,           ,  , , ,  54     , s, 10     ,              ,11,1989, B-=100
222,860,222Rn,  , 16372.0     ,   1.9     ,            ,           ,  , , ,   3.8215, d, 0.0002 ,0+            ,11,1899, A=100
222,870,222Fr,  , 16378       ,   7       ,            ,           ,  , , ,  14.2   , m, 0.3    ,2-*           ,11,1975, B-=100
222,880,222Ra,  , 14320       ,   4       ,            ,           ,  , , ,  33.6   , s, 0.4    ,0+            ,11,1948, A=100;14C=3.0e-8 10
222,890,222Ac,  , 16622       ,   5       ,            ,           ,  ,*, ,   5.0   , s, 0.5    ,1-            ,11,1949, A=99 1;B+=1 1
222,891,222Ac,m , 16700       ,  21       ,   78       ,  21       ,AD,*, ,   1.05  , m, 0.05   ,5+#           ,11,1972, A~98.6 4;B+~1.4 4;IT ?
222,900,222Th,  , 17203       ,  10       ,            ,           ,  , , ,   2.24  ,ms, 0.03   ,0+            ,11,1970, A=100;EC ?
222,910,222Pa,  , 22060       ,  90       ,            ,           ,  , , ,   3.8   ,ms, 0.2    ,1-#           ,11,1970, A=100
222,920,222U ,  , 24270       ,  50       ,            ,           ,  , , ,   4.7   ,us, 0.7    ,0+            ,15,1983, A=100;B+ ?
222,930,222Np,  , 31270       ,  40       ,            ,           ,  , , , 480     ,ns, 190    ,1-#           ,,2020, A=100
222,940,222Pu,  , 35060#      , 300#      ,            ,           ,  , , ,  10#    ,us,        ,0+            ,,, A ?;SF ?
223,830,223Bi,  , 32240#      , 400#      ,            ,           ,  , , ,   1#    , s, >300ns ,9/2-#         ,11,2009, B- ?;B-n ?
223,840,223Po,  , 27080#      , 200#      ,            ,           ,  , , ,   6#    , s, >300ns ,11/2+#        ,11,2010, B- ?
223,850,223At,  , 23428       ,  14       ,            ,           ,  , , ,  50     , s, 7      ,3/2-#         ,1,1989, B-~100;A ?
223,860,223Rn,  , 20390       ,   8       ,            ,           ,  , , ,  24.3   , m, 0.4    ,7/2+*         ,1,1964, B-=100;A ?
223,870,223Fr,  , 18382.3     ,   1.9     ,            ,           ,  , , ,  22.00  , m, 0.07   ,3/2-*         ,1,1939, B-~100;A=0.006
223,880,223Ra,  , 17233.2     ,   2.1     ,            ,           ,  , , ,  11.4352, d, 0.0010 ,3/2+*         ,1,1905, A=100;14C=8.9e-8 4
223,890,223Ac,  , 17825       ,   7       ,            ,           ,  , , ,   2.10  , m, 0.05   ,(5/2-)        ,1,1948, A~99;EC ?
223,900,223Th,  , 19385       ,   8       ,            ,           ,  , , , 600     ,ms, 20     ,(5/2)+        ,1,1952, A=100
223,910,223Pa,  , 22340       ,  80       ,            ,           ,  , , ,   5.3   ,ms, 0.3    ,9/2-          ,1,1970, A=100;B+ ?
223,920,223U ,  , 26050       ,  60       ,            ,           ,  , , ,  65     ,us, 12     ,7/2+#         ,1,1991, A=100;B+ ?
223,930,223Np,  , 30660       ,  80       ,            ,           ,  , , ,   2.5   ,us, 0.8    ,(9/2-)        ,,2017, A=100
223,940,223Pu,  , 36120#      , 300#      ,            ,           ,  , , ,  10#    ,us,        ,9/2+#         ,,, A ?;SF ?
223,950,223Am,  , 42700#      , 300#      ,            ,           ,  , , ,  10     ,ms, 9      ,9/2-#         ,,2015, A~100;B+ ?
224,830,224Bi,  , 37070#      , 400#      ,            ,           ,  , , ,   1#    , s, >300ns ,1-#           ,15,2010, B- ?;B-n ?
224,840,224Po,  , 29910#      , 200#      ,            ,           ,  , , ,   3#    , m, >300ns ,0+            ,15,2010, B- ?
224,850,224At,  , 27711       ,  22       ,            ,           ,  , , ,   2.5   , m, 1.5    ,2+#           ,15,2010, B-=100
224,860,224Rn,  , 22445       ,  10       ,            ,           ,  , , , 107     , m, 3      ,0+            ,15,1964, B-=100
224,870,224Fr,  , 21749       ,  11       ,            ,           ,  , , ,   3.33  , m, 0.10   ,1-*           ,15,1969, B-=100
224,880,224Ra,  , 18825.8     ,   1.8     ,            ,           ,  , , ,   3.6316, d, 0.0014 ,0+            ,15,1902, A=100;14C=4.0e-9 12
224,890,224Ac,  , 20234       ,   4       ,            ,           ,  , , ,   2.78  , h, 0.16   ,(0-)          ,15,1948, B+=90.5 17;A=9.5 17;B- ?
224,900,224Th,  , 19996       ,  10       ,            ,           ,  , , ,   1.04  , s, 0.02   ,0+            ,15,1949, A=100;2B+ ?
224,910,224Pa,  , 23862       ,   8       ,            ,           ,  , , , 844     ,ms, 19     ,(5-)          ,15,1958, A~100;B+ ?
224,920,224U ,  , 25743       ,  15       ,            ,           ,  , , , 396     ,us, 17     ,0+            ,15,1991, A=100;B+ ?
224,930,224Np,  , 32032       ,  29       ,            ,           ,  , , ,  48     ,us, 19     ,2-#           ,,2018, A=100
224,940,224Pu,  , 35280#      , 300#      ,            ,           ,  , , ,  10#    ,us,        ,0+            ,,, A ?;SF ?
224,950,224Am,  , 43260#      , 400#      ,            ,           ,  , , ,   1#    ,ms,        ,              ,,, A ?;SF ?
225,840,225Po,  , 34580#      , 300#      ,            ,           ,  , , ,  10#    , s, >300ns ,3/2+#         ,11,2010, B- ?
225,850,225At,  , 30300#      , 300#      ,            ,           ,  , , ,   3#    , s, >300ns ,1/2+#         ,11,2010, B- ?;B-n ?
225,860,225Rn,  , 26534       ,  11       ,            ,           ,  , , ,   4.66  , m, 0.04   ,7/2-*         ,9,1969, B-=100
225,870,225Fr,  , 23821       ,  12       ,            ,           ,  , , ,   3.95  , m, 0.14   ,3/2-*         ,9,1969, B-=100
225,880,225Ra,  , 21993.0     ,   2.6     ,            ,           ,  , , ,  14.82  , d, 0.19   ,1/2+*         ,9,1947, B-=100
225,890,225Ac,  , 21637       ,   5       ,            ,           ,  , , ,   9.9190, d, 0.0021 ,3/2-          ,9,1947, A=100;14C=5.3e-10 13
225,900,225Th,  , 22310       ,   5       ,            ,           ,  , , ,   8.75  , m, 0.04   ,3/2+          ,9,1949, A~90;EC ?
225,910,225Pa,  , 24360       ,  80       ,            ,           ,  , , ,   1.71  , s, 0.10   ,5/2-#         ,9,1958, A=100
225,920,225U ,  , 27372       ,  10       ,            ,           ,  , , ,  62     ,ms, 4      ,5/2+#         ,9,1989, A=100
225,930,225Np,  , 31620       ,  90       ,            ,           ,  , , ,   6.5   ,ms, 3.5    ,9/2-#         ,9,1994, A=100;B+ ?
225,940,225Pu,  , 36300#      , 300#      ,            ,           ,  , , , 100#    ,us,        ,7/2+#         ,,, A ?;SF ?
225,950,225Am,  , 42390#      , 400#      ,            ,           ,  , , , 100#    ,us,        ,9/2-#         ,,, A ?;SF ?
226,840,226Po,  , 37550#      , 400#      ,            ,           ,  , , ,   1#    , m, >300ns ,0+            ,11,2010, B- ?
226,850,226At,  , 34660#      , 300#      ,            ,           ,  , , ,   7#    , m, >300ns ,2+#           ,11,2010, B- ?;B-n ?
226,860,226Rn,  , 28747       ,  10       ,            ,           ,  , , ,   7.4   , m, 0.1    ,0+            ,96,1969, B-=100
226,870,226Fr,  , 27521       ,   6       ,            ,           ,  , , ,  48.5   , s, 0.7    ,1-*           ,96,1969, B-=100
226,880,226Ra,  , 23667.6     ,   1.9     ,            ,           ,  , , ,   1.600 ,ky, 0.007  ,0+            ,96,1898, A=100;14C=2.6e-9 6;2B- ?
226,890,226Ac,  , 24309       ,   3       ,            ,           ,  , , ,  29.37  , h, 0.12   ,(1-)          ,96,1950, B-=83 3;EC=17 3;A=0.006 2
226,900,226Th,  , 23198       ,   4       ,            ,           ,  , , ,  30.70  , m, 0.03   ,0+            ,96,1948, A=100;18O<3.2e-12
226,910,226Pa,  , 26034       ,  11       ,            ,           ,  , , ,   1.8   , m, 0.2    ,1-#           ,96,1949, A=74 5;B+=26 5
226,920,226U ,  , 27329       ,  11       ,            ,           ,  , , , 269     ,ms, 6      ,0+            ,14,1973, A=100
226,930,226Np,  , 32820       , 100       ,            ,           ,  , , ,  35     ,ms, 10     ,              ,96,1990, A=100;B+ ?
226,940,226Pu,  , 35630#      , 200#      ,            ,           ,  , , ,  10#    ,ms,        ,0+            ,,, A ?;SF ?
226,950,226Am,  , 42970#      , 300#      ,            ,           ,  , , , 100#    ,us,        ,              ,,, A ?;SF ?
227,840,227Po,  , 42280#      , 400#      ,            ,           ,  , , ,   2#    , s, >300ns ,5/2+#         ,16,2010, B- ?
227,850,227At,  , 37430#      , 300#      ,            ,           ,  , , ,   5#    , s, >300ns ,1/2+#         ,16,2010, B- ?;B-n ?
227,860,227Rn,  , 32886       ,  14       ,            ,           ,  , , ,  20.2   , s, 0.4    ,(3/2+)*       ,16,1986, B-=100
227,870,227Fr,  , 29682       ,   6       ,            ,           ,  , , ,   2.47  , m, 0.03   ,1/2+*         ,16,1972, B-=100
227,880,227Ra,  , 27177.5     ,   1.9     ,            ,           ,  , , ,  42.2   , m, 0.5    ,3/2+*         ,16,1953, B-=100
227,890,227Ac,  , 25849.5     ,   1.9     ,            ,           ,  , , ,  21.772 , y, 0.003  ,3/2-*         ,16,1851, B-=98.62 36;A=1.38 36
227,900,227Th,  , 25804.8     ,   2.1     ,            ,           ,  , , ,  18.693 , d, 0.004  ,(1/2+)        ,16,1906, A=100
227,910,227Pa,  , 26830       ,   7       ,            ,           ,  , , ,  38.3   , m, 0.3    ,(5/2-)        ,16,1948, A=85 2;EC=15 2
227,920,227U ,  , 29045       ,   9       ,            ,           ,  , , ,   1.1   , m, 0.1    ,(3/2+)        ,16,1952, A=100;B+ ?
227,930,227Np,  , 32580       ,  80       ,            ,           ,  , , , 510     ,ms, 60     ,5/2+#         ,16,1990, A~100;B+ ?
227,940,227Pu,  , 36770#      , 100#      ,            ,           ,  , , ,   2#    , s,        ,5/2+#         ,,, A ?
227,950,227Am,  , 42180#      , 200#      ,            ,           ,  , , ,  20#    ,ms,        ,9/2-#         ,,, A ?;SF ?
228,850,228At,  , 41880#      , 400#      ,            ,           ,  , , ,   1#    , m, >300ns ,3+#           ,14,2010, B- ?;B-n ?
228,860,228Rn,  , 35243       ,  18       ,            ,           ,  , , ,  65     , s, 2      ,0+            ,14,1989, B-=100
228,870,228Fr,  , 33384       ,   7       ,            ,           ,  , , ,  38     , s, 1      ,2-*           ,14,1972, B-=100
228,871,228Fr,m , 34390       ,  30       , 1004       ,  30       ,  , , , 180     , s, 110    ,              ,,2008, IT ?; B- ?
228,880,228Ra,  , 28940.2     ,   2.0     ,            ,           ,  , , ,   5.75  , y, 0.03   ,0+            ,14,1907, B-=100
228,890,228Ac,  , 28894.7     ,   2.1     ,            ,           ,  , , ,   6.15  , h, 0.02   ,3+*           ,14,1908, B-=100
228,891,228Ac,m , 29430       ,  30       ,  539       ,  30       ,  , , , 180     , s, 70     ,              ,,2008, IT ?; B- ?
228,900,228Th,  , 26770.9     ,   1.8     ,            ,           ,  , , ,   1.9125, y, 0.0007 ,0+            ,14,1905, A=100;20O=1.13e-11 22
228,910,228Pa,  , 28924       ,   4       ,            ,           ,  , , ,  22     , h, 1      ,3+            ,14,1948, B+=98.15 17;A=1.85 17
228,920,228U ,  , 29220       ,  13       ,            ,           ,  , , ,   9.1   , m, 0.2    ,0+            ,14,1949, A=97.5 1.4;EC=2.5 14
228,930,228Np,  , 33830#      , 100#      ,            ,           ,  , , ,  61.4   , s, 1.4    ,4+#           ,14,1994, EC=59 7;A=41 7;B+SF=0.012 6
228,940,228Pu,  , 36108       ,  23       ,            ,           ,  , , ,   2.1   , s, 1.3    ,0+            ,14,1994, A~100;B+ ?
228,950,228Am,  , 42850#      , 200#      ,            ,           ,  , , , 100#    ,ms,        ,              ,,, A ?;SF ?
229,850,229At,  , 44890#      , 400#      ,            ,           ,  , , ,   1#    , s, >300ns ,1/2+#         ,11,2010, B- ?;B-n ?
229,860,229Rn,  , 39362       ,  13       ,            ,           ,  , , ,  11.9   , s, 1.3    ,(5/2+)*       ,9,2009, B-=100
229,870,229Fr,  , 35668       ,   5       ,            ,           ,  , , ,  50.2   , s, 0.4    ,(1/2+)        ,8,1975, B-=100
229,880,229Ra,  , 32562       ,  15       ,            ,           ,  , , ,   4.0   , m, 0.2    ,5/2+*         ,8,1975, B-=100
229,890,229Ac,  , 30690       ,  12       ,            ,           ,  , , ,  62.7   , m, 0.5    ,3/2+          ,8,1952, B-=100
229,900,229Th,  , 29585.5     ,   2.4     ,            ,           ,  , , ,   7.916 ,ky, 0.017  ,5/2+*         ,8,1947, A=100
229,901,229Th,m , 29585.5     ,   2.4     ,    0.00815 ,   0.00010 ,  , , ,   7     ,us, 1      ,(3/2+)        ,8,1994, IT=100
229,910,229Pa,  , 29897       ,   3       ,            ,           ,  , , ,   1.55  , d, 0.04   ,5/2+          ,8,1949, EC=99.51 5;A=0.49 5
229,911,229Pa,m , 29909       ,   3       ,   12.20    ,   0.04    ,  , , , 420     ,ns, 30     ,3/2-          ,8,1982, IT=100
229,920,229U ,  , 31211       ,   6       ,            ,           ,  , , ,  57.8   , m, 0.5    ,3/2+          ,8,1949, B+~80;A~20
229,930,229Np,  , 33800       , 100       ,            ,           ,  , , ,   4.00  , m, 0.18   ,5/2+#         ,8,1968, A=68 11;B+ ?
229,933,229Np,p , 33960#      , 110#      ,  160#      ,  50#      ,  , , ,         ,  ,        ,5/2-#         ,,,
229,940,229Pu,  , 37390       ,  60       ,            ,           ,  , , ,  91     , s, 26     ,3/2+#         ,8,1994, A~50 20;B+~50 20;SF<7
229,950,229Am,  , 42180       , 110       ,            ,           ,  , , ,   1.8   , s, 1.5    ,5/2-#         ,15,2015, A~100;B+ ?
229,953,229Am,p , 42440#      , 230#      ,  260#      , 200#      ,  , , ,       ,,,,,,
230,860,230Rn,  , 42170#      , 200#      ,            ,           ,  , , ,  24#    , s, >300ns ,0+            ,12,2010, B- ?
230,870,230Fr,  , 39487       ,   7       ,            ,           ,  , , ,  19.1   , s, 0.5    ,2+#           ,12,1987, B-=100
230,880,230Ra,  , 34516       ,  10       ,            ,           ,  , , ,  93     , m, 2      ,0+            ,12,1978, B-=100
230,890,230Ac,  , 33838       ,  16       ,            ,           ,  , , , 122     , s, 3      ,(1+)          ,12,1973, B-=100;B-SF=1.2e-6 4
230,900,230Th,  , 30862.5     ,   1.2     ,            ,           ,  , , ,  75.4   ,ky, 0.3    ,0+            ,12,1907, IS=0.02 2;A=100;SF<4e-12;24Ne=5.8e-11 13
230,910,230Pa,  , 32174       ,   3       ,            ,           ,  , , ,  17.4   , d, 0.5    ,2-            ,14,1948, B+=92.2 7;B-=7.8 7;A=0.0032 1
230,920,230U ,  , 31615       ,   5       ,            ,           ,  , , ,  20.23  , d, 0.02   ,0+            ,12,1948, A=100;22Ne=4.8e-12 20;SF ?
230,930,230Np,  , 35240       ,  60       ,            ,           ,  , , ,   4.6   , m, 0.3    ,4+#           ,12,1968, B+<97;A>3
230,940,230Pu,  , 36932       ,  14       ,            ,           ,  , , , 105     , s, 10     ,0+            ,12,1990, A~100;B+ ?
230,950,230Am,  , 42870#      , 140#      ,            ,           ,  , , ,  40     , s, 9      ,1-#           ,12,2003, B+~100;B+SF>30
231,860,231Rn,  , 46550#      , 300#      ,            ,           ,  , , ,   2#    , s, >300ns ,1/2+#         ,13,2010, B- ?
231,870,231Fr,  , 42081       ,   8       ,            ,           ,  , , ,  17.6   , s, 0.6    ,(1/2+)        ,13,1985, B-=100
231,880,231Ra,  , 38216       ,  11       ,            ,           ,  , , , 104     , s, 1      ,(5/2+)*       ,13,1983, B-=100
231,881,231Ra,m , 38282       ,  11       ,   66.21    ,   0.09    ,  , , , ~53     ,us,        ,(1/2+)        ,13,2001, IT=100
231,890,231Ac,  , 35763       ,  13       ,            ,           ,  , , ,   7.5   , m, 0.1    ,1/2+          ,13,1973, B-=100
231,900,231Th,  , 33815.8     ,   1.2     ,            ,           ,  , , ,  25.52  , h, 0.01   ,5/2+          ,13,1911, B-=100
231,910,231Pa,  , 33424.3     ,   1.8     ,            ,           ,  , , ,  32.65  ,ky, 0.20   ,3/2-*         ,13,1918, IS=100;A=100;SF<3e-10;24Ne=13.4e-10 17;23F=9.9e-13
231,920,231U ,  , 33806.0     ,   2.7     ,            ,           ,  , , ,   4.2   , d, 0.1    ,5/2+#         ,13,1949, EC~100;A=0.004 1
231,930,231Np,  , 35620       ,  50       ,            ,           ,  , , ,  48.8   , m, 0.2    ,5/2+#         ,13,1950, B+=98 1;A=2 1
231,940,231Pu,  , 38309       ,  22       ,            ,           ,  , , ,   8.6   , m, 0.5    ,(3/2+)        ,13,1999, B+ ?;A=13 5
231,950,231Am,  , 42410#      , 300#      ,            ,           ,  , , ,   1#    , m,        ,5/2-#         ,,, B+ ?;A ?
231,960,231Cm,  , 47270#      , 300#      ,            ,           ,  , , ,  20#    , s,        ,3/2+#         ,,, B+ ?;A ?
232,870,232Fr,  , 46073       ,  14       ,            ,           ,  , , ,   5.5   , s, 0.6    ,(5)           ,6,1990, B-=100;B-SF ?
232,880,232Ra,  , 40497       ,   9       ,            ,           ,  , , ,   4.0   , m, 0.3    ,0+            ,6,1983, B-=100
232,890,232Ac,  , 39154       ,  13       ,            ,           ,  , , ,   1.98  , m, 0.08   ,(1+)          ,6,1986, B-=100
232,900,232Th,  , 35446.7     ,   1.4     ,            ,           ,  , , ,  14.0   ,Gy, 0.1    ,0+            ,6,1898, IS=99.98 2;A=100;SF=1.1e-9 4;24Ne+26Ne<2.78e-10;2B- ?
232,910,232Pa,  , 35947       ,   8       ,            ,           ,  , , ,   1.32  , d, 0.02   ,(2-)          ,6,1949, B-~100;EC ?
232,920,232U ,  , 34609.4     ,   1.8     ,            ,           ,  , , ,  68.9   , y, 0.4    ,0+            ,6,1949, A=100;24Ne=8.9e-10 7;SF=2.7e-12 6;28Mg<5e-12
232,930,232Np,  , 37360#      , 100#      ,            ,           ,  , , ,  14.7   , m, 0.3    ,(5-)          ,6,1950, B+~100;A ?
232,940,232Pu,  , 38361       ,  17       ,            ,           ,  , , ,  33.7   , m, 0.5    ,0+            ,6,1973, EC=?;A<20
232,950,232Am,  , 43420#      , 300#      ,            ,           ,  , , ,   1.31  , m, 0.04   ,1-#           ,6,1967, B+~97;A ?;B+SF=0.069 10
232,960,232Cm,  , 46330#      , 200#      ,            ,           ,  , , ,  10#    , s,        ,0+            ,,, B+ ?;A ?
233,870,233Fr,  , 48920       ,  20       ,            ,           ,  , , , 900     ,ms, 100    ,1/2+#         ,20,2010, B-=100;B-n ?
233,880,233Ra,  , 44334       ,   9       ,            ,           ,  , , ,  30     , s, 5      ,1/2+#         ,20,1990, B-=100
233,890,233Ac,  , 41308       ,  13       ,            ,           ,  , , , 143     , s, 10     ,(1/2+)        ,20,1983, B-=100
233,900,233Th,  , 38731.6     ,   1.4     ,            ,           ,  , , ,  21.83  , m, 0.04   ,1/2+          ,20,1935, B-=100
233,901,233Th,m , 38737.7     ,   1.4     ,    6.06    ,   0.02    ,  , , ,   2#    , s,        ,7/2-#         ,,, IT ?;B- ?
233,910,233Pa,  , 37489.4     ,   1.3     ,            ,           ,  , , ,  26.975 , d, 0.013  ,3/2-*         ,20,1938, B-=100
233,920,233U ,  , 36919.1     ,   2.3     ,            ,           ,  , , , 159.19  ,ky, 0.15   ,5/2+*         ,20,1947, A=100;SF<6e-11;24Ne=7.2e-11 9;28Mg<1.3e-13
233,930,233Np,  , 37950       ,  50       ,            ,           ,  , , ,  36.2   , m, 0.1    ,5/2+#         ,20,1950, B+~100;A~0.0007
233,933,233Np,p , 38000#      ,  60#      ,   50#      ,  30#      ,  , , ,         ,  ,        ,(5/2-)        ,,,
233,940,233Pu,  , 40050       ,  50       ,            ,           ,  , , ,  20.9   , m, 0.4    ,5/2+#         ,20,1957, B+~100;A=0.12 5
233,950,233Am,  , 43290#      , 110#      ,            ,           ,  , , ,   3.2   , m, 0.8    ,5/2-#         ,20,2000, B+ ?;A=4.5 9
233,960,233Cm,  , 47290       ,  80       ,            ,           ,  , , ,  27     , s, 10     ,3/2+#         ,20,2001, A=20 10;B+=80 10
233,970,233Bk,  , 52770#      , 230#      ,            ,           ,  , , ,  40     , s, 30     ,3/2-#         ,20,2015, A~82;B+ ?
234,880,234Ra,  , 46931       ,   8       ,            ,           ,  , , ,  30     , s, 10     ,0+            ,7,1990, B-=100;B-SF ?
234,890,234Ac,  , 44841       ,  14       ,            ,           ,  , , ,  45     , s, 2      ,1+#           ,7,1986, B-=100
234,891,234Ac,m , 44980       ,  30       ,  140       ,  30       ,  , , , >93     , s,        ,              ,,2008, B- ?;IT ?
234,892,234Ac,n , 45460       ,  30       ,  620       ,  30       ,  , , , 180     , s, 70     ,              ,,2008, B- ?;IT ?
234,900,234Th,  , 40613.0     ,   2.6     ,            ,           ,  , , ,  24.107 , d, 0.024  ,0+            ,7,1900, B-=100;A ?
234,910,234Pa,  , 40339       ,   4       ,            ,           ,  , , ,   6.70  , h, 0.05   ,4+            ,7,1913, B-=100
234,911,234Pa,m , 40417.9     ,   2.8     ,   79       ,   3       ,IT, , ,   1.159 , m, 0.011  ,(0-)          ,7,1951, B-~100;IT=0.16 4
234,920,234U ,  , 38145.0     ,   1.1     ,            ,           ,  , , , 245.5   ,ky, 0.6    ,0+            ,7,1912, IS=0.0054 5;A=100;SF=1.64e-9 22;28Mg=1.4e-11 3;24Ne+26Ne=9e-12 7
234,921,234U ,m , 39566.3     ,   1.1     , 1421.257   ,   0.017   ,  , , ,  33.5   ,us, 2.0    ,6-            ,7,1963, IT=100
234,930,234Np,  , 39955       ,   8       ,            ,           ,  , , ,   4.4   , d, 0.1    ,(0+)          ,7,1949, B+=100
234,940,234Pu,  , 40350       ,   7       ,            ,           ,  , , ,   8.8   , h, 0.1    ,0+            ,7,1949, EC~94;A~6
234,950,234Am,  , 44460#      , 160#      ,            ,           ,  , , ,   2.32  , m, 0.08   ,0-#           ,7,1967, B+~100;A=0.039 12;B+SF=0.0066 18
234,960,234Cm,  , 46722       ,  17       ,            ,           ,  , , ,  52     , s, 9      ,0+            ,7,2001, B+~71;A~27;SF~2
234,970,234Bk,  , 53400#      , 150#      ,            ,           ,  , , ,  20     , s, 5      ,3-#           ,7,2003, A>80;B+<20
235,880,235Ra,  , 51130#      , 300#      ,            ,           ,  , , ,   5#    , s,        ,5/2+#         ,,, B- ?
235,890,235Ac,  , 47357       ,  14       ,            ,           ,  , , ,  62     , s, 4      ,1/2+#         ,14,2006, B-=100
235,900,235Th,  , 44018       ,  13       ,            ,           ,  , , ,   7.2   , m, 0.1    ,1/2+#         ,14,1969, B-=100
235,910,235Pa,  , 42289       ,  14       ,            ,           ,  , , ,  24.4   , m, 0.2    ,3/2-          ,14,1950, B-=100
235,920,235U ,  , 40918.8     ,   1.1     ,            ,           ,  , , , 704     ,My, 1      ,7/2-*         ,14,1935, IS=0.7204 6;A=100;SF=7e-9 2;20Ne=8e-10 4;25Ne~8e-10;28Mg=8e-10
235,921,235U ,m , 40918.9     ,   1.1     ,    0.076737,   0.000018,  , , ,  25.7   , m, 0.1    ,1/2+          ,14,1966, IT=100
235,922,235U ,n , 43420       , 300       , 2500       , 300       ,  , , ,   3.6   ,ms, 1.8    ,              ,14,2007, SF~100; IT ?
235,930,235Np,  , 41043.0     ,   1.4     ,            ,           ,  , , , 396.1   , d, 1.2    ,5/2+          ,14,1949, EC=99.99740 13;;A=0.00260 13
235,940,235Pu,  , 42182       ,  21       ,            ,           ,  , , ,  25.3   , m, 0.5    ,(5/2+)        ,14,1957, B+=99.9972 7;A=0.0028 7
235,950,235Am,  , 44620       ,  50       ,            ,           ,  , , ,  10.3   , m, 0.6    ,5/2-#         ,14,1996, B+=99.60 5;A=0.40 5
235,960,235Cm,  , 48010#      , 100#      ,            ,           ,  , , ,   7     , m, 3      ,5/2+#         ,14,1981, B+ ?;A=4 3
235,970,235Bk,  , 52770#      , 400#      ,            ,           ,  , , ,   1#    , m,        ,3/2-#         ,,, B+ ?;A ?
236,890,236Ac,  , 51220       ,  40       ,            ,           ,  , , ,   4.5   , m, 3.6    ,3+#           ,15,2010, B-=100
236,900,236Th,  , 46255       ,  14       ,            ,           ,  , , ,  37.3   , m, 1.5    ,0+            ,15,1973, B-=100
236,910,236Pa,  , 45334       ,  14       ,            ,           ,  , , ,   9.1   , m, 0.1    ,1(-)          ,6,1963, B-=100;B-SF=6e-8 4
236,920,236U ,  , 42444.6     ,   1.1     ,            ,           ,  , , ,  23.42  ,My, 0.04   ,0+            ,6,1951, A=100;SF=9.4e-8 4
236,921,236U ,m , 43497.1     ,   1.3     , 1052.5     ,   0.6     ,  , , , 100     ,ns, 4      ,4-            ,6,1973, IT=100
236,922,236U ,n , 45195       ,   3       , 2750       ,   3       ,  , , , 120     ,ns, 2      ,(0+)          ,6,1969, IT=87 6;SF=13 6;A ?
236,930,236Np,  , 43380       ,  50       ,            ,           ,  ,*, , 153     ,ky, 5      ,(6-)          ,6,1949, EC=86.3 8;B-=13.5 8;A=0.16 4
236,931,236Np,m , 43438       ,   7       ,   60       ,  50       ,IT,*, ,  22.5   , h, 0.4    ,(1-)          ,6,1949, EC=50 3;B-=50 3
236,933,236Np,p , 43616       ,  14       ,  240       ,  50       ,AD, , ,         ,  ,        ,(3-)          ,6,, 
236,940,236Pu,  , 42901.5     ,   1.8     ,            ,           ,  , , ,   2.858 , y, 0.008  ,0+            ,6,1949, A=100;SF=1.9e-7 4;28Mg=2e-12;2B+ ?
236,941,236Pu,m , 44087.0     ,   1.8     , 1185.45    ,   0.15    ,  , , ,   1.2   ,us, 0.3    ,5-            ,6,2005, IT=100
236,950,236Am,  , 46040#      , 120#      ,            ,           ,  , , ,   3.6   , m, 0.1    ,5-            ,6,1998, B+~100;A=4.0e-3 1
236,951,236Am,m , 46090#      , 130#      ,   50#      ,  50#      ,  , , ,   2.9   , m, 0.2    ,(1-)          ,6,2004, B+~100;A ?
236,960,236Cm,  , 47853       ,  18       ,            ,           ,  , , ,   6.8   , m, 0.8    ,0+            ,6,2010, B+=82 2;A=18 2;SF ?
236,970,236Bk,  , 53540#      , 360#      ,            ,           ,  , , ,  26     , s, 10     ,4+#           ,16,2017, B+~100;A ?;B+SF=0.04 2
237,890,237Ac,  , 54020#      , 400#      ,            ,           ,  , , ,  23#    , s,        ,1/2+#         ,,, B- ?
237,900,237Th,  , 49955       ,  16       ,            ,           ,  , , ,   4.8   , m, 0.5    ,5/2+#         ,6,1993, B-=100
237,910,237Pa,  , 47528       ,  13       ,            ,           ,  , , ,   8.7   , m, 0.2    ,1/2+          ,6,1954, B-=100
237,920,237U ,  , 45390.1     ,   1.2     ,            ,           ,  , , ,   6.752 , d, 0.002  ,1/2+          ,6,1940, B-=100
237,921,237U ,m , 45664.1     ,   1.6     ,  274.0     ,   1.0     ,  , , , 155     ,ns, 6      ,7/2-          ,6,1968, IT=100
237,930,237Np,  , 44871.6     ,   1.1     ,            ,           ,  , , ,   2.144 ,My, 0.007  ,5/2+*         ,6,1948, A=100;SF<2e-10;30Mg<4e-12
237,931,237Np,m , 45816.8     ,   1.1     ,  945.20    ,   0.10    ,  , , , 710     ,ns, 40     ,13/2-         ,6,1990, IT=100
237,940,237Pu,  , 45091.7     ,   1.7     ,            ,           ,  , , ,  45.64  , d, 0.04   ,7/2-          ,6,1949, EC=99.9958 4;A=0.0042 4
237,941,237Pu,m , 45237.2     ,   1.7     ,  145.543   ,   0.008   ,  , , , 180     ,ms, 20     ,1/2+          ,6,1972, IT=100
237,942,237Pu,n , 47990       , 250       , 2900       , 250       ,  , , ,   1.1   ,us, 0.1    ,              ,6,1970, SF~100; IT ?
237,950,237Am,  , 46570#      ,  60#      ,            ,           ,  , , ,  73.6   , m, 0.8    ,5/2-          ,6,1970, B+=99.975 3;A=0.025 3
237,960,237Cm,  , 49250       ,  70       ,            ,           ,  , , , >10#    , m,        ,5/2+#         ,6,2002, B+ ?;A=?
237,963,237Cm,p , 49450#      , 170#      ,  200#      , 150#      ,  , , ,         ,  ,        ,7/2-#         ,,, 
237,970,237Bk,  , 53210#      , 230#      ,            ,           ,  , , ,   2#    , m,        ,3/2-#         ,,, B+ ?;A ?
237,980,237Cf,  , 57940       , 100       ,            ,           ,  , , ,   0.8   , s, 0.2    ,5/2+#         ,6,1995, A=70 10;SF=30 10;B+ ?
238,900,238Th,  , 52530#      , 280#      ,            ,           ,  , , ,   9.4   , m, 2.0    ,0+            ,15,1999, B-=100
238,910,238Pa,  , 50894       ,  16       ,            ,           ,  , , ,   2.28  , m, 0.09   ,3-#           ,15,1968, B-=100;B-SF<2.6e-6
238,920,238U ,  , 47307.7     ,   1.5     ,            ,           ,  , , ,   4.463 ,Gy, 0.003  ,0+            ,15,1896, IS=99.2742 10;A=100;SF=5.44e-5 7;2B-=2.2e-10 3
238,921,238U ,m , 49865.6     ,   1.6     , 2557.9     ,   0.5     ,  , , , 280     ,ns, 6      ,0+            ,15,1979, IT=97.4 4;SF=2.6 4
238,930,238Np,  , 47454.6     ,   1.1     ,            ,           ,  , , ,   2.099 , d, 0.002  ,2+*           ,15,1949, B-=100
238,931,238Np,m , 49760#      , 200#      , 2300#      , 200#      ,  , , , 112     ,ns, 39     ,              ,15,1970, SF~100;IT ?
238,940,238Pu,  , 46163.1     ,   1.1     ,            ,           ,  , , ,  87.7   , y, 0.1    ,0+            ,15,1949, A=100;SF=1.9e-7 1;32Si~1.4e-14;28Mg+30Mg~6e-15
238,950,238Am,  , 48420       ,  60       ,            ,           ,  , , ,  98     , m, 3      ,1+            ,15,1950, B+=100;A=1.0e-4 4
238,951,238Am,m , 50920#      , 210#      , 2500#      , 200#      ,  , , ,  35     ,us, 18     ,              ,15,1967, SF~100;IT ?
238,960,238Cm,  , 49445       ,  12       ,            ,           ,  , , ,   2.2   , h, 0.4    ,0+            ,15,1994, EC ?;A=3.84 18;SF=0.048 2
238,970,238Bk,  , 54220#      , 260#      ,            ,           ,  , , ,   2.40  , m, 0.08   ,1#            ,15,1994, B+~100;A ?;B+SF=0.048 2
238,980,238Cf,  , 57280#      , 300#      ,            ,           ,  , , ,  21.1   ,ms, 1.3    ,0+            ,15,1995, SF=97.5 14;A=2.5 14
239,900,239Th,  , 56500#      , 400#      ,            ,           ,  , , ,   1#    , m,        ,7/2+#         ,,, B- ?
239,910,239Pa,  , 53340#      , 200#      ,            ,           ,  , , ,   1.8   , h, 0.5    ,1/2+#         ,14,1995, B-=100
239,920,239U ,  , 50572.7     ,   1.5     ,            ,           ,  , , ,  23.45  , m, 0.02   ,5/2+          ,14,1937, B-=100
239,921,239U ,m , 50706.5     ,   1.5     ,  133.7991  ,   0.0010  ,  , , , 780     ,ns, 40     ,1/2+          ,14,1975, IT=100
239,922,239U ,n , 53070#      , 900#      , 2500#      , 900#      ,  , , ,>250     ,ns,        ,              ,14,1994, SF ?; IT ?
239,930,239Np,  , 49311.0     ,   1.3     ,            ,           ,  , , ,   2.356 , d, 0.003  ,5/2+*         ,14,1940, B-=100;A ?
239,940,239Pu,  , 48588.2     ,   1.1     ,            ,           ,  , , ,  24.11  ,ky, 0.03   ,1/2+*         ,14,1946, A=100;SF=3.1e-10 6
239,941,239Pu,m , 48979.8     ,   1.1     ,  391.584   ,   0.003   ,  , , , 193     ,ns, 4      ,7/2-          ,14,1955, IT=100
239,942,239Pu,n , 51690       , 200       , 3100       , 200       ,  , , ,   7.5   ,us, 1.0    ,(5/2+)        ,14,1970, SF~100;IT ?
239,950,239Am,  , 49390.4     ,   2.0     ,            ,           ,  , , ,  11.9   , h, 0.1    ,5/2-          ,14,1949, EC=99.990 1;A=0.010 1
239,951,239Am,m , 51890       , 200       , 2500       , 200       ,  , , , 163     ,ns, 12     ,(7/2+)        ,14,1969, SF~100;IT ?
239,960,239Cm,  , 51150       , 150       ,            ,           ,  , , ,   2.5   , h, 0.4    ,7/2-#         ,14,1952, B+~100;A=6.2e-3 14
239,963,239Cm,p , 51390#      , 180#      ,  240#      , 100#      ,  , , ,>100#    ,ns,        ,1/2+          ,,, IT ?; B+ ?
239,970,239Bk,  , 54250#      , 210#      ,            ,           ,  ,*, , 100#    , s,        ,(7/2+)        ,14,1989, B+~100;A<0.01;SF<0.01
239,973,239Bk,p , 54290#      , 210#      ,   41       ,  11       ,AD,*, , >30#    ,us,        ,(3/2-)        ,,1989, IT ?; B+ ?
239,980,239Cf,  , 58200#      , 120#      ,            ,           ,  , , ,  28     , s, 2      ,5/2+#         ,14,1981, A=65 3;B+ ?
239,990,239Es,  , 63630#      , 300#      ,            ,           ,  , , ,   1#    , s,        ,3/2-#         ,,, A ?;B+ ?;SF ?
240,910,240Pa,  , 57010#      , 200#      ,            ,           ,  , , ,  20#    , s,        ,3+#           ,,, B- ?
240,920,240U ,  , 52715.5     ,   2.6     ,            ,           ,  , , ,  14.1   , h, 0.1    ,0+            ,8,1953, B-=100;A ?
240,930,240Np,  , 52316       ,  17       ,            ,           ,  ,*, ,  61.9   , m, 0.2    ,(5+)          ,8,1953, B-=100
240,931,240Np,m , 52334       ,  13       ,   18       ,  14       ,IT,*, ,   7.22  , m, 0.02   ,(1+)          ,8,1948, B-=99.88 1;IT=0.12 1
240,940,240Pu,  , 50125.3     ,   1.1     ,            ,           ,  , , ,   6.561 ,ky, 0.007  ,0+            ,8,1949, A=100;SF=5.796e-6 39;34Si<1.3e-11
240,941,240Pu,m , 51434.0     ,   1.1     , 1308.74    ,   0.05    ,  , , , 165     ,ns, 10     ,5-            ,8,1967, IT=100
240,950,240Am,  , 51510       ,  14       ,            ,           ,  , , ,  50.8   , h, 0.3    ,(3-)          ,8,1949, B+=100;A~1.9e-4 7
240,951,240Am,m , 54510       , 200       , 3000       , 200       ,  , , , 940     ,us, 40     ,              ,8,1967, SF~100;IT ?
240,960,240Cm,  , 51724.2     ,   1.9     ,            ,           ,  , , ,  30.4   , d, 3.7    ,0+            ,8,1949, A~100;EC ?;SF=3.9e-6 8
240,970,240Bk,  , 55660#      , 150#      ,            ,           ,  , , ,   4.8   , m, 0.8    ,7-#           ,8,1980, B+ ?;A ?;B+SF=0.0020 13
240,973,240Bk,p , 55900#      , 180#      ,  240#      , 100#      ,  , , ,         ,  ,        ,am            ,,,
240,980,240Cf,  , 57989       ,  18       ,            ,           ,  , , ,  40.3   , s, 0.9    ,0+            ,8,1970, A=98.5 2;SF=1.5 2;B+ ?
240,990,240Es,  , 64230#      , 370#      ,            ,           ,  , , ,   6.0   , s, 1.7    ,4-#           ,,2017, A=70 1;B+=30 1;B+SF=0.16 6
241,910,241Pa,  , 59740#      , 300#      ,            ,           ,  , , ,  28#    , m,        ,1/2+#         ,,, B- ?
241,920,241U ,  , 56200#      , 200#      ,            ,           ,  , , ,   4#    , m,        ,7/2+#         ,15,, B- ?
241,930,241Np,  , 54320       , 100       ,            ,           ,  , , ,  13.9   , m, 0.2    ,(5/2+)        ,15,1959, B-=100;A ?
241,940,241Pu,  , 52955.1     ,   1.1     ,            ,           ,  , , ,  14.329 , y, 0.029  ,5/2+*         ,15,1949, B-~100;A=0.00245 8;SF<2.4e-14
241,941,241Pu,m , 53116.8     ,   1.1     ,  161.6853  ,   0.0009  ,  , , , 880     ,ns, 50     ,1/2+          ,15,1975, IT=100
241,942,241Pu,n , 55160       , 200       , 2200       , 200       ,  , , ,  20.5   ,us, 2.2    ,              ,15,1970, SF=100
241,950,241Am,  , 52934.3     ,   1.1     ,            ,           ,  , , , 432.6   , y, 0.6    ,5/2-*         ,15,1949, A=100;SF=3.6e-10 9
241,951,241Am,m , 55130       , 200       , 2200       , 200       ,  , , ,   1.2   ,us, 0.3    ,              ,15,1969, SF=100
241,960,241Cm,  , 53701.8     ,   1.6     ,            ,           ,  , , ,  32.8   , d, 0.2    ,1/2+          ,15,1952, EC=99.0 1;A=1.0 1
241,970,241Bk,  , 55980#      , 170#      ,            ,           ,  , , ,   4.6   , m, 0.4    ,(7/2+)        ,15,2003, B+=?;A ?
241,973,241Bk,p , 56030#      , 170#      ,   51       ,   3       ,AD, , , >25#    ,us,        ,(3/2-)        ,15,, IT ?
241,980,241Cf,  , 59330#      , 170#      ,            ,           ,  , , ,   2.35  , m, 0.18   ,7/2-#         ,15,1970, B+ ?;A=15 1
241,983,241Cf,p , 59480#      , 200#      ,  150#      , 100#      ,Nm, , ,         ,  ,        ,1/2+#         ,15,, 
241,990,241Es,  , 63890#      , 230#      ,            ,           ,  , , ,   5.1   , s, 0.8    ,3/2-#         ,15,1996, A~100;B+ ?
241,993,241Es,p , 64120#      , 250#      ,  230#      , 100#      ,  , , ,         ,  ,        ,am            ,,,
241,1000,241Fm,  , 69220#      , 300#      ,            ,           ,  , , , 730     ,us, 60     ,5/2+#         ,15,2008, SF=?;A<14;B+<12
242,920,242U ,  , 58620#      , 200#      ,            ,           ,  , , ,  16.8   , m, 0.5    ,0+            ,2,1979, B-=100
242,930,242Np,  , 57420       , 200       ,            ,           ,  ,*, ,   2.2   , m, 0.2    ,(1+)          ,2,1979, B-=100
242,931,242Np,m , 57470#      , 210#      ,   50#      ,  50#      ,  ,*, ,   5.5   , m, 0.1    ,(6+)          ,2,1981, B-=100
242,940,242Pu,  , 54716.9     ,   1.2     ,            ,           ,  , , , 375     ,ky, 2      ,0+            ,2,1950, A=100;SF=5.510e-4 41
242,950,242Am,  , 55468.0     ,   1.1     ,            ,           ,  , , ,  16.02  , h, 0.02   ,1-*           ,2,1949, B-=82.7 3;EC=17.3 3
242,951,242Am,m , 55516.6     ,   1.1     ,   48.60    ,   0.05    ,  , , , 141     , y, 2      ,5-            ,2,1950, IT=99.55 2;A=0.45 2;SF<4.7e-9
242,952,242Am,n , 57670       ,  80       , 2200       ,  80       ,  , , ,  14.0   ,ms, 1.0    ,"(2+,3-)       ",2,1962, SF~100;IT=?
242,960,242Cm,  , 54803.7     ,   1.1     ,            ,           ,  , , , 162.8   , d, 0.2    ,0+            ,2,1949, A=100;SF=6.2e-6 3;34Si=1.1e-14 4;2B+ ?
242,961,242Cm,m , 57600       , 100       , 2800       , 100       ,  , , , 180     ,ns, 70     ,              ,2,1971, SF ?;IT ?
242,970,242Bk,  , 57750#      , 140#      ,            ,           ,  , , ,   7.0   , m, 1.3    ,3+#           ,2,1972, B+~100;B+SF<3e-5;A ?
242,971,242Bk,m , 59750#      , 240#      , 2000#      , 200#      ,  , , , 600     ,ns, 100    ,              ,2,1972, SF~100;IT ?
242,973,242Bk,p , 57900       ,  90       ,  150#      , 100#      ,  , , ,         ,  ,        ,4-            ,,,
242,980,242Cf,  , 59387       ,  13       ,            ,           ,  , , ,   3.49  , m, 0.15   ,0+            ,2,1967, A=61 3;B+=39 3;SF<0.014
242,990,242Es,  , 64800#      , 260#      ,            ,           ,  , , ,  17.8   , s, 1.6    ,2+#           ,2,1994, A=57 3;B+=43 3;B+SF=0.6 2
242,1000,242Fm,  , 68400#      , 400#      ,            ,           ,  , , , 800     ,us, 200    ,0+            ,2,1975, SF~100;A ?
243,920,243U ,  , 62480#      , 300#      ,            ,           ,  , , ,  16#    , m,        ,9/2-#         ,,, B- ?
243,930,243Np,  , 59810#      ,  30#      ,            ,           ,  , , ,   1.85  , m, 0.15   ,5/2+#         ,14,1979, B-=100
243,933,243Np,p , 59926       ,  10       ,  120#      ,  30#      ,Nm, , ,         ,  ,        ,5/2-#         ,,,
243,940,243Pu,  , 57754.6     ,   2.5     ,            ,           ,  , , ,   4.9553, h, 0.0025 ,7/2+          ,14,1951, B-=100
243,941,243Pu,m , 58138.2     ,   2.5     ,  383.64    ,   0.25    ,  , , , 330     ,ns, 30     ,(1/2+)        ,14,1975, IT=100
243,950,243Am,  , 57175.0     ,   1.4     ,            ,           ,  , , ,   7.350 ,ky, 0.009  ,5/2-*         ,14,1950, A=100;SF=3.7e-9 9
243,951,243Am,m , 59480       , 200       , 2300       , 200       ,  , , ,   5.5   ,us, 0.5    ,              ,14,1970, SF~100;IT ?
243,960,243Cm,  , 57181.9     ,   1.5     ,            ,           ,  , , ,  29.1   , y, 0.1    ,5/2+*         ,14,1950, A~100;EC=0.29 3;SF=5.3e-9 9
243,961,243Cm,m , 57269.3     ,   1.5     ,   87.4     ,   0.1     ,  , , ,   1.08  ,us, 0.03   ,1/2+          ,14,1971, IT=100
243,963,243Cm,p , 57285       ,  15       ,  103       ,  15       ,AD, , ,         ,  ,        ,(7/2+)        ,14,1984, IT ?
243,970,243Bk,  , 58690       ,   5       ,            ,           ,  ,*, ,   4.6   , h, 0.2    ,3/2-          ,14,1950, B+~100;A~0.15
243,973,243Bk,p , 58710       ,  19       ,   20       ,  20       ,AD,*, , >30#    ,us,        ,(7/2+)        ,,, IT~100; B+ ?
243,980,243Cf,  , 60990#      , 180#      ,            ,           ,  , , ,  10.8   , m, 0.3    ,(1/2+)        ,14,1967, B+~86 3;A~14 3
243,990,243Es,  , 64750#      , 210#      ,            ,           ,  ,*, ,  22.1   , s, 1.4    ,(7/2+)        ,14,1973, A=61 6;B+ ?;SF<1
243,991,243Es,m , 64800#      , 220#      ,   50#      ,  50#      ,  ,*, , >50#    ,us,        ,3/2-#         ,,, IT ?;A ?;B+ ?
243,1000,243Fm,  , 69320#      , 130#      ,            ,           ,  , , , 231     ,ms, 9      ,7/2-#         ,14,1981, A=91 3;SF=9 3;B+ ?
244,930,244Np,  , 63240#      , 100#      ,            ,           ,  , , ,   2.29  , m, 0.16   ,7-#           ,17,1987, B-=100
244,940,244Pu,  , 59806.0     ,   2.3     ,            ,           ,  , , ,  81.3   ,My, 0.3    ,0+            ,17,1954, A=99.877 6;SF=0.123 6;2B-<7.3e-9
244,941,244Pu,m , 61022.0     ,   2.4     , 1216.0     ,   0.5     ,  , , ,   1.75  , s, 0.12   ,8-            ,17,2016, IT=100
244,950,244Am,  , 59879.1     ,   1.5     ,            ,           ,  , , ,  10.01  , h, 0.03   ,(6-)          ,17,1950, B-=100
244,951,244Am,m , 59968.4     ,   1.4     ,   89.3     ,   1.6     ,RQ, , ,  26.13  , m, 0.43   ,1+            ,17,1950, B-=99.9636 13;EC=0.0364 13
244,952,244Am,n , 61880#      , 200#      , 2000#      , 200#      ,  , , , 900     ,us, 150    ,              ,17,1967, SF~100;IT ?
244,953,244Am,p , 62080#      , 200#      , 2200#      , 200#      ,  , , ,  ~6.5   ,us,        ,              ,17,1969, SF~100;IT ?
244,960,244Cm,  , 58451.8     ,   1.1     ,            ,           ,  , , ,  18.11  , y, 0.03   ,0+            ,17,1950, A=100;SF=1.37e-4 2
244,961,244Cm,m , 59492.0     ,   1.1     , 1040.181   ,   0.011   ,  , , ,  34     ,ms, 2      ,6+            ,17,1963, IT=100
244,962,244Cm,n , 59550#      , 900#      , 1100#      , 900#      ,  , , ,>500     ,ns,        ,              ,17,1969, SF~100;IT ?
244,970,244Bk,  , 60714       ,  14       ,            ,           ,  , , ,   5.02  , h, 0.03   ,4-            ,17,1972, B+ ?;A=0.006 3
244,971,244Bk,m , 62210#      , 500#      , 1500#      , 500#      ,  , , , 820     ,ns, 60     ,              ,17,1972, SF~100;IT ?
244,973,244Bk,p , 60850#      ,  50#      ,  140#      ,  50#      ,  , , ,         ,  ,        ,am            ,,,
244,980,244Cf,  , 61478.1     ,   2.6     ,            ,           ,  , , ,  19.5   , m, 0.5    ,0+            ,17,1956, A=75 6;EC=25 6
244,990,244Es,  , 66030#      , 180#      ,            ,           ,  , , ,  37     , s, 4      ,6+#           ,17,1973, B+=95 3;A=5 3;B+SF=0.011 4
244,1000,244Fm,  , 68960#      , 200#      ,            ,           ,  , , ,   3.12  ,ms, 0.08   ,0+            ,17,1967, SF>97;B+<2;A<1
244,1010,244Md,  , 75600#      , 370#      ,            ,           ,  , , ,   0.36  , s, 0.14   ,3+#           ,,2020, A~100;B+ ?;B+SF<14
244,1011,244Md,m , 75800#      , 400#      ,  200#      , 150#      ,  , , ,  ~9     ,us,        ,7+#           ,,2020, IT=?;B+ ?
245,930,245Np,  , 65850#      , 200#      ,            ,           ,  , , ,   6#    , m,        ,5/2+#         ,,, B- ?
245,940,245Pu,  , 63178       ,  14       ,            ,           ,  , , ,  10.5   , h, 0.1    ,(9/2-)        ,11,1955, B-=100
245,941,245Pu,m , 63443       ,  14       ,  264.5     ,   0.3     ,  , , , 330     ,ns, 20     ,(5/2+)        ,11,2007, IT=100
245,942,245Pu,n , 65180       , 400       , 2000       , 400       ,  , , ,  90     ,ns, 30     ,              ,11,1971, SF~100;IT ?
245,950,245Am,  , 61900.4     ,   1.9     ,            ,           ,  , , ,   2.05  , h, 0.01   ,5/2+          ,11,1955, B-=100
245,951,245Am,m , 64300#      , 400#      , 2400#      , 400#      ,  , , , 640     ,ns, 60     ,              ,11,1972, SF~100;IT ?
245,960,245Cm,  , 61004.5     ,   1.1     ,            ,           ,  , , ,   8.25  ,ky, 0.07   ,7/2+*         ,11,1954, A=100;SF=6.1e-7 9
245,961,245Cm,m , 61360.4     ,   1.1     ,  355.92    ,   0.10    ,  , , , 290     ,ns, 20     ,1/2+          ,11,1975, IT=100
245,970,245Bk,  , 61813.8     ,   1.8     ,            ,           ,  ,*, ,   4.95  , d, 0.03   ,3/2-          ,11,1951, EC=99.88 10;A=0.12 1
245,973,245Bk,p , 61860#      ,  30#      ,   50#      ,  30#      ,  ,*, , >20#    ,us,        ,(7/2+)        ,,, IT ?; EC ?
245,980,245Cf,  , 63385.2     ,   2.4     ,            ,           ,  , , ,  45.0   , m, 1.5    ,1/2+          ,11,1956, B+=64.7 25;A=35.3 25
245,983,245Cf,p , 63442       ,   5       ,   57       ,   4       ,  , , ,>100#    ,ns,        ,(7/2+)        ,11,2004, IT=100
245,990,245Es,  , 66320#      , 170#      ,            ,           ,  ,*, ,   1.11  , m, 0.06   ,(3/2-)        ,11,1967, B+=51 6;A=49 6
245,991,245Es,m , 66350#      , 170#      ,   30#      ,  15#      ,  ,*, , >50#    ,us,        ,7/2+#         ,11,1967, IT ?;B+ ?; A ?
245,993,245Es,p , 66600       , 160       ,  283#      ,  15#      ,IT, , ,         ,  ,        ,(7/2-)        ,11,2005, IT=100
245,994,245Es,q , 66640#      , 190#      ,  330#      , 100#      ,  , , ,         ,  ,        ,(1/2-)        ,,,
245,1000,245Fm,  , 70190#      , 200#      ,            ,           ,  , , ,   4.2   , s, 1.3    ,1/2+#         ,11,1967, A~100;B+<7;SF<0.3
245,1010,245Md,  , 75330#      , 260#      ,            ,           ,  ,*,&,   0.38  , s, 0.10   ,(7/2-)        ,11,1996, A~100; B+ ?
245,1011,245Md,m , 75430#      , 280#      ,  100#      , 100#      ,  ,*,&,   0.90  ,ms, 0.25   ,1/2-#         ,11,1996, SF~100;A ?
246,940,246Pu,  , 65395       ,  15       ,            ,           ,  , , ,  10.84  , d, 0.02   ,0+            ,11,1955, B-=100
246,950,246Am,  , 64994#      ,  18#      ,            ,           ,  , , ,  39     , m, 3      ,7-            ,11,1955, B-=100
246,951,246Am,m , 65024       ,  15       ,   30#      ,  10#      ,  , , ,  25.0   , m, 0.2    ,2(-)          ,11,1955, B-~100;IT ?
246,952,246Am,n , 66990#      , 800#      , 2000#      , 800#      ,  , , ,  73     ,us, 10     ,              ,11,1972, SF~100;IT ?
246,960,246Cm,  , 62616.9     ,   1.5     ,            ,           ,  , , ,   4.706 ,ky, 0.040  ,0+            ,11,1954, A=99.97385 7;SF=0.02615 7
246,961,246Cm,m , 63796.6     ,   1.5     , 1179.66    ,   0.13    ,  , , ,   1.12  , s, 0.24   ,8-            ,11,2012, IT=100
246,970,246Bk,  , 63970       ,  60       ,            ,           ,  , , ,   1.80  , d, 0.02   ,2(-)          ,11,1954, B+~100;A ?
246,980,246Cf,  , 64090.2     ,   1.5     ,            ,           ,  , , ,  35.7   , h, 0.5    ,0+            ,11,1951, A=100;SF=2.4e-4 4;EC ?
246,990,246Es,  , 67820       ,  90       ,            ,           ,  , , ,   7.5   , m, 0.5    ,4-#           ,11,1954, B+=90.1 18;A=9.9 18;B+SF~0.003
246,993,246Es,p , 68010       , 100       ,  190       ,  50       ,  , , ,         ,  ,        ,2-#           ,,, 
246,994,246Es,q , 68200       ,  90       ,  379.5     ,   2.0     ,  , , ,         ,  ,        ,              ,,, 
246,1000,246Fm,  , 70191       ,  14       ,            ,           ,  , , ,   1.54  , s, 0.04   ,0+            ,11,1966, A=93.2 6;SF=6.8 6;EC<1.3
246,1010,246Md,  , 76120#      , 260#      ,            ,           ,  ,*, ,   0.92  , s, 0.18   ,1-#           ,11,1996, A=100
246,1011,246Md,m , 76170#      , 260#      ,   60       ,  60       ,AD,*, ,   4.4   , s, 0.8    ,4-#           ,11,2010, A=57 3;B+>77;B+SF>10;A<23
247,940,247Pu,  , 69210#      , 200#      ,            ,           ,  , , ,   2.27  , d, 0.23   ,1/2+#         ,15,1983, B-=100
247,950,247Am,  , 67150#      , 100#      ,            ,           ,  , , ,  23.0   , m, 1.3    ,5/2#          ,15,1967, B-=100
247,960,247Cm,  , 65533       ,   4       ,            ,           ,  , , ,  15.6   ,My, 0.5    ,9/2-*         ,15,1954, A=100
247,961,247Cm,m , 65760       ,   4       ,  227.38    ,   0.19    ,  , , ,  26.3   ,us, 0.3    ,5/2+          ,15,1968, IT=100
247,962,247Cm,n , 65938       ,   4       ,  404.90    ,   0.03    ,  , , , 100.6   ,ns, 0.6    ,1/2+          ,15,2003, IT=100
247,970,247Bk,  , 65490       ,   5       ,            ,           ,  , , ,   1.38  ,ky, 0.25   ,3/2-          ,15,1965, A~100;SF ?
247,980,247Cf,  , 66109       ,  14       ,            ,           ,  , , ,   3.11  , h, 0.03   ,(7/2+)        ,15,1954, EC=99.965 5;A=0.035 5
247,990,247Es,  , 68578       ,  19       ,            ,           ,  ,*, ,   4.55  , m, 0.26   ,(7/2+)        ,15,1967, B+~93;A~7;SF ?
247,991,247Es,m , 68630#      ,  50#      ,   50#      ,  50#      ,  ,*, , >20#    ,us,        ,(3/2-)        ,,, IT ?;B+ ?;A ?
247,1000,247Fm,  , 71670#      , 180#      ,            ,           ,  , , ,  31     , s, 1      ,(7/2+)        ,15,1967, A~64;B+ ?
247,1001,247Fm,m , 71720#      , 180#      ,   49       ,   8       ,AD, , ,   5.1   , s, 0.2    ,(1/2+)        ,15,1967, A=88 2;B+ ?;IT ?
247,1010,247Md,  , 75940#      , 210#      ,            ,           ,  , , ,   1.19  , s, 0.09   ,7/2-#         ,15,1981, A~100;SF<0.1
247,1011,247Md,m , 76200#      , 210#      ,  260       ,  40       ,AD, , , 250     ,ms, 40     ,1/2-#         ,15,1993, A=79 5;SF=21 5
248,950,248Am,  , 70560#      , 200#      ,            ,           ,  , , ,   3#    , m,        ,3+#           ,14,, B- ?
248,960,248Cm,  , 67392.7     ,   2.4     ,            ,           ,  , , , 348     ,ky, 6      ,0+            ,14,1956, A=91.61 16;SF=8.39 16;2B- ?
248,961,248Cm,m , 68850.8     ,   2.6     , 1458.1     ,   1.0     ,  , , , 146     ,us, 18     ,8-#           ,,2012, IT=100
248,970,248Bk,  , 68130       ,  50       ,            ,           ,  ,*, ,  >9     , y,        ,6+#           ,14,1956, A ?; EC ?
248,971,248Bk,m , 68108       ,  21       ,  -20       ,  50       ,  ,*, ,  23.7   , h, 0.2    ,1(-)          ,14,1956, B-=70 5;EC=30 5;A ?
248,973,248Bk,p , 68180#      ,  70#      ,   50#      ,  50#      ,  , , ,         ,  ,        ,(5-)          ,,,
248,980,248Cf,  , 67238       ,   5       ,            ,           ,  , , , 333.5   , d, 2.8    ,0+            ,14,1954, A~100;SF=0.0029 3
248,990,248Es,  , 70300#      ,  50#      ,            ,           ,  , , ,  24     , m, 3      ,2-#           ,14,1956, B+~100;A~0.25;B+SF=3.5e-4 18
248,1000,248Fm,  , 71898       ,   8       ,            ,           ,  , , ,  34.5   , s, 1.2    ,0+            ,14,1958, A~100;B+ ?;SF=0.10 5
248,1001,248Fm,m , 73100#      , 100#      , 1200#      , 100#      ,  , , ,  10.1   ,ms, 0.6    ,6+#           ,14,2010, IT ?;A ?;B+ ?
248,1010,248Md,  , 76950#      , 180#      ,            ,           ,  , , ,   7     , s, 3      ,              ,14,1973, B+=80 10;A=20 10;B+SF<0.05
248,1020,248No,  , 80690#      , 220#      ,            ,           ,  , , ,         ,  , <2us   ,0+            ,14,2003, SF ?
249,950,249Am,  , 73100#      , 300#      ,            ,           ,  , , ,   3#    , m,        ,5/2#          ,,, B- ?
249,960,249Cm,  , 70750.7     ,   2.4     ,            ,           ,  , , ,  64.15  , m, 0.03   ,1/2+          ,11,1956, B-=100
249,961,249Cm,m , 70799.5     ,   2.4     ,   48.76    ,   0.04    ,  , , ,  23     ,us,        ,7/2+          ,11,1966, A=100
249,970,249Bk,  , 69846.3     ,   1.2     ,            ,           ,  , , , 327.2   , d, 0.3    ,7/2+*         ,11,1954, B-~100;A=0.00145 8;SF=47e-9 2
249,971,249Bk,m , 69855.1     ,   1.2     ,    8.777   ,   0.014   ,  , , , 300     ,us,        ,3/2-          ,11,1960, IT=100
249,980,249Cf,  , 69722.7     ,   1.2     ,            ,           ,  , , , 351     , y, 2      ,9/2-          ,11,1954, A=100;SF=5.0e-7 4
249,981,249Cf,m , 69867.7     ,   1.2     ,  144.98    ,   0.05    ,  , , ,  45     ,us, 5      ,5/2+          ,11,1967, IT=100
249,990,249Es,  , 71180#      ,  30#      ,            ,           ,  , , , 102.2   , m, 0.6    ,7/2+          ,11,1956, B+~100;A=0.57 8
249,1000,249Fm,  , 73519       ,   6       ,            ,           ,  , , ,   1.6   , m, 0.1    ,7/2+          ,11,1960, B+ ?;A=33 9
249,1010,249Md,  , 77180       , 160       ,            ,           ,  ,*, ,  25.6   , s, 0.9    ,(7/2-)        ,11,1973, A=75 5;B+ ?
249,1011,249Md,m , 77280#      , 190#      ,  100#      , 100#      ,  ,*, ,   1.9   , s, 0.9    ,(1/2-)        ,11,2001, A=100
249,1020,249No,  , 81790#      , 280#      ,            ,           ,  , , ,  57     ,us, 12     ,5/2+#         ,11,2003, B+ ?;A ?
250,960,250Cm,  , 72990       ,  10       ,            ,           ,  , , ,8300#    , y,        ,0+            ,1,1966, SF~74;A ?;B- ?
250,970,250Bk,  , 72952.0     ,   2.9     ,            ,           ,  , , ,   3.212 , h, 0.005  ,2-            ,1,1954, B-=100
250,971,250Bk,m , 72987.6     ,   2.9     ,   35.59    ,   0.10    ,  , , ,  29     ,us, 1      ,4+            ,1,1966, IT=100
250,972,250Bk,n , 73038       ,   3       ,   85.6     ,   1.6     ,  , , , 213     ,us, 8      ,7+            ,1,1972, IT=100
250,973,250Bk,p , 73163.8     ,   2.9     ,  211.80    ,   0.20    ,  , , ,         ,  ,        ,2+            ,1,, IT=100
250,980,250Cf,  , 71170.3     ,   1.5     ,            ,           ,  , , ,  13.08  , y, 0.09   ,0+            ,1,1954, A=99.923 3;SF=0.077 3
250,990,250Es,  , 73230#      , 100#      ,            ,           ,  ,*, ,   8.6   , h, 0.1    ,6(+)          ,1,1956, B+~100;A ?
250,991,250Es,m , 73430#      , 180#      ,  200#      , 150#      ,  ,*, ,   2.22  , h, 0.05   ,1(-)          ,1,1970, B+~100;A ?
250,1000,250Fm,  , 74072       ,   8       ,            ,           ,  , , ,  31.0   , m, 1.1    ,0+            ,1,1954, A~100;SF=0.0069 10;EC ?
250,1001,250Fm,m , 75271       ,   8       , 1199.2     ,   1.0     ,  , , ,   1.92  , s, 0.05   ,(8-)          ,1,1973, IT~100;A ?;B+ ?;SF ?
250,1010,250Md,  , 78400       ,  90       ,            ,           ,  , , ,  54     , s, 4      ,2-#           ,1,1973, B+=93.0 8;A=7.0 8;B+SF=0.026 15
250,1011,250Md,m , 78520       ,  90       ,  120       ,  40       ,AD, , ,  42.4   , s, 4.5    ,7+#           ,,2019, A= ?;B+ ?;IT ?
250,1020,250No,  , 81570#      , 200#      ,            ,           ,  , , ,   5.08  ,us, 0.27   ,0+            ,6,2003, SF~100;A ?;B+ ?
250,1021,250No,m , 82620#      , 280#      , 1050#      , 200#      ,  , , ,  36.3   ,us, 2.3    ,(6+)          ,6,2001, SF~100;IT=?;A ?
251,960,251Cm,  , 76648       ,  23       ,            ,           ,  , , ,  16.8   , m, 0.2    ,(3/2+)        ,13,1978, B-=100
251,970,251Bk,  , 75228       ,  11       ,            ,           ,  , , ,  55.6   , m, 1.1    ,(3/2-)        ,13,1967, B-=100
251,971,251Bk,m , 75264       ,  11       ,   35.5     ,   1.3     ,  , , ,  58     ,us, 4      ,(7/2+)        ,13,1966, IT=100
251,980,251Cf,  , 74135       ,   4       ,            ,           ,  , , , 898     , y, 44     ,1/2+          ,13,1954, A~100;SF ?
251,981,251Cf,m , 74505       ,   4       ,  370.47    ,   0.03    ,  , , ,   1.3   ,us, 0.1    ,11/2-         ,13,1971, IT=100
251,990,251Es,  , 74512       ,   5       ,            ,           ,  , , ,  33     , h, 1      ,3/2-          ,13,1956, EC=99.5 2;A=0.5 2
251,991,251Es,m , 74520       ,   5       ,    8.4     ,   1.0     ,  , , ,>200#    ,us,        ,(7/2+)        ,13,, IT ?; EC ?
251,1000,251Fm,  , 75959       ,  14       ,            ,           ,  , , ,   5.30  , h, 0.08   ,9/2-          ,13,1957, B+=98.20 13;A=1.80 13
251,1001,251Fm,m , 76159       ,  14       ,  200.0     ,   0.1     ,  , , ,  21.8   ,us, 0.8    ,5/2+          ,13,1970, IT=100
251,1010,251Md,  , 78967       ,  19       ,            ,           ,  , , ,   4.21  , m, 0.23   ,(7/2-)        ,13,1973, B+ ?;A=10 1
251,1013,251Md,p , 79020       ,  18       ,   53       ,   8       ,AD, , ,  20#    , s,        ,(1/2-)        ,13,2006, A ?;IT ?
251,1020,251No,  , 82850#      , 180#      ,            ,           ,  , , , 800     ,ms, 10     ,(7/2+)        ,13,1967, A=83 16;B+ ?;SF<0.3
251,1021,251No,m , 82960#      , 180#      ,  106       ,   6       ,IT, , ,   1.02  , s, 0.03   ,(1/2+)        ,13,1997, A=100
251,1022,251No,n , 83980#      , 180#      , 1128.0     ,   1.0     ,  , , ,  >1.7   ,us,        ,17/2-#        ,13,2006, IT ?
251,1030,251Lr,  , 87830#      , 200#      ,            ,           ,  , , , 300#    ,us,        ,              ,,, B+ ?;A ?
252,960,252Cm,  , 79060#      , 300#      ,            ,           ,  , , ,   1#    , m,        ,0+            ,6,, B- ?; A ?
252,970,252Bk,  , 78540#      , 200#      ,            ,           ,  , , ,   1.8   , m, 0.5    ,              ,6,1988, B-=?;A ?
252,980,252Cf,  , 76034.6     ,   2.4     ,            ,           ,  , , ,   2.645 , y, 0.008  ,0+            ,6,1954, A=96.8972 27;SF=3.1028 27
252,990,252Es,  , 77290       ,  50       ,            ,           ,  , , , 471.7   , d, 1.9    ,(4+)          ,6,1956, A=78 2;EC=22 2
252,1000,252Fm,  , 76817       ,   5       ,            ,           ,  , , ,  25.39  , h, 0.04   ,0+            ,6,1956, A~100;SF=0.0023 2;2B+ ?
252,1010,252Md,  , 80470       ,  90       ,            ,           ,  , , ,   2.3   , m, 0.8    ,1+#           ,6,1973, B+~100;A ?
252,1013,252Md,p , 80550       ,  80       ,   80       , 120       ,  , , ,         ,  ,        ,am            ,,,
252,1020,252No,  , 82871       ,   9       ,            ,           ,  , , ,   2.467 , s, 0.016  ,0+            ,6,1967, A=67.6 5;SF=31.3 4;B+=1.1 3
252,1021,252No,m , 84125       ,   9       , 1254.1     ,   1.6     ,  , , ,  109.1  ,ms, 2.5    ,(8-)          ,,2007, IT=100
252,1030,252Lr,  , 88540#      , 190#      ,            ,           ,  , , , 369     ,ms, 75     ,7-#           ,6,2001, A~98;SF~2;B+ ?
252,1033,252Lr,p , 88710#      , 190#      ,  170       ,  30       ,AD, , ,         ,  ,  ,,,,
253,970,253Bk,  , 80930#      , 360#      ,            ,           ,  , , ,  60#    , m,        ,3/2-#         ,13,1991, B- ?
253,980,253Cf,  , 79302       ,   4       ,            ,           ,  , , ,  17.81  , d, 0.08   ,(7/2+)        ,13,1954, B-=99.69 4;A=0.31 4
253,990,253Es,  , 79010.5     ,   1.2     ,            ,           ,  , , ,  20.47  , d, 0.03   ,7/2+*         ,13,1954, A=100;SF=8.7e-6 3
253,991,253Es,m , 79117       ,   4       ,  106       ,   4       ,  , , , >10#    ,us,        ,3/2-#         ,13,, IT ?
253,1000,253Fm,  , 79345.5     ,   1.5     ,            ,           ,  , , ,   3.00  , d, 0.12   ,1/2+          ,13,1957, EC=88 1;A=12 1
253,1001,253Fm,m , 79486       ,   6       ,  140       ,   6       ,  , , ,>100#    ,ns,        ,7/2+#         ,,, IT ?
253,1002,253Fm,n , 79697       ,   6       ,  351       ,   6       ,  , , , 560     ,ns, 60     ,11/2-#        ,13,2011, IT=100
253,1010,253Md,  , 81170#      ,  30#      ,            ,           ,  , , ,  12     , m, 8      ,(7/2-)        ,13,1992, B+~100;A~0.7
253,1013,253Md,p , 81230#      ,  40#      ,   60       ,  30       ,  , , ,   1#    , m,        ,1/2-#         ,13,1971, A ?;IT ?
253,1020,253No,  , 84359       ,   7       ,            ,           ,  , , ,   1.57  , m, 0.02   ,9/2-*         ,13,1967, A=55 3;B+ ?;SF ?
253,1021,253No,m , 84527       ,   7       ,  167.5     ,   0.5     ,  , , ,  30.3   ,us, 1.6    ,5/2+          ,13,1973, A=100
253,1022,253No,n , 85560       , 110       , 1196       , 107       ,  , , , 706     ,us, 24     ,19/2+#        ,,2011, IT=100
253,1023,253No,p , 85620       , 110       , 1256       , 113       ,  , , , 552     ,us, 15     ,25/2+#        ,13,2011, IT=100
253,1030,253Lr,  , 88520       , 160       ,            ,           ,  ,*, , 632     ,ms, 46     ,(7/2-)        ,13,1985, A=90 10;SF=1.0 6;B+ ?
253,1031,253Lr,m , 88560#      , 190#      ,   30#      , 100#      ,  ,*, ,   1.32  , s, 0.14   ,(1/2-)        ,13,1985, A=90 10;SF=12 3;B+ ?;IT ?
253,1040,253Rf,  , 93640#      , 410#      ,            ,           ,  ,*, ,  13     ,ms, 5      ,(7/2)(+#)     ,6,1997, SF~100;A ?
253,1041,253Rf,m , 93840#      , 440#      ,  200#      , 150#      ,  ,*, ,  52     ,us, 14     ,(1/2)(+#)     ,6,1995, SF~100;A ?
254,970,254Bk,  , 84390#      , 300#      ,            ,           ,  , , ,   1#    , m,        ,              ,19,, B- ?
254,980,254Cf,  , 81341       ,  11       ,            ,           ,  , , ,  60.5   , d, 0.2    ,0+            ,19,1955, SF=99.69 2;A=0.31 2;2B- ?
254,990,254Es,  , 81994.2     ,   2.9     ,            ,           ,  , , , 275.7   , d, 0.5    ,7+            ,19,1954, A~100;EC ?;B-=1.74e-4 8;SF<3e-6
254,991,254Es,m , 82074.5     ,   2.7     ,   80.4     ,   1.1     ,AD, , ,  39.3   , h, 0.2    ,2+*           ,19,1954, B-=98 2;IT<3;A=0.32 1;EC=0.076 7;SF<0.045
254,1000,254Fm,  , 80902.5     ,   1.8     ,            ,           ,  , , ,   3.240 , h, 0.002  ,0+            ,19,1954, A=99.9408 3;SF=0.0592 3
254,1010,254Md,  , 83450#      , 100#      ,            ,           ,  ,*, ,  10     , m, 3      ,0-#           ,19,1970, B+~100;A ?
254,1011,254Md,m , 83500#      , 140#      ,   50#      , 100#      ,  ,*, ,  28     , m, 8      ,3-#           ,19,1970, B+~100;A ?
254,1020,254No,  , 84723       ,  10       ,            ,           ,  , , ,  51.2   , s, 0.4    ,0+            ,19,1966, A=90 1;B+=10 1;SF=0.17 2
254,1021,254No,m , 86019       ,  10       , 1296.4     ,   1.1     ,  , , , 264.9   ,ms, 1.4    ,(8-)          ,19,1973, IT=100;SF=0.020 12;A<0.01
254,1022,254No,n , 87940#      , 300#      , 3217#      , 300#      ,  , , , 184     ,us, 3      ,16+#          ,19,2006, IT=100;SF<0.012
254,1030,254Lr,  , 89650       ,  90       ,            ,           ,  , , ,  12.0   , s, 0.9    ,4+#           ,19,1981, A=71.7 19;B+=28.3 19;SF<0.1
254,1031,254Lr,m , 89750       ,  90       ,  107       ,  23       ,AD, , ,  20.3   , s, 4.1    ,1+#           ,19,2019, A=?;B+ ?;IT ?
254,1040,254Rf,  , 93200#      , 280#      ,            ,           ,  , , ,  22.9   ,us, 1.0    ,0+            ,19,1997, SF~100;A<1.5
254,1041,254Rf,m , 94500#      , 340#      , 1300#      , 200#      ,  , , ,   4.3   ,us, 0.7    ,8-#           ,19,2015, IT~100;SF<10
254,1042,254Rf,n , 95200#      , 570#      , 2000#      , 500#      ,  , , , 247     ,us, 73     ,16+#          ,19,2015, IT~100;SF<40
255,980,255Cf,  , 84810#      , 200#      ,            ,           ,  , , ,  85     , m, 18     ,(7/2+)        ,13,1981, B-=100;SF ?;A ?
255,990,255Es,  , 84089       ,  11       ,            ,           ,  , , ,  39.8   , d, 1.2    ,(7/2+)        ,13,1954, B-=92.0 4;A=8.0 4;SF=0.0041 2
255,1000,255Fm,  , 83800       ,   4       ,            ,           ,  , , ,  20.07  , h, 0.07   ,7/2+          ,13,1954, A=100;SF=2.4e-5 10
255,1003,255Fm,p , 84031       ,   4       ,  231.1     ,   0.2     ,  , , ,         ,  ,        ,9/2+          ,13,2013, IT=100
255,1010,255Md,  , 84842       ,   6       ,            ,           ,  ,*, ,  27     , m, 2      ,7/2-          ,13,1958, B+=93 1;A=7 1;SF ?
255,1013,255Md,p , 84850#      ,  70#      ,   10#      ,  70#      ,  ,*, ,   2#    , m,        ,1/2-#         ,13,, A ?;IT ?
255,1020,255No,  , 86812       ,  14       ,            ,           ,  , , ,   3.52  , m, 0.18   ,(1/2+)        ,13,1967, B+=70 5;A=30 5
255,1021,255No,m , 87020#      , 100#      ,  210#      , 100#      ,  , , ,   1#    , s,        ,11/2-#        ,,, IT ?; A ?
255,1023,255No,p , 86910#      ,  70#      ,  100#      ,  70#      ,Nm, , ,>100     ,ns,        ,7/2+#         ,,, IT ?
255,1030,255Lr,  , 89947       ,  18       ,            ,           ,  , , ,  31.1   , s, 1.1    ,(1/2-)        ,13,1971, A=99.7 1;B+=0.3 1;SF ?
255,1031,255Lr,m , 89988       ,  19       ,   41       ,   8       ,AD, , ,   2.54  , s, 0.05   ,(7/2-)        ,13,2006, IT ?;A~40
255,1032,255Lr,n , 90743       ,  22       ,  796       ,  12       ,  , , ,  <1     ,us,        ,(15/2+)       ,13,2009, IT~100
255,1033,255Lr,p , 91412       ,  22       , 1465       ,  12       ,  , , ,   1.78  ,ms, 0.05   ,(25/2+)       ,13,2008, IT~100;A<0.15
255,1040,255Rf,  , 94330#      , 180#      ,            ,           ,  , , ,   1.63  , s, 0.05   ,(9/2-)        ,13,1975, A=52.8 22;SF=47.2 22;B+<6
255,1041,255Rf,m , 94480#      , 180#      ,  150       ,  22       ,AD, , ,  43     ,us, 9      ,(5/2+)        ,,2015, IT=100
255,1042,255Rf,n , 95380#      , 200#      , 1050       ,  87       ,  , , ,  16     ,us, 5      ,19/2+#        ,,2020, IT=100
255,1043,255Rf,p , 95630#      , 200#      , 1300       ,  87       ,  , , ,  41     ,us, 10     ,25/2+#        ,,2020, IT=100
255,1050,255Db,  , 99600#      , 280#      ,            ,           ,  ,*, ,  54     ,ms,        ,9/2+#         ,13,1976, SF~67;A ?
255,1051,255Db,m , 99700#      , 300#      ,  100#      , 100#      ,  ,*, ,   2.8   ,ms,        ,1/2-#         ,,1976, SF~100;A ?
256,980,256Cf,  , 87040#      , 310#      ,            ,           ,  , , ,  12.3   , m, 1.2    ,0+            ,17,1980, SF=100;A ?;2B- ?
256,990,256Es,  , 87190#      , 100#      ,            ,           ,  ,*,&,   7.6   , h,        ,7+#           ,17,1976, B-~100;B-SF=0.002
256,991,256Es,m , 87190#      , 140#      ,    0#      , 100#      ,  ,*,&,  25.4   , m, 1.2    ,0+#           ,17,1981, B-=100
256,1000,256Fm,  , 85485       ,   3       ,            ,           ,  , , , 157.1   , m, 1.3    ,0+            ,17,1955, SF=91.9 3;A=8.1 3
256,1010,256Md,  , 87460#      , 120#      ,            ,           ,  ,*, ,  77.7   , m, 1.8    ,(1-)          ,17,1955, B+=90.8 7;A=9.2 7;SF<3
256,1011,256Md,m , 87620       ,  70       ,  160#      , 100#      ,  ,*, , 100#    , m,        ,7-#           ,,, B+ ?;A ?;SF ?
256,1013,256Md,p , 87700#      , 120#      ,  240#      , 140#      ,  , , ,         ,  ,        ,am            ,,,
256,1020,256No,  , 87823       ,   8       ,            ,           ,  , , ,   2.91  , s, 0.05   ,0+            ,17,1963, A=99.45 5;SF=0.55 5;EC ?
256,1030,256Lr,  , 91750       ,  80       ,            ,           ,  , , ,  27.9   , s, 1.0    ,"(0-,3-)#      ",17,1965, A=85 10;B+=15 10;SF<0.03
256,1033,256Lr,p , 91980#      ,  90#      ,  230#      ,  40#      ,  , , ,         ,  ,        ,              ,17,, 
256,1040,256Rf,  , 94222       ,  18       ,            ,           ,  , , ,   6.60  ,ms, 0.05   ,0+            ,17,1975, SF=99.69 10;A=0.31 10
256,1041,256Rf,m , 95340#      , 100#      , 1120#      , 100#      ,  , , ,  25     ,us, 2      ,4-#           ,17,2009, IT=100;SF ?
256,1042,256Rf,n , 95620#      , 100#      , 1400#      , 100#      ,  , , ,  17     ,us, 2      ,8-#           ,17,2009, IT=100;SF ?
256,1043,256Rf,p , 96620#      , 200#      , 2400#      , 200#      ,  , , ,  27     ,us, 5      ,              ,17,2009, IT=100;SF ?
256,1050,256Db,  ,100300#      , 190#      ,            ,           ,  , , ,   1.7   , s, 0.4    ,9-#           ,17,2001, A=70 11;B+=30 11;SF ?
257,990,257Es,  , 89400#      , 410#      ,            ,           ,  , , ,   7.7   , d, 0.2    ,7/2+#         ,13,1987, B-=100;A ?
257,1000,257Fm,  , 88590       ,   4       ,            ,           ,  , , , 100.5   , d, 0.2    ,9/2+          ,13,1964, A=99.790 4;SF=0.210 4
257,1010,257Md,  , 88992.5     ,   1.6     ,            ,           ,  , , ,   5.52  , h, 0.05   ,(7/2-)        ,13,1965, EC=85 3;A=15 3;SF ?
257,1020,257No,  , 90247       ,   6       ,            ,           ,  , , ,  24.5   , s, 0.5    ,(3/2+)        ,13,1967, A=85 8;B+=15 8;SF ?
257,1023,257No,p , 90550#      , 120#      ,  300#      , 120#      ,  , , ,         ,  ,        ,9/2+#         ,,,
257,1030,257Lr,  , 92670#      ,  40#      ,            ,           ,  ,*, ,   6.0   , s, 0.4    ,7/2-#         ,13,1971, A~100;B+ ?;SF ?
257,1031,257Lr,m , 92770#      ,  60#      ,  100#      ,  50#      ,  ,*, ,   0.27  , s, 0.12   ,1/2-#         ,,2018, A ?; IT ?
257,1033,257Lr,p , 92820#      , 110#      ,  150#      , 100#      ,  , , ,         ,  ,        ,am            ,13,, 
257,1040,257Rf,  , 95866       ,  11       ,            ,           ,  , , ,   5.0   , s, 0.2    ,(1/2+)        ,13,1969, A=89.3 14;B+=9.4 14;SF=1.3 3
257,1041,257Rf,m , 95940       ,  10       ,   73       ,  11       ,AD, , ,   4.5   , s, 0.2    ,11/2-#        ,13,1997, A=88.5 15;B+=11.5 15;SF ?
257,1042,257Rf,n , 97022       ,  10       , 1155       ,  11       ,AD, , , 106     ,us, 6      ,21/2+#        ,13,2009, IT=100
257,1050,257Db,  ,100150       , 160       ,            ,           ,  ,*, ,   2.3   , s, 0.2    ,9/2+#         ,13,1985, A>94;SF<6;B+ ?
257,1051,257Db,m ,100290#      , 200#      ,  140#      , 110#      ,  ,*, , 670     ,ms, 60     ,(1/2-)        ,13,1985, A>87;SF<13;B+ ?
258,990,258Es,  , 92700#      , 400#      ,            ,           ,  , , ,   4#    , m,        ,              ,,, B- ?;A ?
258,1000,258Fm,  , 90430#      , 200#      ,            ,           ,  , , , 370     ,us, 14     ,0+            ,17,1971, SF~100;A ?
258,1010,258Md,  , 91690       ,   3       ,            ,           ,  ,*, ,  51.59  , d, 0.29   ,8-#           ,17,1970, A~100;B+<0.0015;B-<0.0015
258,1011,258Md,m , 91690#      , 200#      ,    0#      , 200#      ,  ,*, ,  57.0   , m, 0.9    ,1-#           ,17,1980, EC=85 15;SF<15;B- ?;A<1.2
258,1020,258No,  , 91480#      , 100#      ,            ,           ,  , , ,   1.23  ,ms, 0.12   ,0+            ,17,1989, SF~100;A ?
258,1030,258Lr,  , 94780#      , 100#      ,            ,           ,  , , ,   3.92  , s, 0.33   ,              ,17,1971, A=97.4 18;B+=2.6 18
258,1033,258Lr,p , 95020#      , 140#      ,  240#      , 100#      ,  , , ,         ,  ,        ,am            ,,,
258,1040,258Rf,  , 96344       ,  16       ,            ,           ,  , , ,  12.5   ,ms, 0.5    ,0+            ,17,1969, SF=95.1 16;A=4.9 16
258,1041,258Rf,m , 97540#      , 300#      , 1200#      , 300#      ,  , , ,   3.4   ,ms, 1.7    ,              ,17,2016, IT= ?; A ?; B+ ?
258,1042,258Rf,n , 97840#      , 500#      , 1500#      , 500#      ,  , , ,  15     ,us, 10     ,              ,17,2016, IT ?; SF ?
258,1050,258Db,  ,101510       ,  90       ,            ,           ,  , ,&,   2.17  , s, 0.36   ,0-#           ,17,1985, A=64 10;B+=36 10
258,1051,258Db,m ,101560       ,  90       ,   53       ,  14       ,AD, ,&,   4.41  , s, 0.21   ,5+#           ,17,1981, A=77 8;B+=23 8;SF ?
258,1060,258Sg,  ,105300#      , 410#      ,            ,           ,  , , ,   2.7   ,ms, 0.5    ,0+            ,17,1997, SF~100;A ?
259,1000,259Fm,  , 93700#      , 280#      ,            ,           ,  , , ,   1.5   , s, 0.2    ,              ,13,1980, SF=100
259,1010,259Md,  , 93560#      , 100#      ,            ,           ,  , , ,   1.60  , h, 0.06   ,7/2-#         ,13,1982, SF~100;A ?
259,1020,259No,  , 94079       ,   6       ,            ,           ,  , , ,  58     , m, 5      ,9/2+          ,13,1973, A=75 4;EC=25 4;SF<10
259,1023,259No,p , 94310#      , 150#      ,  230#      , 150#      ,  , , ,       ,,,,,,
259,1030,259Lr,  , 95850#      ,  70#      ,            ,           ,  , , ,   6.2   , s, 0.3    ,1/2-#         ,13,1971, A=78 2;SF=22 2;B+ ?
259,1033,259Lr,p , 96200#      , 170#      ,  350#      , 150#      ,  , , ,       ,,,,,,
259,1040,259Rf,  , 98370#      ,  70#      ,            ,           ,  , , ,   2.63  , s, 0.26   ,3/2+#         ,13,1969, A=85 4;B+=15 4;SF<3
259,1043,259Rf,p , 98430#      , 100#      ,   60       ,  70       ,Nm, , ,         ,  ,        ,(7/2+)        ,,,
259,1044,259Rf,q , 98570#      , 110#      ,  210       ,  90       ,Nm, , ,         ,  ,        ,(9/2+)        ,,,
259,1050,259Db,  ,101990       ,  60       ,            ,           ,  , , , 510     ,ms, 160    ,9/2+#         ,13,2001, A=100
259,1060,259Sg,  ,106520#      , 180#      ,            ,           ,  , , , 402     ,ms, 56     ,(11/2-)       ,13,1985, A~100;SF ?;B+ ?
259,1061,259Sg,m ,106610#      , 180#      ,   87       ,  22       ,AD, , , 226     ,ms, 27     ,(1/2+)        ,,2015, A~97 1;SF~3 1;B+ ?
260,1000,260Fm,  , 95770#      , 440#      ,            ,           ,EU, , ,   1#    , m,        ,0+            ,,, SF ?
260,1010,260Md,  , 96550#      , 320#      ,            ,           ,  , , ,  27.8   , d, 0.8    ,              ,99,1989, SF~100;A<5;EC<5;B-<3.5
260,1020,260No,  , 95610#      , 200#      ,            ,           ,  , , , 106     ,ms, 8      ,0+            ,99,1985, SF=100
260,1030,260Lr,  , 98280#      , 130#      ,            ,           ,  , , ,   3.0   , m, 0.5    ,              ,99,1971, A=80 20;B+=20 20
260,1040,260Rf,  , 99150#      , 200#      ,            ,           ,  , , ,  21     ,ms, 1      ,0+            ,99,1985, SF~100;A ?;B+ ?
260,1050,260Db,  ,103670#      ,  90#      ,            ,           ,  , , ,   1.52  , s, 0.13   ,              ,99,1970, A=90.4 6;SF=9.6 6;B+ ?
260,1053,260Db,p ,103770#      , 180#      ,  100#      , 150#      ,  , , ,       ,,,,,,
260,1060,260Sg,  ,106547       ,  21       ,            ,           ,  , , ,   4.95  ,ms, 0.33   ,0+            ,99,1984, SF=71 3;A=29 3
260,1070,260Bh,  ,113120#      , 200#      ,            ,           ,  , , ,  41     ,ms, 14     ,              ,16,2008, A~100;B+ ?;SF ?
261,1010,261Md,  , 98580#      , 510#      ,            ,           ,  , , ,  40#    , m,        ,7/2-#         ,,, A ?
261,1020,261No,  , 98460#      , 200#      ,            ,           ,  , , ,   3#    , h,        ,              ,,, A ?
261,1030,261Lr,  , 99560#      , 200#      ,            ,           ,  , , ,  39     , m, 12     ,1/2-#         ,99,1987, SF~100;A ?
261,1040,261Rf,  ,101320       ,  70       ,            ,           ,  ,*,&,   2.1   , s, 0.2    ,3/2+#         ,15,1970, SF=82 4;A=18 4
261,1041,261Rf,m ,101390#      , 120#      ,   70#      , 100#      ,  ,*,&,  74     , s, 5      ,11/2-#        ,15,1970, A~100;B+ ?;SF ?
261,1043,261Rf,p ,101550#      , 120#      ,  230#      , 100#      ,  , , ,       ,,,,,,
261,1050,261Db,  ,104310#      , 110#      ,            ,           ,  , , ,   4.7   , s, 1.0    ,9/2+#         ,99,1970, SF=73 11;A=27 11
261,1053,261Db,p ,104590#      , 230#      ,  280#      , 200#      ,  , , ,       ,,,,,,
261,1060,261Sg,  ,108005       ,  18       ,            ,           ,  , , , 183     ,ms, 5      ,(3/2+)        ,99,1984, A=98.1 4;B+=1.3 3;SF=0.6 2
261,1061,261Sg,m ,108110#      ,  50#      ,  100#      ,  50#      ,  , , ,   9.3   ,us, 1.8    ,7/2+#         ,99,2010, IT=100
261,1070,261Bh,  ,113080       , 180       ,            ,           ,  , , ,  12.8   ,ms, 3.2    ,(5/2-)        ,99,1989, A~100;SF ?
262,1010,262Md,  ,101670#      , 450#      ,            ,           ,  , , ,   3#    , m,        ,              ,,, SF ?;A ?
262,1020,262No,  ,100100#      , 360#      ,            ,           ,  , , ,  ~5     ,ms,        ,0+            ,1,1988, SF=100;A ?
262,1030,262Lr,  ,102110#      , 200#      ,            ,           ,  , , ,  ~4     , h,        ,              ,1,1987, B+=?;SF<10;A ?
262,1040,262Rf,  ,102390#      , 220#      ,            ,           ,  , , , 250     ,ms, 100    ,0+            ,1,1985, SF~100
262,1041,262Rf,m ,103390#      , 460#      , 1000#      , 400#      ,  , , ,  47     ,ms, 5      ,"(8-,9-)#      ",,1978, SF=100
262,1050,262Db,  ,106250#      , 140#      ,            ,           ,  , , ,  34     , s, 4      ,              ,1,1971, SF=52 4;A=48 4;B+ ?
262,1053,262Db,p ,106300#      , 160#      ,   50#      ,  70#      ,  , , ,         ,  ,        ,              ,,, A ?
262,1060,262Sg,  ,108369       ,  22       ,            ,           ,  , , ,  10.3   ,ms, 1.7    ,0+            ,1,2001, SF=94 6;A ?
262,1063,262Sg,p ,109230       , 110       ,  860       , 110       ,AD, , ,         ,  ,        ,9-#           ,,,
262,1070,262Bh,  ,114250       ,  90       ,            ,           ,  , , ,  84     ,ms, 11     ,              ,1,1981, A~100;SF<20
262,1071,262Bh,m ,114470       , 110       ,  220       ,  70       ,AD, , ,   9.5   ,ms, 1.6    ,              ,1,1981, A~100;SF ?
263,1020,263No,  ,103130#      , 490#      ,            ,           ,  , , ,  20#    , m,        ,              ,,, A ?;SF ?
263,1030,263Lr,  ,103670#      , 220#      ,            ,           ,  , , ,   5#    , h,        ,1/2-#         ,,, A ?
263,1040,263Rf,  ,104760#      , 150#      ,            ,           ,  , , ,  11     , m, 3      ,              ,99,2003, SF~100;A ?
263,1043,263Rf,p ,105060#      , 250#      ,  300#      , 200#      ,  , , ,       ,,,,,,
263,1050,263Db,  ,107110#      , 170#      ,            ,           ,  , , ,  29     , s, 9      ,9/2+#         ,99,1992, SF=56 14;A=37 14;B+=6.9 16
263,1053,263Db,p ,107370#      , 260#      ,  260#      , 200#      ,  , , ,       ,,,,,,
263,1060,263Sg,  ,110200#      , 100#      ,            ,           ,  ,*, , 940     ,ms, 140    ,3/2+#         ,99,1974, A=87 8;SF=13 8
263,1061,263Sg,m ,110250#      , 100#      ,   51       ,  19       ,Nm,*, , 420     ,ms, 100    ,7/2+#         ,99,1995, A~100;SF ?;IT ?
263,1063,263Sg,p ,110290#      , 100#      ,  100       ,  30       ,AD, , ,         ,  ,  ,,,,
263,1070,263Bh,  ,114500#      , 310#      ,            ,           ,  , , , 200#    ,ms,        ,5/2-#         ,99,, A ?
263,1080,263Hs,  ,119680#      , 200#      ,            ,           ,  , , ,   0.9   ,ms, 0.4    ,3/2+#         ,99,2009, A~100;SF ?
263,1081,263Hs,m ,120000#      , 200#      ,  330       , 110       ,AD, , ,   1#    ,ms,        ,11/2-#        ,,, A~100;SF ?
264,1020,264No,  ,105010#      , 590#      ,            ,           ,  , , ,   1#    , m,        ,0+            ,,, A ?;SF ?
264,1030,264Lr,  ,106380#      , 440#      ,            ,           ,  , , ,  10#    , h,        ,              ,,, A ?;SF ?
264,1040,264Rf,  ,106080#      , 360#      ,            ,           ,  , , ,   1#    , h,        ,0+            ,,, A ?
264,1050,264Db,  ,109260#      , 240#      ,            ,           ,  , , ,   3#    , m,        ,              ,,, A ?
264,1060,264Sg,  ,110780#      , 280#      ,            ,           ,  , , ,  78     ,ms, 25     ,0+            ,6,2006, SF>80;A ?
264,1070,264Bh,  ,115960#      , 180#      ,            ,           ,  , , ,   1.07  , s, 0.21   ,              ,99,1995, A~86;SF~14;B+ ?
264,1073,264Bh,p ,116290#      , 230#      ,  330#      , 150#      ,  , , ,         ,  ,        ,am            ,,,
264,1080,264Hs,  ,119563       ,  29       ,            ,           ,  , , ,   0.7   , s, 0.3    ,0+            ,99,1986, A=70 30;SF=30 30
265,1030,265Lr,  ,108230#      , 550#      ,            ,           ,  , , ,  10#    , h,        ,1/2-#         ,,, A ?;SF ?
265,1040,265Rf,  ,108690#      , 360#      ,            ,           ,  , , ,   1.6   , m, 0.6    ,9/2+#         ,15,2010, SF~100;A ?
265,1050,265Db,  ,110380#      , 220#      ,            ,           ,  , , ,  15#    , m,        ,9/2+#         ,,, A ?
265,1060,265Sg,  ,112790#      , 140#      ,            ,           ,  ,*, ,   9.2   , s, 1.6    ,11/2-#        ,15,1994, A>50;SF ?
265,1061,265Sg,m ,112790#      , 130#      ,  -10#      , 160#      ,  ,*, ,  16.4   , s, 2.4    ,              ,15,1994, A>50;SF ?
265,1070,265Bh,  ,116400#      , 240#      ,            ,           ,  , , ,   1.19  , s, 0.52   ,5/2-#         ,99,2004, A=?
265,1080,265Hs,  ,120900       ,  24       ,            ,           ,  , , ,   1.96  ,ms, 0.16   ,3/2+#         ,99,1984, A~100;SF ?
265,1081,265Hs,m ,121130       ,  24       ,  229       ,  22       ,AD, , , 360     ,us, 150    ,11/2-#        ,99,1995, A~100;IT ?
265,1090,265Mt,  ,126620#      , 440#      ,            ,           ,  , , ,   2#    ,ms,        ,              ,,, A ?
266,1030,266Lr,  ,111660#      , 540#      ,            ,           ,  , , ,  22     , h, 14     ,              ,19,2014, SF=100
266,1040,266Rf,  ,110140#      , 410#      ,            ,           ,  , , ,   4#    , h,        ,0+            ,,, A ?;SF ?
266,1050,266Db,  ,112740#      , 280#      ,            ,           ,  , , ,  80     , m, 70     ,              ,19,2007, A ?;SF=?;B+ ?
266,1060,266Sg,  ,113620#      , 250#      ,            ,           ,  , , , 390     ,ms, 110    ,0+            ,19,2006, SF>90
266,1070,266Bh,  ,118100#      , 160#      ,            ,           ,  , , ,  10.6   , s, 2.2    ,              ,19,2000, A~100;B+ ?;SF ?
266,1080,266Hs,  ,121140       ,  27       ,            ,           ,  , , ,   3.0   ,ms, 0.6    ,0+            ,19,2001, A=76 9;SF=24 9
266,1081,266Hs,m ,122240       ,  90       , 1100       ,  90       ,AD, , , 280     ,ms, 220    ,9-#           ,,2011, A~100
266,1090,266Mt,  ,127670       , 100       ,            ,           ,  , , ,   2.0   ,ms, 0.5    ,              ,19,1982, A~100;SF ?
266,1091,266Mt,m ,128810       , 120       , 1140       ,  90       ,AD, , ,   6     ,ms, 3      ,              ,,1984, A=100
267,1040,267Rf,  ,113440#      , 580#      ,            ,           ,  , , ,   2.5   , h, 1.5    ,              ,5,2004, SF=100
267,1043,267Rf,p ,113520#      , 580#      ,   80#      , 100#      ,  , , ,       ,,,,,,
267,1050,267Db,  ,114010#      , 370#      ,            ,           ,  , , ,   2.0   , h, 1.1    ,9/2+#         ,5,2004, SF=100
267,1060,267Sg,  ,115810#      , 260#      ,            ,           ,  , , ,   1.8   , m, 0.7    ,              ,,2008, SF=83;A=17
267,1063,267Sg,p ,115830#      , 270#      ,   20#      ,  50#      ,  , , ,       ,,,,,,
267,1070,267Bh,  ,118770#      , 260#      ,            ,           ,  , , ,  22     , s, 10     ,5/2-#         ,5,2000, A=100
267,1080,267Hs,  ,122660#      , 100#      ,            ,           ,  ,*, ,  55     ,ms, 11     ,              ,5,1995, A>80;SF ?
267,1081,267Hs,m ,122700#      , 100#      ,   39       ,  24       ,AD,*, , 990     ,us, 90     ,              ,5,2004, A=?;IT ?
267,1090,267Mt,  ,127790#      , 500#      ,            ,           ,  , , ,  10#    ,ms,        ,              ,,, A ?
267,1100,267Ds,  ,133880#      , 200#      ,            ,           ,  , , ,  10     ,us, 8      ,3/2+#         ,5,1995, A=100
268,1040,268Rf,  ,115480#      , 660#      ,            ,           ,  , , ,   1#    , h,        ,0+            ,,, A ?;SF ?
268,1050,268Db,  ,117060#      , 530#      ,            ,           ,  , , ,  29     , h, 3      ,              ,19,2004, SF~100;B+ ?; A ?
268,1053,268Db,p ,117210#      , 540#      ,  150       ,  80       ,  , , ,      ,,,,,,
268,1060,268Sg,  ,116800#      , 470#      ,            ,           ,  , , ,   2#    , m,        ,0+            ,,, A ?;SF ?
268,1070,268Bh,  ,120710#      , 380#      ,            ,           ,  , , , 190#    , s,        ,              ,,, A ?;SF ?
268,1080,268Hs,  ,122970#      , 300#      ,            ,           ,  , , ,   1.4   , s, 1.1    ,0+            ,,2010, A~100
268,1090,268Mt,  ,129150#      , 230#      ,            ,           ,  , , ,  23     ,ms, 7      ,              ,19,1995, A=100
268,1100,268Ds,  ,133650#      , 300#      ,            ,           ,  , , , 100#    ,us,        ,0+            ,,, A ?
269,1050,269Db,  ,119150#      , 620#      ,            ,           ,  , , ,   3#    , h,        ,9/2+#         ,,, A ?;SF ?
269,1060,269Sg,  ,119690#      , 370#      ,            ,           ,  , , ,   5     , m, 2      ,              ,19,2010, A~100;SF ?
269,1070,269Bh,  ,121480#      , 370#      ,            ,           ,  , , ,   1#    , m,        ,5/2-#         ,,, A ?
269,1080,269Hs,  ,124490#      , 130#      ,            ,           ,  , , ,  15     , s, 7      ,9/2+#         ,5,1996, A=100
269,1090,269Mt,  ,129300#      , 310#      ,            ,           ,  , , , 100#    ,ms,        ,              ,,, A ?
269,1100,269Ds,  ,134830       ,  30       ,            ,           ,  , , , 230     ,us, 110    ,              ,5,1995, A=100
270,1050,270Db,  ,122400#      , 580#      ,            ,           ,  , , ,   1.7   , h, 1.0    ,              ,19,2010, SF~87; A~13
270,1060,270Sg,  ,121430#      , 460#      ,            ,           ,  , , ,   3#    , m,        ,0+            ,,, A ?;SF ?
270,1070,270Bh,  ,124230#      , 300#      ,            ,           ,  , , ,   3.8   , m, 3.0    ,              ,19,2007, A=100
270,1073,270Bh,p ,124920#      , 360#      ,  690#      , 200#      ,  , , ,       ,,,,,,
270,1080,270Hs,  ,125110#      , 250#      ,            ,           ,  , , ,   9     , s, 4      ,0+            ,19,2003, A~100;SF ?
270,1090,270Mt,  ,130710#      , 190#      ,            ,           ,  , , , 800     ,ms, 400    ,              ,19,2004, A~100
270,1100,270Ds,  ,134680       ,  40       ,            ,           ,  , , , 205     ,us, 48     ,0+            ,19,2001, A~100;SF ?
270,1101,270Ds,m ,136070       ,  60       , 1390       ,  60       ,AD, , ,   4.3   ,ms, 1.2    ,10-#          ,19,2001, A~70;IT~30
271,1060,271Sg,  ,124620#      , 590#      ,            ,           ,  , , ,   2.2   , m, 1.1    ,              ,6,2004, A=42 23;SF=58 23
271,1070,271Bh,  ,125860#      , 380#      ,            ,           ,  , , ,   2.9   , s, 1.9    ,              ,5,2013, A=100
271,1080,271Hs,  ,127690#      , 280#      ,            ,           ,  , , ,  10#    , s,        ,              ,,2008, A ?;SF ?
271,1090,271Mt,  ,131100#      , 330#      ,            ,           ,  , , , 400#    ,ms,        ,              ,,, A ?
271,1100,271Ds,  ,135950#      , 100#      ,            ,           ,  ,*,&, 144     ,ms, 53     ,              ,5,1998, SF=75;A=25
271,1101,271Ds,m ,136020#      , 100#      ,   68       ,  27       ,AD,*,&,   1.7   ,ms, 0.4    ,              ,5,1995, A=100
272,1060,272Sg,  ,126520#      , 690#      ,            ,           ,  , , ,   4#    , m,        ,0+            ,,, A ?;SF ?
272,1070,272Bh,  ,128790#      , 530#      ,            ,           ,  , , ,  11.3   , s, 1.8    ,              ,19,2004, A~100
272,1080,272Hs,  ,129000#      , 510#      ,            ,           ,  , , ,  10#    , s,        ,0+            ,,, A ?;SF ?
272,1090,272Mt,  ,133480#      , 490#      ,            ,           ,  , , , 400#    ,ms,        ,              ,,, A ?;SF ?
272,1100,272Ds,  ,136080#      , 420#      ,            ,           ,  , , , 200#    ,ms,        ,0+            ,,, SF ?
272,1110,272Rg,  ,142770#      , 230#      ,            ,           ,  , , ,   4.2   ,ms, 1.1    ,              ,19,1995, A=100
273,1060,273Sg,  ,129920#      , 400#      ,            ,           ,  , , ,   5#    , m,        ,              ,,, SF ?
273,1070,273Bh,  ,130680#      , 660#      ,            ,           ,  , , ,   1#    , m,        ,              ,,, A ?;SF ?
273,1080,273Hs,  ,131770#      , 370#      ,            ,           ,  , , ,1060     ,ms, 500    ,              ,15,2010, A~100; SF ?
273,1083,273Hs,p ,131970#      , 390#      ,  200#      , 100#      ,  , , ,         ,  ,        ,              ,,, A ?;SF ?
273,1090,273Mt,  ,134780#      , 420#      ,            ,           ,  , , , 800#    ,ms,        ,              ,,, A ?;SF ?
273,1100,273Ds,  ,138290#      , 140#      ,            ,           ,  , , , 240     ,us, 100    ,              ,5,1996, A~100
273,1101,273Ds,m ,138490#      , 140#      ,  198       ,  20       ,EU, , , 120     ,ms,        ,              ,5,1996, A=100
273,1110,273Rg,  ,142890#      , 400#      ,            ,           ,  , , ,   2#    ,ms,        ,              ,,, A ?
274,1070,274Bh,  ,133760#      , 580#      ,            ,           ,  , , ,  57     , s, 27     ,              ,19,2010, A=100
274,1080,274Hs,  ,133410#      , 470#      ,            ,           ,  , , , 500#    ,ms,        ,0+            ,,, A ?;SF ?
274,1090,274Mt,  ,137250#      , 380#      ,            ,           ,  , , , 850     ,ms, 540    ,              ,19,2007, A=100
274,1100,274Ds,  ,139200#      , 390#      ,            ,           ,  , , ,  10#    ,ms,        ,0+            ,,, A ?;SF ?
274,1110,274Rg,  ,144610#      , 210#      ,            ,           ,  , , ,  20     ,ms, 11     ,              ,5,2004, A~100
275,1070,275Bh,  ,135780#      , 600#      ,            ,           ,  , , ,   1#    , m,        ,5/2-#         ,,, SF ?
275,1080,275Hs,  ,136490#      , 590#      ,            ,           ,  , , , 280     ,ms, 130    ,              ,5,2004, A=100
275,1083,275Hs,p ,136750#      , 600#      ,  260#      , 100#      ,  , , ,       ,,,,,,
275,1090,275Mt,  ,138770#      , 390#      ,            ,           ,  , , ,  31     ,ms, 17     ,              ,5,2004, A=100
275,1100,275Ds,  ,141670#      , 340#      ,            ,           ,  , , ,  10#    ,ms,        ,              ,,, A ?;SF ?
275,1110,275Rg,  ,145400#      , 450#      ,            ,           ,  , , ,   5#    ,ms,        ,              ,,, A ?
276,1070,276Bh,  ,138950#      , 600#      ,            ,           ,  , , ,  60#    , s,        ,              ,,, A ?;SF ?
276,1080,276Hs,  ,138190#      , 720#      ,            ,           ,  , , , 100#    ,ms,        ,0+            ,,, A ?;SF ?
276,1090,276Mt,  ,141310#      , 530#      ,            ,           ,  ,*, , 700     ,ms, 80     ,              ,19,2004, A=100
276,1091,276Mt,m ,141560#      , 540#      ,  250       ,  80       ,AD,*, ,   7     , s, 3      ,              ,19,2012, A=100
276,1100,276Ds,  ,142540#      , 550#      ,            ,           ,  , , ,  16#    ,ms,        ,0+            ,,, A ?;SF ?
276,1110,276Rg,  ,147390#      , 630#      ,            ,           ,  , , ,  10#    ,ms,        ,              ,,, A ?;SF ?
276,1120,276Cn,  ,150360#      , 500#      ,            ,           ,  , , , 100#    ,us,        ,0+            ,,, A ?;SF ?
277,1070,277Bh,  ,141100#      , 600#      ,            ,           ,  , , ,  10#    , s,        ,              ,,, A ?;SF ?
277,1080,277Hs,  ,141380#      , 450#      ,            ,           ,  ,*, ,  12     ,ms, 9      ,              ,14,2010, SF~100; A ?
277,1081,277Hs,m ,141480#      , 460#      ,  100#      , 100#      ,  ,*, , 130     , s, 100    ,              ,14,2012, SF=100
277,1083,277Hs,p ,142000#      , 490#      ,  620#      , 200#      ,  , , ,       ,,,,,,
277,1090,277Mt,  ,143010#      , 660#      ,            ,           ,  , , ,   9     , s, 6      ,              ,14,2013, SF=100;A ?
277,1100,277Ds,  ,145090#      , 390#      ,            ,           ,  , , ,   6     ,ms, 3      ,              ,15,2010, A~100;SF ?
277,1110,277Rg,  ,148410#      , 470#      ,            ,           ,  , , ,   4#    ,ms,        ,              ,,, A ?;SF ?
277,1120,277Cn,  ,152330#      , 150#      ,            ,           ,  , , , 790     ,us, 330    ,              ,5,1996, A=100
278,1070,278Bh,  ,144370#      , 400#      ,            ,           ,  , , ,   2#    , s,        ,              ,19,2016, SF~100; A ?
278,1080,278Hs,  ,143220#      , 300#      ,            ,           ,  , , ,   2#    , s,        ,0+            ,19,2016, SF~100; A ?
278,1090,278Mt,  ,145770#      , 580#      ,            ,           ,  , , ,   6     , s, 3      ,              ,19,2010, A=100
278,1093,278Mt,p ,146160#      , 590#      ,  390#      , 100#      ,  , , ,       ,,,,,,
278,1100,278Ds,  ,146250#      , 510#      ,            ,           ,  , , , 270#    ,ms,        ,0+            ,,, A ?;SF ?
278,1110,278Rg,  ,150520#      , 390#      ,            ,           ,  , , ,   8     ,ms, 5      ,              ,19,2007, A=100
278,1120,278Cn,  ,152840#      , 440#      ,            ,           ,  , , ,   2#    ,ms,        ,0+            ,,, A ?;SF ?
278,1130,278Nh,  ,159030#      , 220#      ,            ,           ,  , , ,   2.3   ,ms, 1.3    ,              ,19,2004, A~100
279,1080,279Hs,  ,146500#      , 600#      ,            ,           ,  , , ,   1#    , s,        ,              ,,, A ?;SF ?
279,1090,279Mt,  ,147590#      , 670#      ,            ,           ,  , , ,  20#    , s,        ,              ,,, A ?;SF ?
279,1100,279Ds,  ,149020#      , 610#      ,            ,           ,  , , , 210     ,ms, 40     ,              ,5,2004, SF=88 5;A=12 5
279,1103,279Ds,p ,149250#      , 610#      ,  230#      , 100#      ,  , , ,       ,,,,,,
279,1110,279Rg,  ,151720#      , 420#      ,            ,           ,  , , , 170     ,ms, 110    ,              ,5,2004, A=100
279,1113,279Rg,p ,151760#      , 430#      ,   40#      , 100#      ,  , , ,       ,,,,,,
279,1120,279Cn,  ,155020#      , 400#      ,            ,           ,  , , ,  60#    ,us,        ,              ,,, A ?;SF ?
279,1130,279Nh,  ,159460#      , 600#      ,            ,           ,  , , ,   1#    ,ms,        ,              ,,, A ?;SF ?
280,1080,280Hs,  ,148420#      , 600#      ,            ,           ,  , , , 100#    ,ms,        ,0+            ,,, A ?;SF ?
280,1090,280Mt,  ,150510#      , 600#      ,            ,           ,  , , ,  10#    , s,        ,              ,,, A ?;SF ?
280,1100,280Ds,  ,150320#      , 750#      ,            ,           ,  , , ,  25     ,ms, 20     ,0+            ,19,1999, SF=100
280,1110,280Rg,  ,153890#      , 530#      ,            ,           ,  , , ,   4.3   , s, 0.5    ,              ,19,2004, A=100
280,1120,280Cn,  ,155650#      , 580#      ,            ,           ,  , , ,   5#    ,ms,        ,0+            ,,, A ?;SF ?
280,1130,280Nh,  ,161240#      , 400#      ,            ,           ,  , , ,  10#    ,ms,        ,              ,,, A ?;SF ?
281,1090,281Mt,  ,152400#      , 600#      ,            ,           ,  , , ,   1#    , s,        ,              ,,, A ?;SF ?
281,1100,281Ds,  ,153270#      , 490#      ,            ,           ,  ,*, ,  14     , s, 3      ,              ,5,2004, SF=90 7;A=10 7
281,1101,281Ds,m ,153350#      , 460#      ,   80#      , 240#      ,  ,*, ,   0.9   , s, 0.7    ,              ,,2012, A=100
281,1103,281Ds,p ,153340#      , 500#      ,   70#      , 100#      ,  , , ,       ,,,,,,
281,1110,281Rg,  ,155330#      , 770#      ,            ,           ,  , , ,  19     , s, 5      ,              ,10,2010, SF=87 8;A=13 8
281,1120,281Cn,  ,157950#      , 400#      ,            ,           ,  , , , 180     ,ms, 80     ,              ,15,2010, A~100;SF ?
281,1130,281Nh,  ,161810#      , 300#      ,            ,           ,  , , , 100#    ,ms,        ,              ,,, A ?;SF ?
282,1090,282Mt,  ,155460#      , 450#      ,            ,           ,  , , , 100#    ,ms,        ,              ,19,2016, A~100; SF ?
282,1100,282Ds,  ,154790#      , 300#      ,            ,           ,  , , ,   4.2   , m, 3.3    ,0+            ,19,2016, A~100; SF ?
282,1110,282Rg,  ,157740#      , 590#      ,            ,           ,  , , , 130     , s, 50     ,              ,19,2010, A=100
282,1120,282Cn,  ,158830#      , 550#      ,            ,           ,  , , ,   1.1   ,ms, 0.3    ,0+            ,19,2004, SF~100; A ?
282,1130,282Nh,  ,163730#      , 400#      ,            ,           ,  , , , 140     ,ms, 90     ,              ,19,2007, A=100
283,1100,283Ds,  ,157830#      , 500#      ,            ,           ,  , , ,   1#    , m,        ,              ,,, A ?;SF ?
283,1110,283Rg,  ,159380#      , 680#      ,            ,           ,  , , ,   2#    , m,        ,              ,,, A ?;SF ?
283,1120,283Cn,  ,161340#      , 620#      ,            ,           ,  , , ,   4.7   , s, 0.8    ,              ,6,2004, A=81;SF=19
283,1130,283Nh,  ,164560#      , 440#      ,            ,           ,  , , , 140     ,ms, 90     ,              ,5,2004, A=100
284,1100,284Ds,  ,159460#      , 500#      ,            ,           ,  , , ,   1#    , m,        ,0+            ,,, A ?;SF ?
284,1110,284Rg,  ,161970#      , 500#      ,            ,           ,  , , ,   1#    , m,        ,              ,,, A ?;SF ?
284,1120,284Cn,  ,162420#      , 760#      ,            ,           ,  , , , 102     ,ms, 17     ,0+            ,19,2004, SF=100
284,1130,284Nh,  ,166590#      , 530#      ,            ,           ,  , , ,   0.97  , s, 0.11   ,              ,19,2004, A=100
284,1140,284Fl,  ,168780#      , 660#      ,            ,           ,  , , ,   3.1   ,ms, 1.3    ,0+            ,19,2015, SF~100;A ?
285,1110,285Rg,  ,163730#      , 600#      ,            ,           ,  , , ,  30#    , s,        ,              ,,, A ?;SF ?
285,1120,285Cn,  ,165090#      , 510#      ,            ,           ,  ,*, ,  30     , s, 8      ,              ,5,2004, A=100
285,1121,285Cn,m ,165620#      , 460#      ,  530#      , 270#      ,  ,*, ,  15     , s, 12     ,              ,,2012, A=100
285,1130,285Nh,  ,167770#      , 780#      ,            ,           ,  , , ,   4.6   , s, 1.1    ,              ,10,2010, A=100
285,1140,285Fl,  ,170930#      , 400#      ,            ,           ,  , , , 210     ,ms, 100    ,              ,15,2010, A~100;SF<20
286,1110,286Rg,  ,166510#      , 460#      ,            ,           ,  , , ,  10#    , s,        ,              ,19,2016, A~100;SF ?
286,1120,286Cn,  ,166450#      , 700#      ,            ,           ,  , , ,  30     , s, 30     ,0+            ,19,2016, A~100;SF ?
286,1130,286Nh,  ,169960#      , 590#      ,            ,           ,  , , ,  12     , s, 5      ,              ,19,2010, A=100
286,1140,286Fl,  ,171610#      , 550#      ,            ,           ,  , , , 130     ,ms, 30     ,0+            ,19,2004, A=59 11;SF=41 11
287,1120,287Cn,  ,169370#      , 700#      ,            ,           ,  , , ,  30#    , s,        ,              ,,, A ?;SF ?
287,1130,287Nh,  ,171460#      , 710#      ,            ,           ,  , , ,  20#    , s,        ,              ,,, A ?;SF ?
287,1140,287Fl,  ,173930#      , 620#      ,            ,           ,  , , , 510     ,ms, 120    ,              ,5,2004, A~100; SF ?
287,1150,287Mc,  ,177750#      , 440#      ,            ,           ,  , , ,  60     ,ms, 30     ,              ,5,2004, A=100
288,1120,288Cn,  ,170930#      , 700#      ,            ,           ,  , , ,  10#    , s,        ,0+            ,,, A ?;SF ?
288,1130,288Nh,  ,173970#      , 700#      ,            ,           ,  , , ,  20#    , s,        ,              ,,, A ?;SF ?
288,1140,288Fl,  ,174920#      , 760#      ,            ,           ,  , , , 653     ,ms, 113    ,0+            ,19,2004, A~100; SF ?
288,1150,288Mc,  ,179670#      , 540#      ,            ,           ,  , , , 177     ,ms, 20     ,              ,19,2004, A=100
289,1130,289Nh,  ,175550#      , 500#      ,            ,           ,  , , ,  30#    , s,        ,              ,,, A ?;SF ?
289,1140,289Fl,  ,177470#      , 510#      ,            ,           ,  , , ,   2.1   , s, 0.6    ,              ,5,2004, A~100;SF ?
289,1141,289Fl,m ,178220#      , 470#      ,  750#      , 280#      ,  , , ,   1.1   , s, 0.8    ,              ,,2012, A=100
289,1150,289Mc,  ,180680#      , 780#      ,            ,           ,  , , , 410     ,ms, 150    ,              ,10,2010, A=100
289,1160,289Lv,  ,184460#      , 500#      ,            ,           ,RN, , ,  16#    ,ms,        ,              ,0,, A ?
290,1130,290Nh,  ,178320#      , 470#      ,            ,           ,  , , ,   8     , s, 6      ,              ,19,2016, A~100; SF<50
290,1140,290Fl,  ,178730#      , 700#      ,            ,           ,  , , ,  80     , s, 60     ,0+            ,19,2016, A~100; SF ?; B+<50
290,1150,290Mc,  ,182790#      , 590#      ,            ,           ,  , , , 840     ,ms, 360    ,              ,19,2010, A=100
290,1160,290Lv,  ,185030#      , 550#      ,            ,           ,  , , ,   9     ,ms, 3      ,0+            ,19,2004, A~100; SF ?
291,1140,291Fl,  ,181500#      , 700#      ,            ,           ,  , , ,  10#    , s,        ,              ,,, A ?;SF ?
291,1150,291Mc,  ,184180#      , 740#      ,            ,           ,  , , ,   1#    , s,        ,              ,,, A ?;SF ?
291,1160,291Lv,  ,187240#      , 620#      ,            ,           ,  , , ,  26     ,ms, 12     ,              ,5,2004, A~100;SF ?
291,1170,291Ts,  ,191650#      , 600#      ,            ,           ,  , , ,   2#    ,ms,        ,              ,,, A ?;SF ?
292,1150,292Mc,  ,186600#      , 700#      ,            ,           ,  , , ,   5#    , s,        ,              ,,, A ?;SF ?
292,1160,292Lv,  ,188130#      , 760#      ,            ,           ,  , , ,  16     ,ms, 6      ,0+            ,19,2004, A~100; SF ?
292,1170,292Ts,  ,193620#      , 670#      ,            ,           ,  , , ,  10#    ,ms,        ,              ,,, A ?;SF ?
293,1160,293Lv,  ,190570#      , 520#      ,            ,           ,  , , ,  70     ,ms, 30     ,              ,5,2004, A~100; SF ?
293,1161,293Lv,m ,191290#      , 470#      ,  720#      , 290#      ,  , , ,  80     ,ms, 60     ,              ,,2012, A=100
293,1170,293Ts,  ,194430#      , 780#      ,            ,           ,  , , ,  25     ,ms, 6      ,              ,10,2010, A=100
293,1180,293Og,  ,198800#      , 710#      ,            ,           ,RN, , ,   1#    ,ms,        ,              ,0,2010, A ?
294,1170,294Ts,  ,196400#      , 590#      ,            ,           ,  , , ,  70     ,ms, 30     ,              ,19,2010, A=100
294,1180,294Og,  ,199320#      , 550#      ,            ,           ,  , , ,    0.7  ,ms, 0.3    ,0+            ,5,2004, A~100; SF ?
295,1180,295Og,  ,201370#      , 660#      ,            ,           ,  , , ,  680    ,ms, 540    ,              ,,2006, A~100
